date,avg_nitrogen_dioxide,max_nitrogen_dioxide,min_nitrogen_dioxide,max_time_nitrogen_dioxide,min_time_nitrogen_dioxide,avg_ozone,max_ozone,min_ozone,max_time_ozone,min_time_ozone,avg_sulphur_dioxide,max_sulphur_dioxide,min_sulphur_dioxide,max_time_sulphur_dioxide,min_time_sulphur_dioxide,avg_pm2_5,max_pm2_5,min_pm2_5,max_time_pm2_5,min_time_pm2_5,avg_pm10,max_pm10,min_pm10,max_time_pm10,min_time_pm10,pm2_5_avgdRolls,pm10_avgdRolls,eaqi,nitrogen_dioxide_eaqi,ozone_eaqi,sulphur_dioxide_eaqi,pm2_5_eaqi,pm10_eaqi,avg_temperature_2m,min_temperature_2m,max_temperature_2m,avg_apparent_temperature,avg_relative_humidity_2m,avg_dew_point_2m,sum_precipitation,sum_rain,avg_pressure_msl,avg_surface_pressure,avg_cloud_cover,sum_et0_fao_evapotranspiration,avg_vapour_pressure_deficit,max_wind_speed_10m,max_wind_speed_100m,avg_wind_direction_10m,avg_wind_direction_100m,max_wind_gusts_10m,avg_soil_temperature_0_to_7cm,avg_soil_temperature_7_to_28cm,avg_soil_moisture_0_to_7cm,avg_soil_moisture_7_to_28cm,avg_shortwave_radiation,avg_direct_radiation,avg_diffuse_radiation,avg_direct_normal_irradiance,avg_global_tilted_irradiance,avg_terrestrial_radiation
2020-01-01,50.6125,69.3,35.9,19:00:00,07:00:00,5.458333333333333,25.0,0.0,15:00:00,01:00:00,4.783333333333333,6.6,3.4,00:00:00,23:00:00,44.39166666666667,69.6,30.0,02:00:00,16:00:00,54.55,76.3,38.7,22:00:00,06:00:00,57.90694444444444,65.78993055555556,5,2,1,1,5,4,1.0,-2.3,7.5,-2.4478260869565216,83.73913043478261,-1.547826086956522,0.0,0.0,1031.695652173913,1013.2608695652174,0.0,0.64,0.1230434782608695,9.8,19.8,141.04347826086956,146.17391304347825,21.2,0.7695652173913043,3.030434782608696,0.366695652173913,0.3751304347826087,80.34782608695652,63.78260869565217,16.565217391304348,230.8304347826087,80.34782608695652,127.11739130434783
2020-01-02,56.67083333333333,69.5,45.0,22:00:00,12:00:00,3.875,16.0,0.0,14:00:00,00:00:00,4.329166666666667,5.8,3.1,22:00:00,00:00:00,45.80833333333334,57.8,34.0,00:00:00,15:00:00,59.91666666666666,73.5,45.9,00:00:00,06:00:00,45.2046875,57.76597222222222,4,2,1,1,4,4,0.2916666666666667,-3.1,6.7,-3.15,78.83333333333333,-3.1291666666666664,0.0,0.0,1033.275,1014.7541666666666,2.375,0.66,0.1520833333333333,10.0,14.6,264.5416666666667,238.125,18.0,-0.7708333333333334,1.425,0.3717916666666667,0.3782083333333333,75.79166666666667,59.625,16.166666666666668,214.45416666666665,75.79166666666667,122.45416666666668
2020-01-03,59.3125,80.0,42.5,20:00:00,07:00:00,1.9583333333333333,7.0,0.0,14:00:00,04:00:00,5.325,6.9,3.6,11:00:00,01:00:00,49.833333333333336,61.6,39.9,23:00:00,15:00:00,57.645833333333336,66.5,43.1,19:00:00,05:00:00,47.18090277777778,58.237326388888896,4,2,1,1,4,4,1.3166666666666669,-2.2,7.7,-2.0,82.29166666666667,-1.4916666666666665,0.0,0.0,1028.0875,1009.7291666666666,28.83333333333333,0.56,0.1354166666666666,9.9,19.9,296.125,278.25,14.4,-0.2375,1.4708333333333332,0.3769583333333333,0.3797083333333333,59.75,28.041666666666668,31.70833333333333,96.87083333333334,59.75,123.14583333333331
2020-01-04,49.55833333333334,66.7,40.4,18:00:00,06:00:00,4.5,15.0,0.0,15:00:00,06:00:00,3.954166666666667,4.9,1.9,04:00:00,23:00:00,26.741666666666664,62.6,10.3,00:00:00,23:00:00,30.941666666666663,66.1,11.8,00:00:00,23:00:00,41.88541666666666,48.47291666666666,4,2,1,1,4,3,3.954166666666667,-2.4,9.0,0.3583333333333333,73.83333333333333,-0.6208333333333332,0.0,0.0,1024.3125,1006.1833333333334,7.0,1.03,0.2458333333333333,18.7,37.8,290.75,286.125,32.4,2.283333333333333,2.5708333333333333,0.3807083333333333,0.3834583333333333,74.20833333333333,56.29166666666666,17.916666666666668,202.57916666666665,74.20833333333333,123.8875
2020-01-05,54.425,83.8,38.5,21:00:00,03:00:00,8.791666666666666,34.0,0.0,15:00:00,07:00:00,3.1208333333333336,4.2,1.7,21:00:00,02:00:00,19.416666666666668,42.3,4.6,22:00:00,04:00:00,24.23333333333333,51.3,4.9,21:00:00,04:00:00,15.741493055555557,19.141493055555557,2,2,1,1,2,1,5.483333333333333,1.3,10.7,1.9208333333333332,64.70833333333333,-1.025,0.0,0.0,1027.9666666666667,1009.8791666666666,0.5,1.2,0.34375,13.8,31.9,122.25,97.29166666666669,24.1,3.75,3.775,0.3757083333333333,0.3810833333333334,77.91666666666667,61.54166666666666,16.375,218.57916666666665,77.91666666666667,124.6875
2020-01-06,48.18333333333334,61.5,34.6,23:00:00,14:00:00,5.166666666666667,23.0,0.0,14:00:00,00:00:00,3.2416666666666667,5.1,2.2,21:00:00,00:00:00,37.16666666666666,59.0,27.1,23:00:00,06:00:00,44.24166666666667,65.7,28.2,23:00:00,06:00:00,30.269618055555554,37.395833333333336,4,2,1,1,4,2,1.7291666666666667,-2.3,6.2,-1.3125,88.33333333333333,-0.0666666666666666,0.0,0.0,1031.9791666666667,1013.575,1.4583333333333333,0.61,0.0908333333333333,11.8,21.0,165.04166666666666,109.875,22.3,1.8375,3.1291666666666664,0.3733333333333333,0.378625,78.08333333333333,61.583333333333336,16.5,217.35,78.08333333333333,125.52916666666664
2020-01-07,49.81666666666666,65.4,38.9,23:00:00,06:00:00,3.333333333333333,13.0,0.0,14:00:00,00:00:00,4.525,7.1,2.8,12:00:00,05:00:00,58.7375,75.3,46.6,23:00:00,16:00:00,66.47916666666667,82.1,55.8,22:00:00,17:00:00,50.00989583333333,57.16736111111111,5,2,1,1,5,4,-0.8500000000000001,-2.8,3.9,-4.05,93.875,-1.7458333333333331,0.0,0.0,1028.4541666666669,1009.9458333333332,45.16666666666666,0.43,0.04125,10.2,12.8,204.75,218.25,15.8,-0.5791666666666667,1.825,0.3718333333333333,0.3766666666666666,59.208333333333336,31.83333333333333,27.375,110.68333333333334,59.208333333333336,126.40833333333336
2020-01-08,57.19583333333333,69.1,42.9,02:00:00,12:00:00,2.5,11.0,0.0,12:00:00,00:00:00,4.854166666666667,6.6,2.9,20:00:00,07:00:00,54.6625,78.5,37.4,23:00:00,07:00:00,62.958333333333336,79.8,40.5,21:00:00,07:00:00,56.10208333333333,64.12222222222222,5,2,1,1,5,4,-1.1375,-4.0,3.7,-4.425,91.125,-2.475,0.0,0.0,1031.7875,1013.2,45.125,0.48,0.0570833333333333,13.1,23.0,235.08333333333331,229.41666666666663,23.0,-1.491666666666667,0.9041666666666668,0.3705416666666667,0.3752916666666666,63.125,36.333333333333336,26.791666666666668,124.82916666666668,63.125,127.34166666666664
2020-01-09,60.89166666666667,80.8,40.5,16:00:00,05:00:00,1.9166666666666667,9.0,0.0,15:00:00,00:00:00,5.1375,7.3,3.6,23:00:00,02:00:00,60.84166666666667,82.9,44.4,00:00:00,16:00:00,65.01666666666667,81.1,47.2,01:00:00,16:00:00,61.253993055555554,66.23454861111111,5,2,1,1,5,4,0.0749999999999999,-3.8,7.7,-3.4166666666666665,81.16666666666667,-3.0625,0.0,0.0,1027.8916666666669,1009.4583333333334,31.375,0.68,0.14625,9.4,15.9,280.2916666666667,278.7916666666667,18.0,-2.0708333333333333,0.3208333333333333,0.369625,0.374125,72.33333333333333,48.958333333333336,23.375,168.775,72.33333333333333,128.32083333333333
2020-01-10,65.07083333333334,77.0,54.6,00:00:00,06:00:00,1.5416666666666667,7.0,0.0,12:00:00,00:00:00,5.391666666666667,7.3,3.7,00:00:00,05:00:00,45.82083333333333,67.0,33.5,23:00:00,13:00:00,51.7625,69.8,37.5,23:00:00,06:00:00,49.22048611111112,55.286111111111104,4,2,1,1,4,4,2.5291666666666663,-1.4,7.3,-0.3,89.83333333333333,0.9833333333333334,0.2,0.2,1025.0416666666667,1006.8208333333332,60.91666666666666,0.45,0.0825,9.9,12.5,252.375,222.54166666666663,15.1,0.1208333333333333,0.4541666666666666,0.3699583333333333,0.3735416666666666,44.708333333333336,22.416666666666668,22.291666666666668,79.24166666666666,44.708333333333336,129.35
2020-01-11,68.20416666666667,87.3,47.3,21:00:00,08:00:00,2.9166666666666665,14.0,0.0,14:00:00,00:00:00,5.583333333333333,6.6,4.0,09:00:00,22:00:00,53.625,70.8,43.0,02:00:00,07:00:00,57.29583333333333,70.8,45.4,02:00:00,11:00:00,52.16423611111111,56.8859375,5,2,1,1,5,4,1.4875,-2.5,8.6,-1.3791666666666664,88.58333333333333,-0.2791666666666667,0.0,0.0,1028.8166666666668,1010.4583333333334,0.5416666666666666,0.7100000000000001,0.0945833333333333,8.4,12.4,273.75,249.08333333333331,10.8,0.5875,1.0833333333333333,0.368125,0.3724583333333333,82.125,64.79166666666667,17.333333333333332,222.88333333333333,82.125,130.47083333333333
2020-01-12,60.3,84.7,46.2,00:00:00,13:00:00,5.291666666666667,26.0,0.0,14:00:00,00:00:00,3.7083333333333335,5.1,2.6,00:00:00,06:00:00,40.15833333333333,58.9,22.7,21:00:00,06:00:00,44.770833333333336,63.0,24.2,23:00:00,06:00:00,43.78125,47.75694444444445,4,2,1,1,4,3,1.2916666666666667,-2.3,8.1,-1.9666666666666663,80.625,-1.8583333333333332,0.0,0.0,1029.3166666666666,1010.9291666666668,4.791666666666667,0.74,0.1541666666666666,11.7,18.0,85.45833333333333,115.375,14.4,-0.625,0.7333333333333334,0.3667083333333333,0.37125,83.875,66.54166666666667,17.333333333333332,227.425,83.875,131.67083333333332
2020-01-13,65.70416666666667,81.0,46.8,10:00:00,05:00:00,2.833333333333333,13.0,0.0,14:00:00,00:00:00,4.8500000000000005,6.7,3.5,08:00:00,17:00:00,60.5125,87.6,46.4,23:00:00,04:00:00,65.40833333333333,91.6,51.3,23:00:00,05:00:00,50.12395833333333,55.05572916666667,5,2,1,1,5,4,0.7000000000000001,-3.1,6.6,-2.254166666666667,81.08333333333333,-2.3000000000000003,0.0,0.0,1026.7708333333333,1008.3958333333334,10.166666666666666,0.68,0.14125,6.9,6.5,220.75,216.91666666666663,11.5,-0.65,0.5291666666666667,0.3659166666666666,0.3703749999999999,80.08333333333333,57.083333333333336,23.0,190.10833333333332,80.08333333333333,132.90416666666667
2020-01-14,63.9125,73.6,53.0,00:00:00,06:00:00,1.5416666666666667,6.0,0.0,13:00:00,00:00:00,5.670833333333333,7.0,4.0,00:00:00,04:00:00,75.91666666666667,90.3,54.7,01:00:00,18:00:00,83.69166666666666,96.3,61.6,02:00:00,18:00:00,71.67534722222221,78.08298611111111,5,2,1,1,5,4,1.8916666666666664,-3.1,4.5,-0.7791666666666667,89.66666666666667,0.3333333333333333,0.0,0.0,1026.3208333333334,1008.0333333333332,94.58333333333331,0.29,0.07625,6.3,12.8,253.70833333333331,226.58333333333331,11.5,0.8458333333333333,0.9583333333333334,0.365,0.3699583333333333,23.875,3.8333333333333335,20.041666666666668,11.308333333333332,23.875,134.18333333333334
2020-01-15,52.645833333333336,59.9,42.4,18:00:00,07:00:00,1.1666666666666667,4.0,0.0,13:00:00,03:00:00,4.8375,5.8,3.7,22:00:00,00:00:00,66.9875,81.1,50.7,00:00:00,17:00:00,78.86666666666666,98.9,64.4,00:00:00,16:00:00,71.71684027777778,81.32743055555555,5,2,1,1,5,4,3.4375,1.7,5.4,1.1708333333333334,91.0,2.083333333333333,0.0,0.0,1029.1833333333334,1010.95,99.125,0.27,0.07375,6.2,12.3,219.5,247.375,12.2,2.908333333333333,2.520833333333333,0.36725,0.3715833333333333,18.541666666666668,1.625,16.916666666666668,5.6125,18.541666666666668,135.54583333333332
2020-01-16,65.925,79.8,49.2,20:00:00,01:00:00,2.75,12.0,0.0,15:00:00,00:00:00,5.170833333333333,6.9,3.2,10:00:00,00:00:00,55.3625,66.6,42.5,11:00:00,16:00:00,61.32916666666667,76.8,45.8,00:00:00,16:00:00,59.97430555555556,69.63420138888888,5,2,1,1,5,4,3.1333333333333333,-1.3,8.4,0.5666666666666668,91.25,1.775,0.0,0.0,1031.0291666666667,1012.7458333333334,38.583333333333336,0.63,0.0804166666666666,7.3,16.8,269.125,264.1666666666667,12.6,3.3833333333333333,3.520833333333333,0.3723333333333333,0.3754166666666667,69.95833333333333,46.125,23.83333333333333,154.45416666666668,69.95833333333333,136.9958333333333
2020-01-17,67.33749999999999,91.8,52.7,21:00:00,08:00:00,3.7083333333333335,19.0,0.0,15:00:00,00:00:00,5.033333333333333,6.5,3.6,12:00:00,23:00:00,49.9625,71.3,33.6,23:00:00,16:00:00,52.05833333333334,73.5,41.8,23:00:00,13:00:00,51.58680555555555,54.700520833333336,5,2,1,1,5,4,2.0416666666666665,-1.5,8.5,-1.1125,85.79166666666667,-0.2666666666666666,2.5,2.5,1025.9541666666669,1007.675,54.91666666666666,0.7,0.1245833333333333,11.6,20.6,278.5,252.45833333333331,19.1,0.9708333333333332,2.5500000000000003,0.3692916666666666,0.3730833333333334,72.375,49.083333333333336,23.291666666666668,162.3375,72.375,138.5
2020-01-18,58.3625,79.7,33.4,00:00:00,15:00:00,9.666666666666666,37.0,0.0,15:00:00,00:00:00,3.0500000000000003,3.6,2.2,18:00:00,05:00:00,31.52916666666667,66.1,15.8,00:00:00,16:00:00,35.00833333333333,69.4,16.3,00:00:00,17:00:00,42.714930555555554,45.86927083333333,4,2,1,1,4,3,4.245833333333334,1.1,9.0,1.5958333333333332,90.95833333333331,2.829166666666667,14.8,14.8,1023.6708333333332,1005.5791666666668,57.125,0.63,0.08625,12.6,22.4,174.125,182.70833333333331,24.1,3.8166666666666655,3.395833333333333,0.4188749999999999,0.4122083333333333,68.45833333333333,42.458333333333336,26.0,138.6,68.45833333333333,140.05833333333334
2020-01-19,53.20416666666667,70.8,41.4,22:00:00,06:00:00,4.541666666666667,20.0,0.0,15:00:00,00:00:00,3.1291666666666664,3.6,2.6,15:00:00,06:00:00,29.195833333333336,43.6,17.5,00:00:00,07:00:00,32.550000000000004,48.9,22.3,00:00:00,07:00:00,29.252604166666668,32.66979166666667,4,2,1,1,4,2,3.591666666666667,0.3,8.8,0.9916666666666668,89.75,1.9791666666666667,3.5,3.5,1028.7958333333331,1010.5666666666666,74.16666666666667,0.55,0.0945833333333333,12.6,23.4,218.70833333333331,146.45833333333334,22.3,3.7875,4.058333333333333,0.4124583333333333,0.4117916666666666,58.583333333333336,20.416666666666668,38.16666666666666,65.28333333333333,58.583333333333336,141.67083333333332
2020-01-20,56.625,86.2,26.1,23:00:00,15:00:00,13.958333333333334,52.0,0.0,15:00:00,00:00:00,3.516666666666667,4.9,2.2,22:00:00,02:00:00,19.2875,42.8,10.9,23:00:00,16:00:00,23.1125,43.6,12.6,23:00:00,05:00:00,21.83055555555556,25.4890625,3,2,1,1,3,2,3.5666666666666664,-1.4,8.6,-0.1958333333333333,49.75,-6.354166666666667,0.0,0.0,1040.9166666666667,1022.4708333333332,34.791666666666664,1.16,0.4212499999999999,13.4,25.0,113.75,127.33333333333331,22.7,3.083333333333333,3.8375,0.4027083333333334,0.4069583333333333,87.54166666666667,61.04166666666666,26.5,193.74583333333337,87.54166666666667,143.45000000000002
2020-01-21,69.97083333333333,83.0,54.4,19:00:00,06:00:00,4.291666666666667,21.0,0.0,14:00:00,00:00:00,4.783333333333333,6.8,3.2,22:00:00,13:00:00,40.829166666666666,65.6,28.1,23:00:00,15:00:00,47.26666666666667,66.7,33.6,22:00:00,15:00:00,31.540972222222223,36.21319444444445,4,2,1,1,4,2,1.5458333333333334,-2.7,6.5,-1.6291666666666669,70.91666666666667,-3.3375,0.0,0.0,1042.7666666666669,1024.1625,18.0,0.75,0.2204166666666666,7.1,12.5,164.625,158.08333333333334,13.3,1.5291666666666668,2.783333333333333,0.3926666666666666,0.3977916666666667,85.54166666666667,56.958333333333336,28.58333333333333,188.52916666666667,85.54166666666667,145.28333333333333
2020-01-22,67.00833333333334,82.7,50.6,20:00:00,15:00:00,5.291666666666667,27.0,0.0,15:00:00,03:00:00,5.575,7.8,4.2,08:00:00,03:00:00,46.31666666666666,65.3,37.6,00:00:00,15:00:00,51.75416666666666,66.6,40.4,21:00:00,05:00:00,44.70486111111111,50.503125,4,2,1,1,4,4,0.6583333333333333,-3.1,8.6,-3.3708333333333336,66.83333333333333,-5.345833333333334,0.0,0.0,1034.5458333333331,1016.0166666666668,12.833333333333334,1.08,0.2533333333333333,11.1,23.3,284.3333333333333,273.0833333333333,23.8,-0.8250000000000001,1.425,0.3882083333333333,0.393125,93.5,72.04166666666667,21.45833333333333,220.275,93.5,147.15
2020-01-23,74.6875,102.3,54.3,20:00:00,14:00:00,5.875,23.0,0.0,16:00:00,00:00:00,5.141666666666667,6.2,4.0,03:00:00,06:00:00,53.98333333333333,72.3,42.0,23:00:00,14:00:00,60.395833333333336,78.9,48.4,23:00:00,14:00:00,49.18836805555555,55.65399305555555,4,2,1,1,4,4,1.0875,-3.2,7.9,-2.316666666666667,76.83333333333333,-2.7375000000000003,0.0,0.0,1031.4583333333333,1013.025,3.1666666666666665,0.9,0.1804166666666666,11.2,19.5,178.375,134.16666666666666,19.1,-0.2875,0.9083333333333332,0.3853333333333333,0.3905,94.91666666666669,74.25,20.666666666666668,235.5666666666667,94.91666666666669,149.08333333333334
2020-01-24,79.19583333333334,95.9,61.2,18:00:00,06:00:00,2.875,12.0,0.0,14:00:00,00:00:00,5.970833333333334,7.2,4.7,09:00:00,22:00:00,65.35000000000001,93.4,52.0,23:00:00,06:00:00,73.45416666666667,106.3,61.1,23:00:00,15:00:00,59.45798611111112,66.83506944444444,5,2,1,1,5,4,1.0541666666666667,-3.4,6.5,-2.091666666666667,84.875,-1.3083333333333331,0.2,0.2,1027.9375,1009.5666666666666,36.79166666666666,0.71,0.1141666666666666,10.5,21.7,202.375,207.375,17.6,0.525,1.2916666666666667,0.383,0.3875416666666667,80.625,52.583333333333336,28.041666666666668,165.875,80.625,151.05833333333334
2020-01-25,68.87916666666666,78.1,60.2,12:00:00,04:00:00,2.25,10.0,0.0,15:00:00,00:00:00,4.558333333333334,6.3,3.3,21:00:00,03:00:00,72.00833333333334,95.3,53.2,00:00:00,15:00:00,81.75416666666666,100.7,71.3,01:00:00,16:00:00,71.94114583333332,80.56788194444444,5,2,1,1,5,4,3.775,1.5,6.7,1.3166666666666669,88.45833333333333,1.9916666666666665,0.2,0.2,1025.0375,1006.8916666666668,95.70833333333331,0.53,0.0983333333333333,7.4,13.3,225.45833333333331,228.45833333333331,14.8,3.408333333333333,2.9333333333333336,0.3826666666666667,0.379,47.875,8.166666666666666,39.708333333333336,24.695833333333336,47.875,153.07083333333333
2020-01-26,54.2875,71.2,37.1,21:00:00,15:00:00,8.791666666666666,35.0,0.0,15:00:00,00:00:00,4.491666666666666,7.3,2.7,13:00:00,01:00:00,60.2125,83.5,46.3,01:00:00,16:00:00,69.63333333333334,82.3,53.4,01:00:00,17:00:00,65.70364583333334,75.46336805555556,5,2,1,1,5,4,3.8875,-0.6,10.1,1.0875,85.91666666666667,1.5958333333333332,0.0,0.0,1021.6375,1003.55,37.75,0.92,0.1366666666666667,9.0,16.2,285.75,279.875,17.6,4.208333333333333,4.2,0.377375,0.3801666666666667,92.5,68.79166666666667,23.70833333333333,203.99583333333337,92.5,155.11666666666667
2020-01-27,64.22916666666667,86.5,46.3,18:00:00,05:00:00,4.666666666666667,23.0,0.0,15:00:00,00:00:00,5.0875,6.8,4.1,09:00:00,00:00:00,55.125,67.0,48.2,01:00:00,15:00:00,66.06666666666666,80.0,55.7,01:00:00,07:00:00,56.26701388888889,66.66927083333333,5,2,1,1,5,4,4.708333333333333,-0.5,10.2,2.2666666666666666,83.58333333333333,1.9958333333333331,0.4,0.4,1018.5666666666666,1000.5958333333332,48.29166666666666,0.91,0.1666666666666666,9.9,18.0,195.375,212.33333333333331,16.6,4.304166666666666,4.216666666666667,0.3773333333333333,0.3812083333333333,90.04166666666667,65.79166666666667,24.25,188.4625,90.04166666666667,157.20000000000002
2020-01-28,57.0125,74.8,47.3,00:00:00,06:00:00,4.291666666666667,10.0,0.0,15:00:00,00:00:00,3.758333333333333,4.3,3.2,08:00:00,02:00:00,42.09166666666666,59.3,18.9,02:00:00,21:00:00,53.88333333333333,74.8,21.5,02:00:00,18:00:00,51.37760416666666,63.43541666666667,5,2,1,1,5,4,6.041666666666667,1.9,9.7,3.5500000000000003,87.25,4.016666666666667,1.5,1.5,1008.825,991.1083333333332,64.54166666666667,0.6900000000000001,0.1220833333333333,14.0,29.4,227.29166666666663,235.58333333333331,24.8,6.041666666666667,5.6125,0.3883749999999999,0.3821666666666667,56.54166666666666,21.375,35.166666666666664,63.22916666666666,56.54166666666666,159.32916666666668
2020-01-29,48.895833333333336,85.6,27.4,20:00:00,16:00:00,14.958333333333334,54.0,1.0,16:00:00,20:00:00,3.829166666666667,4.9,2.9,11:00:00,00:00:00,15.0125,25.3,5.8,23:00:00,15:00:00,18.29583333333333,29.1,9.0,00:00:00,14:00:00,24.21875,31.12517361111111,3,2,1,1,3,2,5.245833333333334,0.1,13.0,1.4291666666666665,70.875,0.0125,0.0,0.0,1010.6375,992.8416666666668,2.0,1.41,0.3054166666666666,19.1,30.2,292.125,299.9166666666667,36.7,5.104166666666667,5.2250000000000005,0.3791666666666666,0.3824166666666667,104.08333333333331,82.83333333333333,21.25,246.3625,104.08333333333331,161.57916666666668
2020-01-30,59.99583333333334,75.5,41.9,20:00:00,03:00:00,9.25,27.0,0.0,14:00:00,19:00:00,4.0875,5.9,2.6,10:00:00,05:00:00,26.825,66.6,8.6,23:00:00,05:00:00,30.454166666666666,71.7,10.6,23:00:00,04:00:00,17.450868055555556,20.457291666666663,2,2,1,1,2,2,5.145833333333333,-0.4,10.3,2.1416666666666666,71.58333333333333,0.275,0.0,0.0,1018.5208333333334,1000.575,23.5,1.14,0.25875,13.5,26.7,138.375,151.54166666666666,24.5,4.704166666666667,5.095833333333333,0.3803333333333333,0.384125,96.83333333333331,65.58333333333333,31.25,199.00833333333333,96.83333333333331,163.83333333333334
2020-01-31,61.12916666666666,77.3,41.3,20:00:00,14:00:00,7.583333333333333,30.0,0.0,15:00:00,00:00:00,4.975,7.2,3.0,12:00:00,00:00:00,40.975,72.1,20.4,01:00:00,14:00:00,45.50833333333333,76.1,26.2,01:00:00,15:00:00,40.9328125,45.028125,4,2,1,1,4,3,5.804166666666667,-0.1,13.2,3.3791666666666664,84.41666666666667,3.1625,0.0,0.0,1018.9791666666666,1001.0708333333332,19.541666666666668,1.11,0.1825,8.8,15.9,220.375,226.75,19.1,5.233333333333333,5.133333333333334,0.3809583333333333,0.385,100.83333333333331,77.41666666666667,23.416666666666668,228.8166666666667,100.83333333333331,166.125
2020-02-01,61.73333333333333,68.7,50.1,00:00:00,23:00:00,1.7916666666666667,8.0,0.0,13:00:00,00:00:00,4.8,7.4,3.6,20:00:00,14:00:00,49.4125,58.4,33.7,12:00:00,15:00:00,52.875,61.7,46.5,01:00:00,16:00:00,43.77517361111112,47.55746527777777,4,2,1,1,4,3,7.4875,4.9,9.6,5.9625,92.20833333333331,6.308333333333334,2.0,2.0,1018.6333333333332,1000.85,78.04166666666667,0.43,0.0825,10.5,23.4,178.25,205.75,17.6,7.025,6.404166666666666,0.3872916666666666,0.384875,29.875,2.583333333333333,27.291666666666668,6.983333333333333,29.875,168.45416666666668
2020-02-02,38.333333333333336,49.4,29.7,00:00:00,11:00:00,6.666666666666667,22.0,0.0,13:00:00,00:00:00,3.6166666666666663,4.3,3.0,00:00:00,05:00:00,27.25,43.3,16.8,00:00:00,17:00:00,31.995833333333334,46.6,18.4,00:00:00,16:00:00,37.22986111111111,41.51545138888888,4,1,1,1,4,3,7.270833333333333,3.4,12.5,5.025,91.08333333333331,5.8875,0.0,0.0,1018.2916666666666,1000.4875,33.791666666666664,0.8,0.0975,12.7,25.7,270.5416666666667,269.75,22.0,6.304166666666667,6.325,0.385,0.3875416666666667,70.91666666666667,35.833333333333336,35.083333333333336,101.19166666666666,70.91666666666667,170.79166666666666
2020-02-03,42.266666666666666,59.4,30.1,20:00:00,06:00:00,4.083333333333333,18.0,0.0,14:00:00,00:00:00,4.6625000000000005,6.8,3.4,11:00:00,06:00:00,27.754166666666663,38.6,19.1,20:00:00,15:00:00,33.97083333333333,45.3,25.3,19:00:00,07:00:00,26.45885416666667,32.00138888888889,4,2,1,1,4,2,9.195833333333333,4.7,16.8,6.9375,86.04166666666667,6.770833333333333,0.0,0.0,1015.4583333333334,997.8291666666668,23.375,1.29,0.2095833333333333,17.0,30.0,229.29166666666663,243.70833333333331,30.2,7.591666666666666,7.108333333333333,0.3755,0.380625,102.29166666666669,76.66666666666667,25.625,219.10416666666663,102.29166666666669,173.16666666666666
2020-02-04,24.27083333333333,39.5,10.0,08:00:00,15:00:00,40.16666666666666,83.0,3.0,14:00:00,07:00:00,1.925,2.9,1.1,08:00:00,15:00:00,18.916666666666668,48.3,2.5,05:00:00,13:00:00,23.870833333333334,60.6,4.0,03:00:00,13:00:00,27.847222222222225,34.72586805555556,4,1,1,1,4,2,7.925,3.3,13.7,2.308333333333333,55.875,-2.8125,0.2,0.2,1011.2208333333332,993.5791666666668,27.45833333333333,2.9,0.5499999999999999,44.3,68.4,257.9166666666667,261.375,77.0,7.683333333333334,7.554166666666666,0.372625,0.37875,110.5,84.75,25.75,243.225,110.5,175.57916666666665
2020-02-05,22.45,41.4,8.8,23:00:00,13:00:00,56.79166666666666,81.0,30.0,14:00:00,08:00:00,2.025,2.7,1.2,01:00:00,11:00:00,5.5125,13.1,2.3,23:00:00,11:00:00,7.183333333333334,17.7,4.0,23:00:00,10:00:00,7.309201388888888,9.507465277777778,2,1,2,1,1,1,7.020833333333333,2.2,12.2,0.7791666666666667,34.833333333333336,-8.049999999999999,0.0,0.0,1022.1083333333332,1004.2208333333332,0.125,3.24,0.6866666666666666,35.3,54.0,299.5,304.4583333333333,66.2,7.1375,7.233333333333333,0.3705833333333333,0.37775,121.95833333333331,99.75,22.20833333333333,282.01666666666665,121.95833333333331,178.0375
2020-02-06,58.69583333333333,91.0,30.7,21:00:00,15:00:00,15.125,50.0,0.0,15:00:00,07:00:00,3.5875,5.8,2.4,09:00:00,00:00:00,20.854166666666668,43.5,10.7,23:00:00,06:00:00,23.995833333333334,47.1,13.7,23:00:00,05:00:00,11.824826388888887,14.431597222222225,2,2,1,1,2,1,3.358333333333333,-1.9,10.7,-0.4375,56.41666666666666,-4.941666666666666,0.0,0.0,1029.1041666666667,1010.8625,7.458333333333333,1.46,0.3816666666666666,10.1,17.3,129.58333333333334,138.83333333333334,20.2,4.879166666666666,6.083333333333333,0.3860833333333333,0.39225,118.375,93.83333333333331,24.541666666666668,258.59166666666664,118.375,180.5583333333333
2020-02-07,65.03750000000001,88.1,33.5,21:00:00,16:00:00,11.166666666666666,49.0,0.0,16:00:00,00:00:00,4.7125,6.9,3.7,11:00:00,14:00:00,32.90833333333333,49.6,19.1,23:00:00,16:00:00,38.125,52.8,20.6,22:00:00,15:00:00,29.565972222222225,33.237500000000004,4,2,1,1,4,2,3.3833333333333333,-2.9,11.0,0.2041666666666667,72.25,-1.4541666666666666,0.0,0.0,1026.8083333333334,1008.5958333333332,0.5,1.28,0.2608333333333333,8.9,17.7,232.66666666666663,233.0,18.0,3.4250000000000003,4.491666666666666,0.3915416666666667,0.3970416666666667,121.41666666666669,98.83333333333331,22.58333333333333,273.8583333333333,121.41666666666669,183.1125
2020-02-08,66.57083333333334,84.5,51.7,23:00:00,16:00:00,7.333333333333333,31.0,0.0,15:00:00,00:00:00,3.8875,5.2,2.8,12:00:00,04:00:00,48.57083333333333,64.4,37.7,23:00:00,07:00:00,51.32916666666667,68.6,37.8,23:00:00,05:00:00,40.31875,43.80190972222223,4,2,1,1,4,3,3.525,-1.6,9.2,0.7458333333333332,76.08333333333333,-0.5,0.0,0.0,1029.0833333333333,1010.85,31.83333333333333,0.91,0.2166666666666666,8.7,15.6,165.70833333333334,135.16666666666666,14.4,3.820833333333333,4.375,0.38425,0.3900833333333333,86.875,37.04166666666666,49.833333333333336,118.11666666666667,86.875,185.69583333333333
2020-02-09,60.333333333333336,77.3,48.0,00:00:00,13:00:00,2.708333333333333,13.0,0.0,13:00:00,00:00:00,3.675,5.1,2.8,12:00:00,03:00:00,61.49583333333334,70.8,52.4,10:00:00,22:00:00,71.40833333333333,81.9,59.3,11:00:00,15:00:00,56.395486111111104,63.01371527777778,5,2,1,1,5,4,3.3125,-2.1,8.3,0.5083333333333333,79.20833333333333,-0.0333333333333333,0.1,0.1,1029.5416666666667,1011.2916666666666,56.91666666666666,0.77,0.1766666666666666,8.1,13.6,310.8333333333333,302.0416666666667,15.5,3.3375,4.029166666666667,0.3845416666666667,0.389625,67.125,41.25,25.875,112.24166666666667,67.125,188.32916666666665
2020-02-10,54.96666666666667,70.6,41.9,21:00:00,16:00:00,5.875,27.0,0.0,17:00:00,00:00:00,3.5,5.0,2.3,21:00:00,02:00:00,37.59166666666667,60.8,19.8,00:00:00,18:00:00,47.91666666666666,79.2,25.3,00:00:00,18:00:00,50.75555555555556,62.86701388888889,5,2,1,1,5,4,6.575,4.2,11.0,4.529166666666667,90.70833333333331,5.091666666666667,2.9,2.9,1016.2708333333334,998.4666666666668,70.70833333333333,0.65,0.1004166666666666,8.9,18.7,276.625,261.375,19.4,6.208333333333333,5.545833333333333,0.3901666666666667,0.3837916666666667,54.708333333333336,17.875,36.833333333333336,49.63333333333333,54.708333333333336,190.9875
2020-02-11,40.75416666666667,60.2,17.9,00:00:00,14:00:00,27.95833333333333,75.0,0.0,14:00:00,00:00:00,3.9166666666666665,6.1,3.0,09:00:00,13:00:00,15.770833333333334,33.5,6.3,00:00:00,13:00:00,22.179166666666664,41.8,9.8,00:00:00,14:00:00,25.12291666666667,32.31302083333333,4,2,1,1,4,2,8.716666666666667,2.8,17.6,5.0125,64.20833333333333,1.3458333333333332,0.0,0.0,1009.4416666666666,991.8916666666668,4.458333333333333,2.14,0.5016666666666666,19.7,32.0,276.0,282.5,35.6,7.120833333333334,6.441666666666666,0.3812083333333333,0.384,122.04166666666669,96.95833333333331,25.08333333333333,257.0541666666667,122.04166666666669,193.67916666666667
2020-02-12,38.0375,80.9,16.9,21:00:00,15:00:00,44.333333333333336,78.0,6.0,15:00:00,20:00:00,2.8666666666666667,3.9,2.1,09:00:00,18:00:00,9.304166666666667,21.1,4.0,23:00:00,16:00:00,13.920833333333334,26.1,6.7,22:00:00,04:00:00,10.4859375,15.597048611111113,2,1,1,1,2,1,8.112499999999999,3.6,14.6,3.2916666666666665,36.91666666666666,-6.0375000000000005,0.0,0.0,1017.6958333333332,999.9583333333334,0.5,2.86,0.71375,19.4,36.7,309.875,320.3333333333333,32.8,7.554166666666667,7.254166666666666,0.3705833333333333,0.3809166666666666,133.25,109.375,23.875,289.2083333333333,133.25,196.39583333333331
2020-02-13,61.63333333333333,78.9,36.5,21:00:00,15:00:00,13.333333333333334,49.0,0.0,14:00:00,02:00:00,4.2375,6.2,2.6,17:00:00,23:00:00,24.879166666666663,48.5,13.1,23:00:00,03:00:00,30.65833333333333,56.4,17.9,23:00:00,05:00:00,16.139930555555555,21.55642361111111,2,2,1,1,2,2,5.379166666666666,-0.1,10.4,2.1416666666666666,61.708333333333336,-1.6708333333333334,0.7,0.7,1018.9,1000.9625,41.833333333333336,1.44,0.3670833333333334,10.9,21.2,143.08333333333334,131.0,22.3,6.05,6.495833333333334,0.3613333333333333,0.3735833333333333,122.33333333333331,89.58333333333333,32.75,223.325,122.33333333333331,199.1375
2020-02-14,49.04166666666666,88.8,26.1,22:00:00,05:00:00,20.08333333333333,53.0,0.0,15:00:00,20:00:00,3.6291666666666655,4.9,2.5,21:00:00,00:00:00,23.5125,49.3,11.0,00:00:00,16:00:00,27.2,51.9,14.3,00:00:00,16:00:00,27.53732638888889,31.96909722222222,4,2,1,1,4,2,7.3625,1.9,14.9,4.283333333333333,73.33333333333333,2.45,0.0,0.0,1018.3625,1000.5583333333334,13.375,1.55,0.3366666666666666,18.1,29.9,248.54166666666663,215.66666666666663,35.3,6.883333333333333,6.754166666666666,0.3748333333333333,0.3759166666666667,132.04166666666666,107.0,25.041666666666668,276.7625,132.04166666666666,201.89166666666665
2020-02-15,55.71666666666667,83.8,31.3,23:00:00,14:00:00,11.5,43.0,0.0,16:00:00,00:00:00,3.3166666666666664,4.2,2.3,00:00:00,03:00:00,29.516666666666666,50.3,15.9,23:00:00,06:00:00,34.3125,57.5,17.7,23:00:00,04:00:00,23.184375,27.52135416666667,3,2,1,1,3,2,5.858333333333333,0.5,12.6,3.0500000000000003,75.625,1.7416666666666665,0.0,0.0,1027.2583333333334,1009.2041666666668,12.875,1.37,0.25625,12.6,21.5,83.41666666666667,93.91666666666669,22.0,5.920833333333333,6.420833333333333,0.3669583333333333,0.3750416666666666,121.79166666666669,81.625,40.16666666666666,220.6,121.79166666666669,204.66666666666663
2020-02-16,53.81666666666666,77.5,31.6,00:00:00,16:00:00,11.083333333333334,49.0,0.0,16:00:00,00:00:00,3.829166666666667,5.3,2.7,13:00:00,04:00:00,40.891666666666666,53.3,23.9,10:00:00,15:00:00,45.84166666666667,61.1,28.3,10:00:00,16:00:00,38.5859375,43.25225694444445,4,2,1,1,4,3,6.191666666666666,0.2,12.1,4.0875,83.70833333333333,3.45,0.0,0.0,1028.3833333333334,1010.3291666666668,36.208333333333336,1.19,0.1920833333333333,8.7,11.7,264.6666666666667,246.41666666666663,16.9,6.029166666666666,6.179166666666667,0.365375,0.3731666666666666,109.54166666666669,60.16666666666666,49.375,145.85833333333332,109.54166666666669,207.45416666666665
2020-02-17,60.65416666666667,67.4,50.8,23:00:00,06:00:00,2.833333333333333,11.0,0.0,13:00:00,01:00:00,3.1041666666666665,3.6,2.0,07:00:00,17:00:00,45.8875,55.5,38.6,08:00:00,17:00:00,51.4375,64.3,43.0,22:00:00,04:00:00,41.71579861111111,47.37482638888889,4,2,1,1,4,3,8.533333333333333,6.8,9.8,7.420833333333333,93.625,7.55,7.1000000000000005,7.1000000000000005,1024.9708333333333,1007.1333333333332,99.58333333333331,0.43,0.0708333333333333,9.0,14.8,215.79166666666663,146.83333333333334,15.1,8.049999999999999,7.458333333333333,0.3892916666666666,0.3754583333333333,30.625,1.0416666666666667,29.58333333333333,2.5458333333333334,30.625,210.24583333333337
2020-02-18,50.94583333333333,74.6,37.2,21:00:00,15:00:00,11.833333333333334,42.0,0.0,17:00:00,00:00:00,3.325,3.9,2.7,05:00:00,02:00:00,36.15833333333333,62.8,16.0,02:00:00,14:00:00,40.97916666666666,68.3,22.3,02:00:00,14:00:00,43.02552083333333,48.23993055555555,4,2,1,1,4,3,8.441666666666666,3.9,14.5,6.6625000000000005,88.375,6.491666666666667,0.1,0.1,1023.5458333333332,1005.7291666666666,19.291666666666668,1.54,0.1554166666666666,9.9,20.6,159.70833333333334,171.20833333333334,21.6,8.708333333333334,8.058333333333334,0.3902916666666667,0.3862083333333333,139.70833333333334,113.08333333333331,26.625,282.49583333333334,139.70833333333334,213.0625
2020-02-19,47.54166666666666,59.7,28.0,20:00:00,16:00:00,16.416666666666668,54.0,0.0,16:00:00,00:00:00,3.404166666666667,5.2,2.2,13:00:00,18:00:00,28.5125,49.0,5.3,01:00:00,16:00:00,36.09583333333333,62.5,9.0,02:00:00,18:00:00,34.57621527777778,41.638020833333336,4,2,1,1,4,3,7.837499999999999,4.8,14.0,5.0,73.375,2.4875000000000003,1.0,1.0,1021.35,1003.5333333333332,27.45833333333333,1.7,0.3216666666666666,12.9,27.6,160.125,159.75,25.2,8.125,8.191666666666666,0.3904166666666667,0.389125,121.66666666666669,82.875,38.79166666666666,201.27916666666667,121.66666666666669,215.8625
2020-02-20,56.9875,106.9,29.5,22:00:00,15:00:00,21.125,53.0,0.0,16:00:00,21:00:00,3.9,5.8,2.3,07:00:00,01:00:00,22.95,44.6,11.3,23:00:00,01:00:00,27.28333333333333,50.5,14.5,22:00:00,01:00:00,19.055208333333333,23.830034722222223,2,2,1,1,2,2,6.529166666666666,1.1,12.3,3.3125,54.54166666666666,-2.379166666666667,0.0,0.0,1024.275,1006.3166666666666,4.541666666666667,1.81,0.4804166666666666,12.2,24.5,128.125,106.20833333333331,20.5,7.225,7.712499999999999,0.3837916666666667,0.38875,142.25,110.79166666666669,31.45833333333333,272.03333333333336,142.25,218.675
2020-02-21,59.38333333333333,83.0,34.8,00:00:00,15:00:00,14.416666666666666,50.0,0.0,16:00:00,00:00:00,4.820833333333334,7.8,3.2,11:00:00,23:00:00,33.34166666666667,55.4,15.5,23:00:00,14:00:00,38.3125,59.8,16.9,23:00:00,14:00:00,31.484201388888888,36.61770833333333,4,2,1,1,4,2,6.604166666666667,0.7,15.2,3.5,73.0,1.5833333333333333,0.0,0.0,1024.1541666666667,1006.2083333333334,6.208333333333333,1.79,0.3329166666666667,12.7,25.6,210.5,206.58333333333331,25.9,6.633333333333333,6.808333333333334,0.376875,0.3834166666666667,147.20833333333334,118.79166666666669,28.416666666666668,286.96250000000003,147.20833333333334,221.48333333333332
2020-02-22,54.575,80.1,29.6,21:00:00,16:00:00,18.875,61.0,0.0,16:00:00,06:00:00,3.3208333333333333,4.8,2.5,10:00:00,05:00:00,40.69166666666667,62.4,31.2,00:00:00,14:00:00,45.17916666666667,57.7,33.4,00:00:00,15:00:00,37.01458333333333,41.6359375,4,2,1,1,4,3,7.066666666666666,2.3,13.2,4.529166666666667,75.20833333333333,2.720833333333333,0.0,0.0,1031.2791666666667,1013.2375,7.583333333333333,1.7,0.29,11.1,24.5,163.875,145.29166666666666,21.6,7.483333333333333,7.433333333333334,0.3705,0.3775416666666666,148.41666666666666,121.08333333333331,27.33333333333333,290.8041666666667,148.41666666666666,224.29166666666663
2020-02-23,40.97916666666666,75.6,14.8,00:00:00,15:00:00,29.25,76.0,0.0,16:00:00,00:00:00,3.654166666666667,4.7,2.6,04:00:00,18:00:00,37.1875,64.2,13.2,04:00:00,18:00:00,42.1,67.9,16.9,03:00:00,18:00:00,43.42673611111112,48.06041666666667,4,2,1,1,4,3,8.625,3.4,15.9,5.658333333333334,80.41666666666667,5.329166666666667,0.0,0.0,1026.1791666666666,1008.325,39.333333333333336,1.57,0.2495833333333333,18.7,29.7,271.625,263.5833333333333,36.0,8.220833333333333,7.795833333333333,0.3587916666666666,0.3675416666666666,120.75,77.83333333333333,42.91666666666666,174.70000000000002,120.75,227.16666666666663
2020-02-24,31.77916666666667,47.7,16.8,20:00:00,03:00:00,40.125,64.0,18.0,15:00:00,08:00:00,3.2458333333333336,5.0,2.4,11:00:00,23:00:00,23.2375,56.9,10.6,23:00:00,16:00:00,27.78333333333333,61.2,14.5,23:00:00,15:00:00,22.47048611111111,27.304166666666664,3,1,1,1,3,2,11.354166666666666,7.2,19.2,8.975,82.04166666666667,8.075000000000001,0.0,0.0,1018.8791666666666,1001.3208333333332,30.33333333333333,1.9,0.3120833333333333,21.1,35.5,206.83333333333331,211.83333333333331,36.7,10.145833333333334,8.970833333333333,0.3574583333333332,0.3652083333333333,149.95833333333334,120.70833333333331,29.25,279.075,149.95833333333334,230.10416666666663
2020-02-25,46.36666666666667,71.9,27.8,20:00:00,04:00:00,20.0,35.0,0.0,15:00:00,22:00:00,4.541666666666667,6.1,3.1,08:00:00,13:00:00,41.97083333333333,63.4,19.4,01:00:00,16:00:00,48.7,68.4,24.8,01:00:00,16:00:00,38.9328125,44.49496527777777,4,2,1,1,4,3,10.266666666666667,7.6,13.4,9.179166666666667,88.0,8.283333333333333,2.1,2.1,1010.0666666666666,992.575,82.83333333333333,0.98,0.165,10.0,15.9,178.29166666666666,222.29166666666663,23.0,10.391666666666667,9.916666666666666,0.3573333333333333,0.360125,73.41666666666667,23.08333333333333,50.333333333333336,56.99583333333334,73.41666666666667,233.05416666666667
2020-02-26,30.620833333333334,51.5,11.4,00:00:00,16:00:00,38.583333333333336,80.0,0.0,16:00:00,00:00:00,3.3791666666666664,5.4,1.6,00:00:00,16:00:00,18.325,47.9,3.8,01:00:00,15:00:00,21.97083333333333,52.5,7.4,03:00:00,19:00:00,29.98489583333333,35.420138888888886,4,1,1,1,4,2,8.370833333333334,3.5,12.1,3.966666666666667,56.5,-2.0791666666666666,1.0,1.0,1001.8958333333334,984.4458333333332,25.916666666666668,2.69,0.5025000000000001,35.8,51.1,282.6666666666667,304.5,62.6,9.05,9.466666666666669,0.362125,0.3584166666666666,140.16666666666666,93.16666666666669,47.0,219.50833333333333,140.16666666666666,236.03333333333333
2020-02-27,37.958333333333336,61.2,24.0,09:00:00,00:00:00,41.708333333333336,67.0,5.0,15:00:00,08:00:00,3.875,5.6,2.8,10:00:00,23:00:00,12.545833333333333,21.4,7.5,21:00:00,01:00:00,16.104166666666668,27.2,8.9,22:00:00,04:00:00,10.552256944444444,13.664756944444443,2,1,1,1,2,1,5.2875000000000005,-0.2,10.4,1.1208333333333331,48.208333333333336,-5.1375,0.0,0.0,1008.8833333333332,991.1208333333334,29.416666666666668,2.0500000000000003,0.4895833333333333,14.3,29.8,224.33333333333331,234.83333333333331,24.1,7.079166666666667,7.954166666666667,0.3463749999999999,0.3531666666666666,126.5,69.66666666666667,56.833333333333336,164.15833333333333,126.5,239.025
2020-02-28,31.316666666666663,93.1,11.3,22:00:00,05:00:00,58.708333333333336,89.0,0.0,15:00:00,23:00:00,2.8875,5.6,1.2,22:00:00,04:00:00,9.895833333333334,33.1,2.8,23:00:00,05:00:00,13.620833333333332,40.4,3.8,23:00:00,05:00:00,10.514409722222222,13.95,2,1,2,1,2,1,8.35,2.7,13.8,3.470833333333333,36.125,-6.8375,0.0,0.0,1015.5333333333332,997.8458333333332,3.4166666666666665,3.15,0.7470833333333333,34.7,55.5,281.0,280.6666666666667,64.8,8.079166666666667,7.933333333333334,0.3353333333333333,0.3469583333333333,170.16666666666666,140.375,29.791666666666668,320.55833333333334,170.16666666666666,242.025
2020-02-29,55.39166666666667,90.5,36.6,00:00:00,23:00:00,19.916666666666668,38.0,0.0,13:00:00,00:00:00,3.920833333333333,5.2,2.6,00:00:00,04:00:00,26.05,33.4,19.4,11:00:00,16:00:00,31.179166666666664,37.7,21.3,10:00:00,15:00:00,20.029166666666665,25.386284722222225,3,2,1,1,3,2,5.8,2.2,10.8,2.566666666666667,64.33333333333333,-0.7333333333333333,2.3,2.3,1015.65,997.8041666666668,72.91666666666667,1.26,0.3420833333333333,12.9,23.5,56.91666666666666,71.08333333333333,22.3,6.4125000000000005,7.366666666666667,0.3297916666666666,0.3367916666666666,80.375,34.083333333333336,46.29166666666666,76.80416666666666,80.375,245.05
2020-03-01,31.58333333333333,41.9,23.0,20:00:00,05:00:00,29.416666666666668,45.0,6.0,15:00:00,23:00:00,3.1333333333333333,5.0,2.4,22:00:00,10:00:00,22.241666666666664,32.0,16.3,23:00:00,14:00:00,25.308333333333334,35.8,19.2,23:00:00,14:00:00,23.626215277777774,27.13125,3,1,1,1,3,2,6.245833333333334,3.1,8.2,4.254166666666666,87.875,4.333333333333333,3.1,3.1,1007.2291666666666,989.5666666666666,84.125,0.63,0.12125,7.3,12.6,268.4166666666667,230.20833333333331,12.6,7.033333333333334,7.333333333333333,0.3677916666666667,0.3422083333333333,49.79166666666666,4.416666666666667,45.375,11.254166666666668,49.79166666666666,248.15833333333333
2020-03-02,37.62916666666667,49.8,26.8,20:00:00,15:00:00,13.416666666666666,40.0,1.0,16:00:00,07:00:00,3.1625,5.2,1.4,01:00:00,13:00:00,21.84583333333333,43.2,7.2,08:00:00,17:00:00,23.84166666666667,45.4,7.4,08:00:00,18:00:00,25.39270833333333,28.321875,4,1,1,1,4,2,5.1875,2.3,7.1,1.9916666666666665,93.54166666666669,4.233333333333333,41.9,41.9,996.9666666666668,979.4041666666668,73.875,0.32,0.0579166666666666,29.8,47.7,150.45833333333334,153.83333333333334,66.2,5.3500000000000005,6.541666666666667,0.3975416666666667,0.3793333333333333,14.958333333333334,0.2083333333333333,14.75,0.85,14.958333333333334,251.3708333333333
2020-03-03,33.920833333333334,64.0,18.8,20:00:00,04:00:00,27.875,44.0,2.0,15:00:00,22:00:00,3.075,4.1,2.1,21:00:00,10:00:00,9.341666666666669,23.2,3.6,23:00:00,12:00:00,11.866666666666667,30.7,5.6,23:00:00,16:00:00,11.593055555555557,12.950347222222222,2,1,1,1,2,1,8.341666666666667,3.7,13.5,4.354166666666667,64.91666666666667,0.8125,5.800000000000001,5.800000000000001,998.1958333333332,980.8041666666668,58.54166666666666,2.23,0.4570833333333333,30.6,48.9,207.58333333333331,217.08333333333331,54.0,7.245833333333334,6.8875,0.4129583333333333,0.4153333333333333,125.83333333333331,60.5,65.33333333333333,125.775,125.83333333333331,254.6625
2020-03-04,40.520833333333336,71.6,21.9,20:00:00,17:00:00,31.5,74.0,1.0,16:00:00,00:00:00,3.216666666666667,4.5,2.4,13:00:00,05:00:00,13.683333333333332,29.1,4.0,23:00:00,06:00:00,16.974999999999998,37.5,4.7,23:00:00,04:00:00,10.920138888888888,14.231770833333334,2,2,1,1,2,1,7.199999999999999,1.8,13.1,3.5416666666666665,56.66666666666666,-1.5208333333333333,0.2,0.2,1010.7458333333334,993.075,7.625,2.5,0.4791666666666667,17.0,34.8,178.08333333333334,178.04166666666666,28.4,7.704166666666667,7.545833333333333,0.3953333333333333,0.3991666666666666,175.29166666666666,140.08333333333334,35.208333333333336,310.3125,175.29166666666666,257.9583333333333
2020-03-05,42.3,63.1,20.0,01:00:00,23:00:00,26.416666666666668,60.0,4.0,23:00:00,01:00:00,2.6750000000000003,3.5,1.7,08:00:00,23:00:00,23.554166666666664,31.7,11.9,00:00:00,23:00:00,26.616666666666664,36.2,12.2,00:00:00,23:00:00,21.73819444444445,25.5015625,3,2,1,1,3,2,5.804166666666667,3.2,8.8,2.670833333333333,83.91666666666667,3.154166666666667,13.0,13.0,1008.9791666666666,991.2583333333332,82.45833333333333,0.76,0.1625,15.9,26.8,75.25,82.04166666666667,29.5,6.683333333333334,7.483333333333333,0.403875,0.4024583333333333,48.0,5.875,42.125,20.1625,48.0,261.2625
2020-03-06,32.550000000000004,63.6,19.9,22:00:00,14:00:00,36.125,59.0,4.0,17:00:00,23:00:00,3.5666666666666664,5.2,1.7,09:00:00,00:00:00,11.741666666666667,22.4,6.2,23:00:00,02:00:00,13.6625,27.4,6.3,23:00:00,02:00:00,14.929340277777778,16.71128472222222,2,1,1,1,2,1,6.366666666666667,2.1,11.9,3.45,81.16666666666667,3.083333333333333,2.7,2.7,1000.575,983.0166666666668,51.91666666666666,1.65,0.215,16.9,22.4,232.66666666666663,243.66666666666663,33.5,7.095833333333334,7.091666666666666,0.4171666666666667,0.4189166666666666,156.5,102.70833333333331,53.79166666666666,223.15416666666667,156.5,264.5416666666667
2020-03-07,33.49583333333333,59.8,12.2,01:00:00,17:00:00,39.708333333333336,85.0,0.0,17:00:00,04:00:00,2.975,4.3,1.7,04:00:00,17:00:00,10.883333333333333,26.0,3.1,01:00:00,12:00:00,12.545833333333334,31.2,4.4,02:00:00,13:00:00,13.728819444444444,15.897916666666667,2,1,1,1,2,1,8.133333333333333,0.8,15.9,4.241666666666666,56.083333333333336,-1.6583333333333332,0.0,0.0,1011.7,994.0583333333334,11.583333333333334,2.99,0.5804166666666667,21.6,39.3,211.41666666666663,181.75,36.7,7.816666666666666,7.491666666666667,0.401,0.4045833333333333,182.375,146.91666666666666,35.458333333333336,309.65000000000003,182.375,267.84166666666664
2020-03-08,38.325,72.3,15.4,23:00:00,16:00:00,41.583333333333336,84.0,3.0,16:00:00,08:00:00,3.2416666666666667,4.2,1.7,08:00:00,02:00:00,16.3625,29.8,8.3,23:00:00,05:00:00,18.441666666666663,33.4,9.4,23:00:00,02:00:00,10.716666666666669,12.310590277777775,2,1,1,1,2,1,7.679166666666667,0.7,13.2,4.804166666666666,59.04166666666666,-0.0666666666666666,0.0,0.0,1020.0166666666668,1002.2,25.83333333333333,2.25,0.4679166666666667,11.2,21.3,116.91666666666669,123.5,18.4,8.104166666666666,8.008333333333333,0.3890416666666667,0.3945833333333333,174.58333333333334,133.41666666666666,41.16666666666666,263.8125,174.58333333333334,271.2625
2020-03-09,56.07916666666667,77.2,27.7,10:00:00,17:00:00,23.58333333333333,71.0,2.0,17:00:00,01:00:00,3.4916666666666667,4.9,2.8,23:00:00,06:00:00,36.96666666666667,48.1,26.7,23:00:00,16:00:00,40.833333333333336,55.5,29.3,23:00:00,17:00:00,28.84618055555556,31.79201388888889,4,2,1,1,4,2,6.145833333333333,2.0,10.3,3.5541666666666667,76.125,2.15,1.3,1.3,1014.6666666666666,996.8541666666666,63.375,0.96,0.2433333333333333,8.6,13.6,93.875,106.875,20.5,7.120833333333334,7.783333333333334,0.3824166666666667,0.3872083333333334,62.958333333333336,7.25,55.708333333333336,14.079166666666666,62.958333333333336,274.6666666666667
2020-03-10,40.7125,69.4,18.2,21:00:00,16:00:00,29.041666666666668,69.0,6.0,16:00:00,07:00:00,3.341666666666667,4.0,2.1,00:00:00,17:00:00,18.65,51.5,7.8,00:00:00,16:00:00,22.054166666666664,55.6,11.6,00:00:00,15:00:00,28.72690972222222,32.289409722222224,4,2,1,1,4,2,7.758333333333333,1.8,15.4,4.841666666666667,64.08333333333333,0.775,0.0,0.0,1017.475,999.7166666666668,39.54166666666666,2.24,0.4504166666666667,10.3,18.2,279.5416666666667,288.5,19.8,7.774999999999999,7.3875,0.3775833333333333,0.3839583333333333,166.16666666666666,110.29166666666669,55.875,214.47083333333333,166.16666666666666,278.0541666666667
2020-03-11,34.475,55.5,17.3,08:00:00,16:00:00,39.25,82.0,2.0,16:00:00,07:00:00,3.695833333333333,6.3,2.7,10:00:00,16:00:00,21.308333333333334,32.0,9.5,03:00:00,16:00:00,26.129166666666663,35.5,12.9,00:00:00,16:00:00,20.195833333333333,24.34982638888889,3,1,1,1,3,2,10.270833333333334,3.5,19.0,7.883333333333333,71.625,5.054166666666666,0.0,0.0,1018.2333333333332,1000.6208333333334,0.2916666666666667,2.57,0.4270833333333333,11.7,25.1,265.5416666666667,255.125,23.4,9.65,8.554166666666667,0.3665833333333333,0.3748333333333333,186.91666666666663,152.54166666666666,34.375,314.1875,186.91666666666663,281.4125
2020-03-12,33.733333333333334,46.8,22.5,08:00:00,12:00:00,26.541666666666668,55.0,2.0,16:00:00,07:00:00,3.2125,4.2,2.3,10:00:00,02:00:00,19.204166666666666,23.0,14.9,00:00:00,11:00:00,24.28333333333333,30.4,19.0,01:00:00,13:00:00,18.711631944444445,24.12100694444445,2,1,1,1,2,2,11.041666666666666,7.0,15.0,9.2875,84.45833333333333,8.429166666666667,0.4,0.4,1019.7791666666668,1002.1875,65.0,1.42,0.2270833333333333,13.0,25.9,283.0833333333333,274.125,25.6,10.616666666666667,9.9,0.3684166666666666,0.3735416666666666,104.5,33.541666666666664,70.95833333333333,75.97500000000001,104.5,284.75
2020-03-13,21.25,39.2,11.2,08:00:00,16:00:00,53.625,83.0,17.0,17:00:00,08:00:00,3.4125,4.7,2.5,08:00:00,19:00:00,17.5625,27.3,11.5,07:00:00,16:00:00,21.058333333333334,33.2,13.3,08:00:00,16:00:00,18.67673611111111,23.02881944444444,2,1,2,1,2,2,12.766666666666666,9.7,18.2,11.141666666666666,81.33333333333333,9.395833333333334,2.0,2.0,1015.0208333333334,997.6083333333332,53.833333333333336,2.08,0.3225,17.1,31.8,249.20833333333331,249.16666666666663,29.9,12.375,10.9125,0.3603749999999999,0.3642916666666667,147.41666666666666,81.25,66.16666666666667,166.74166666666665,147.41666666666666,288.0541666666667
2020-03-14,17.308333333333334,36.7,10.7,23:00:00,16:00:00,45.125,63.0,23.0,16:00:00,23:00:00,2.0875,3.1,1.6,00:00:00,06:00:00,15.5,37.0,5.1,03:00:00,14:00:00,17.0625,32.3,8.1,03:00:00,13:00:00,16.955902777777776,19.093576388888888,2,1,1,1,2,1,9.954166666666667,7.5,11.9,7.258333333333333,78.45833333333333,6.291666666666667,11.7,11.7,1018.2708333333334,1000.6458333333334,83.5,1.12,0.2633333333333333,19.4,31.6,79.54166666666667,88.04166666666667,34.2,10.4875,10.808333333333332,0.40175,0.38975,69.41666666666667,21.75,47.66666666666666,58.458333333333336,69.41666666666667,291.325
2020-03-15,25.0875,46.7,8.6,23:00:00,15:00:00,36.79166666666666,78.0,3.0,16:00:00,07:00:00,2.5,3.1,1.9,22:00:00,09:00:00,16.783333333333335,26.1,9.7,23:00:00,15:00:00,19.08333333333333,29.8,11.3,23:00:00,16:00:00,15.378125,17.35902777777778,2,1,1,1,2,1,7.929166666666667,4.1,12.1,5.0375,72.41666666666667,2.9458333333333333,0.0,0.0,1024.5208333333333,1006.6541666666668,52.125,1.73,0.3258333333333333,13.0,21.1,62.583333333333336,75.70833333333333,27.0,9.033333333333331,9.3375,0.3970416666666667,0.4005,127.20833333333331,64.41666666666667,62.79166666666666,136.24166666666667,127.20833333333331,294.6041666666667
2020-03-16,34.25833333333333,72.8,13.9,21:00:00,15:00:00,36.91666666666666,84.0,2.0,15:00:00,07:00:00,2.983333333333333,3.8,2.0,19:00:00,06:00:00,25.1875,32.2,18.1,23:00:00,13:00:00,27.370833333333334,35.1,20.2,01:00:00,16:00:00,21.08836805555556,23.931076388888886,3,1,1,1,3,2,7.870833333333334,2.6,13.6,5.570833333333333,71.75,2.591666666666667,0.0,0.0,1026.8791666666666,1008.9666666666668,6.791666666666667,2.24,0.36,7.4,15.6,137.125,143.95833333333334,15.8,9.129166666666666,9.033333333333331,0.3809583333333333,0.3887083333333334,190.125,148.91666666666666,41.208333333333336,299.3625,190.125,297.87083333333334
2020-03-17,46.49166666666667,75.4,16.2,01:00:00,16:00:00,31.70833333333333,90.0,0.0,17:00:00,00:00:00,3.3666666666666667,4.7,2.5,14:00:00,01:00:00,36.05,45.7,26.1,10:00:00,16:00:00,41.04583333333333,51.6,29.6,10:00:00,18:00:00,31.111631944444444,34.36701388888889,4,2,1,1,4,2,9.329166666666667,2.5,15.7,7.420833333333333,70.0,3.608333333333333,0.0,0.0,1030.15,1012.2708333333334,3.8333333333333335,2.59,0.435,7.0,7.7,106.70833333333331,179.04166666666666,15.5,9.645833333333334,9.270833333333334,0.3655416666666666,0.3741666666666667,205.04166666666663,168.375,36.66666666666666,333.90833333333336,205.04166666666663,301.1458333333333
2020-03-18,44.17916666666667,77.1,15.2,22:00:00,16:00:00,39.04166666666666,106.0,0.0,17:00:00,01:00:00,3.0583333333333336,3.8,2.3,21:00:00,04:00:00,49.23333333333333,58.4,34.6,06:00:00,18:00:00,53.00833333333333,66.0,38.5,10:00:00,17:00:00,43.53697916666667,47.29861111111112,4,2,1,1,4,3,10.970833333333331,3.4,18.1,9.275,70.08333333333333,5.020833333333333,0.0,0.0,1028.3916666666669,1010.6416666666668,0.0416666666666666,2.65,0.5075,6.9,9.8,100.70833333333331,80.625,16.9,10.5375,9.85,0.3667916666666666,0.373875,205.08333333333331,167.66666666666666,37.41666666666666,329.2875,205.08333333333331,304.40416666666664
2020-03-19,44.68333333333334,80.3,13.6,23:00:00,16:00:00,40.583333333333336,112.0,0.0,17:00:00,00:00:00,3.3791666666666664,5.3,2.2,12:00:00,03:00:00,43.275,50.7,32.1,23:00:00,17:00:00,49.76666666666667,59.3,38.2,01:00:00,18:00:00,45.70381944444444,51.75329861111111,4,2,1,1,4,4,12.141666666666666,4.9,19.3,10.641666666666667,68.83333333333333,5.920833333333333,0.0,0.0,1024.95,1007.325,0.0,2.84,0.56125,8.7,10.5,233.41666666666663,172.45833333333334,15.1,11.654166666666669,10.720833333333331,0.3669166666666666,0.3744583333333333,208.75,170.79166666666666,37.958333333333336,333.40833333333336,208.75,307.65416666666664
2020-03-20,39.925,81.9,20.1,00:00:00,15:00:00,38.458333333333336,88.0,0.0,16:00:00,00:00:00,3.4,4.2,2.8,15:00:00,08:00:00,53.57083333333333,73.3,31.9,02:00:00,17:00:00,58.8375,76.1,34.0,03:00:00,17:00:00,51.14392361111111,56.32621527777778,5,1,1,1,5,4,10.7,6.0,17.0,9.095833333333331,80.79166666666667,7.320833333333333,1.3,1.3,1021.6208333333334,1003.9708333333332,21.45833333333333,2.12,0.2916666666666667,11.6,14.8,126.54166666666669,136.20833333333334,30.2,11.316666666666668,10.9625,0.3561249999999999,0.3632916666666666,161.66666666666666,100.20833333333331,61.458333333333336,188.91666666666663,161.66666666666666,310.8875
2020-03-21,24.9125,44.6,7.6,00:00:00,16:00:00,54.875,108.0,5.0,16:00:00,07:00:00,3.6833333333333336,4.7,2.6,11:00:00,23:00:00,38.05416666666667,54.4,24.0,04:00:00,17:00:00,39.98333333333333,58.3,26.4,03:00:00,13:00:00,43.698263888888896,47.3359375,4,1,2,1,4,3,11.391666666666666,5.4,17.6,9.770833333333334,75.0,6.6000000000000005,0.0,0.0,1015.3375,997.825,4.333333333333333,2.81,0.41875,14.5,28.9,198.70833333333331,197.5,24.5,11.891666666666666,11.0125,0.334375,0.347625,212.625,173.70833333333334,38.91666666666666,333.94166666666666,212.625,314.1166666666667
2020-03-22,9.1625,15.0,4.7,00:00:00,15:00:00,63.16666666666666,74.0,53.0,15:00:00,21:00:00,2.1875,2.5,1.8,05:00:00,23:00:00,19.104166666666668,45.1,8.1,00:00:00,23:00:00,22.133333333333336,47.6,11.6,00:00:00,10:00:00,29.379166666666663,31.921875,4,1,2,1,4,2,10.791666666666666,9.0,14.5,7.2875,68.41666666666667,4.8,0.2,0.2,1018.7375,1001.1375,69.41666666666667,2.36,0.4270833333333333,23.9,36.7,93.0,96.58333333333331,44.6,11.5625,11.4625,0.3270833333333333,0.3447083333333333,141.875,65.875,76.0,119.49166666666667,141.875,317.325
2020-03-23,11.575,35.0,4.3,23:00:00,04:00:00,62.5,72.0,26.0,03:00:00,23:00:00,2.1666666666666665,3.2,1.5,21:00:00,11:00:00,8.775,22.1,4.4,23:00:00,04:00:00,12.954166666666666,28.9,7.4,23:00:00,04:00:00,10.040798611111112,13.666145833333331,2,1,2,1,2,1,5.879166666666666,1.9,9.1,0.7958333333333334,45.29166666666666,-5.245833333333334,0.0,0.0,1027.5375,1009.4791666666666,64.66666666666667,2.59,0.5216666666666666,25.9,39.7,87.0,90.04166666666667,45.7,9.441666666666666,10.466666666666669,0.31825,0.3405,129.79166666666666,58.66666666666666,71.125,123.53333333333336,129.79166666666666,320.50416666666666
2020-03-24,26.4125,45.3,9.7,08:00:00,16:00:00,43.708333333333336,84.0,5.0,15:00:00,06:00:00,2.9916666666666667,4.0,2.4,21:00:00,03:00:00,19.375,25.4,12.5,05:00:00,15:00:00,23.02916666666667,30.7,15.4,00:00:00,13:00:00,16.088020833333335,20.252256944444444,2,1,1,1,2,2,5.295833333333333,0.4,10.8,1.9083333333333332,55.708333333333336,-3.5541666666666667,0.0,0.0,1025.6833333333332,1007.6125,24.33333333333333,2.59,0.4429166666666666,17.6,29.6,112.95833333333331,124.25,31.0,7.920833333333333,8.495833333333334,0.3177083333333333,0.3372083333333333,211.125,163.91666666666666,47.208333333333336,299.875,211.125,323.6625
2020-03-25,16.5375,37.2,9.0,08:00:00,02:00:00,60.583333333333336,79.0,27.0,16:00:00,08:00:00,2.9125,3.5,2.4,07:00:00,15:00:00,18.59583333333333,26.6,12.7,07:00:00,17:00:00,23.52916666666667,34.3,17.3,07:00:00,18:00:00,18.558854166666663,22.804166666666664,2,1,2,1,2,2,4.570833333333334,1.3,7.8,0.8458333333333333,61.0,-2.6791666666666667,0.2,0.2,1021.6541666666668,1003.6208333333334,54.04166666666666,1.62,0.3491666666666667,15.1,26.5,55.458333333333336,67.08333333333333,31.0,7.0125,8.183333333333334,0.3142916666666667,0.3324583333333333,103.625,33.833333333333336,69.79166666666667,51.95416666666667,103.625,326.7958333333333
2020-03-26,21.070833333333333,34.8,11.2,08:00:00,00:00:00,50.458333333333336,67.0,26.0,14:00:00,07:00:00,3.1,3.8,2.4,21:00:00,01:00:00,20.8,26.4,14.2,23:00:00,15:00:00,24.08333333333333,28.9,17.8,08:00:00,15:00:00,19.546701388888888,23.59201388888889,2,1,2,1,2,2,3.883333333333333,-0.5,7.2,0.3,59.25,-3.583333333333333,0.2,0.2,1017.1166666666668,999.1208333333334,70.08333333333333,1.44,0.3458333333333334,12.9,23.8,229.29166666666663,225.95833333333331,48.2,5.891666666666667,6.995833333333334,0.315,0.3305416666666667,98.54166666666669,19.625,78.91666666666667,37.98333333333333,98.54166666666669,329.89166666666665
2020-03-27,19.929166666666667,32.3,9.7,08:00:00,13:00:00,53.208333333333336,76.0,34.0,15:00:00,08:00:00,2.8666666666666667,3.3,2.2,14:00:00,21:00:00,26.55,39.0,17.4,23:00:00,09:00:00,32.47083333333333,47.6,19.8,23:00:00,09:00:00,22.759548611111114,26.624305555555555,3,1,2,1,3,2,8.6,4.3,12.7,5.466666666666666,64.16666666666667,2.0166666666666666,0.7,0.7,1016.975,999.2833333333332,84.375,2.25,0.4229166666666666,14.3,25.7,251.29166666666663,254.95833333333331,47.2,8.470833333333333,7.625,0.3176666666666667,0.3295,157.125,74.125,83.0,126.8125,157.125,332.97083333333336
2020-03-28,20.60833333333333,47.4,7.3,23:00:00,16:00:00,49.04166666666666,93.0,10.0,17:00:00,07:00:00,3.0500000000000003,3.6,2.3,13:00:00,05:00:00,33.645833333333336,53.8,21.6,23:00:00,05:00:00,47.97083333333333,77.4,27.8,22:00:00,05:00:00,29.303125,38.347569444444446,4,1,1,1,4,2,12.604166666666666,7.9,17.0,10.658333333333331,61.91666666666666,5.270833333333333,0.0,0.0,1015.3166666666666,997.9,24.666666666666668,3.15,0.5933333333333334,15.5,28.5,242.16666666666663,210.29166666666663,26.3,12.0125,10.133333333333333,0.3106666666666666,0.3262083333333334,225.79166666666663,179.16666666666666,46.625,327.7875,225.79166666666663,336.00416666666666
2020-03-29,26.695652173913043,55.0,8.6,01:00:00,18:00:00,49.82608695652174,100.0,4.0,17:00:00,04:00:00,3.369565217391304,3.8,2.8,12:00:00,06:00:00,49.03478260869565,56.4,42.8,01:00:00,19:00:00,61.51304347826087,70.3,49.9,00:00:00,21:00:00,44.094927536231886,59.7463768115942,4,1,1,1,4,4,11.9,5.1,18.2,10.443478260869565,72.21739130434783,6.517391304347826,2.6,2.6,1012.3739130434782,994.9652173913043,29.869565217391305,2.76,0.468695652173913,10.4,19.3,101.30434782608695,120.43478260869566,22.7,12.469565217391304,11.291304347826086,0.3024782608695652,0.3193913043478261,210.6086956521739,145.82608695652175,64.78260869565217,269.8,210.6086956521739,353.75217391304346
2020-03-30,13.341666666666669,24.7,8.9,09:00:00,23:00:00,64.375,83.0,40.0,15:00:00,09:00:00,2.670833333333333,3.2,2.2,11:00:00,13:00:00,27.45833333333333,47.8,13.3,00:00:00,23:00:00,30.98333333333333,54.7,15.7,00:00:00,23:00:00,39.60503472222222,47.52135416666667,4,1,2,1,4,3,10.729166666666666,6.4,13.9,8.304166666666667,80.25,7.320833333333333,9.0,9.0,1013.7708333333334,996.2625,89.54166666666667,1.52,0.2675,30.4,41.8,94.58333333333331,88.79166666666667,55.4,11.533333333333331,11.616666666666667,0.35525,0.3195416666666666,97.5,26.666666666666668,70.83333333333333,44.96666666666667,97.5,341.9708333333333
2020-03-31,11.341666666666669,32.7,4.1,23:00:00,03:00:00,60.125,74.0,31.0,17:00:00,23:00:00,2.308333333333333,3.2,1.9,22:00:00,02:00:00,9.316666666666666,21.8,5.6,23:00:00,04:00:00,12.170833333333334,26.3,7.4,23:00:00,05:00:00,14.793229166666665,17.570486111111112,2,1,2,1,2,1,5.745833333333334,2.8,8.9,1.5041666666666669,67.41666666666667,-0.3749999999999999,4.3,4.3,1022.075,1004.1041666666666,70.58333333333333,1.96,0.3220833333333333,25.1,39.8,82.66666666666667,88.125,45.4,8.125,9.291666666666666,0.3774166666666667,0.3387083333333334,154.16666666666666,61.91666666666666,92.25,115.85416666666669,154.16666666666666,344.90000000000003
2020-04-01,23.541666666666668,42.6,7.8,08:00:00,15:00:00,49.91666666666666,88.0,8.0,16:00:00,08:00:00,2.7416666666666667,3.7,2.4,22:00:00,05:00:00,19.83333333333333,27.2,13.7,02:00:00,13:00:00,23.2875,31.4,16.6,22:00:00,15:00:00,15.9375,19.03559027777777,2,1,1,1,2,1,5.508333333333333,1.9,9.9,2.3125,62.29166666666666,-1.6,0.0,0.0,1021.7541666666666,1003.7708333333334,42.208333333333336,2.28,0.3754166666666667,9.5,14.7,86.70833333333333,95.75,24.1,7.916666666666667,8.358333333333333,0.3447083333333333,0.3398333333333334,199.04166666666663,122.25,76.79166666666667,205.7875,199.04166666666663,347.77500000000003
2020-04-02,30.95,52.9,13.7,23:00:00,14:00:00,47.375,94.0,0.0,19:00:00,07:00:00,3.841666666666667,5.3,3.2,10:00:00,03:00:00,30.825000000000003,39.7,25.3,09:00:00,16:00:00,34.05416666666667,44.9,26.1,09:00:00,19:00:00,25.969270833333336,29.871180555555554,4,1,1,1,4,2,6.541666666666667,-0.7,12.2,4.0,61.29166666666666,-1.0916666666666666,0.0,0.0,1015.4583333333334,997.6583333333332,1.5,2.83,0.4466666666666667,5.6,6.9,178.375,187.58333333333331,16.6,8.033333333333333,8.191666666666666,0.3275833333333333,0.3335416666666667,248.41666666666663,205.04166666666663,43.375,368.1208333333333,248.41666666666663,350.625
2020-04-03,37.579166666666666,61.6,13.6,09:00:00,17:00:00,52.625,114.0,1.0,17:00:00,07:00:00,3.825,4.8,3.4,11:00:00,00:00:00,40.35,49.4,30.6,08:00:00,18:00:00,43.29166666666666,59.8,30.8,09:00:00,17:00:00,35.708506944444444,38.43645833333333,4,1,2,1,4,2,8.454166666666667,0.4,15.3,6.233333333333333,62.833333333333336,1.2458333333333331,0.0,0.0,1014.0333333333332,996.3833333333332,0.0416666666666666,3.09,0.4879166666666667,9.4,12.2,133.04166666666666,172.08333333333334,14.8,9.225,8.770833333333334,0.3325416666666667,0.3379583333333333,247.875,203.875,44.0,363.2708333333333,247.875,353.4708333333333
2020-04-04,27.5375,44.6,8.6,08:00:00,16:00:00,65.41666666666667,125.0,13.0,17:00:00,07:00:00,3.591666666666667,4.3,2.9,10:00:00,16:00:00,43.07916666666667,56.5,29.5,05:00:00,18:00:00,44.75,57.7,30.9,02:00:00,18:00:00,42.98784722222222,45.27465277777778,4,1,2,1,4,3,10.241666666666667,2.5,17.6,8.254166666666666,67.66666666666667,3.7458333333333336,0.0,0.0,1020.2166666666668,1002.5625,0.125,3.29,0.52125,10.5,16.0,182.375,152.04166666666666,20.5,10.954166666666666,9.925,0.3116666666666667,0.324625,249.08333333333331,205.25,43.833333333333336,363.5083333333334,249.08333333333331,356.40000000000003
2020-04-05,16.229166666666668,33.0,4.4,23:00:00,14:00:00,79.875,115.0,57.0,18:00:00,09:00:00,2.904166666666667,3.6,2.5,22:00:00,02:00:00,28.4625,38.4,19.7,04:00:00,12:00:00,31.025,40.9,22.1,05:00:00,12:00:00,34.6734375,36.61631944444444,4,1,2,1,4,2,11.754166666666668,6.4,17.1,9.358333333333333,57.29166666666666,3.1125000000000003,0.0,0.0,1024.6791666666666,1007.0375,3.9583333333333335,3.48,0.6516666666666667,10.0,22.5,52.958333333333336,65.20833333333333,23.0,12.116666666666667,11.0875,0.2915,0.3100833333333333,247.70833333333331,200.0,47.708333333333336,351.20416666666665,247.70833333333331,359.3125
2020-04-06,25.066666666666663,52.3,7.9,08:00:00,16:00:00,68.875,122.0,16.0,18:00:00,08:00:00,3.4291666666666667,4.4,2.6,10:00:00,04:00:00,26.8625,35.7,22.1,23:00:00,18:00:00,31.42083333333333,41.5,24.9,23:00:00,04:00:00,26.52083333333333,30.147916666666664,4,1,2,1,4,2,12.833333333333334,6.4,19.3,10.829166666666666,57.208333333333336,3.954166666666667,0.0,0.0,1026.4416666666666,1008.8375,2.583333333333333,3.6,0.7225,10.4,21.2,174.29166666666666,119.54166666666669,17.3,12.983333333333334,11.783333333333331,0.2791666666666667,0.301,252.04166666666663,205.125,46.91666666666666,359.0208333333333,252.04166666666663,362.1958333333334
2020-04-07,28.67083333333333,60.3,11.0,08:00:00,17:00:00,68.33333333333333,125.0,13.0,18:00:00,08:00:00,3.4416666666666664,4.2,2.1,13:00:00,05:00:00,30.3125,40.1,23.2,04:00:00,13:00:00,36.454166666666666,46.7,27.8,03:00:00,15:00:00,29.00798611111111,35.175868055555554,4,1,2,1,4,2,13.391666666666666,5.9,20.3,11.408333333333331,58.04166666666666,4.675,0.0,0.0,1028.5625,1010.95,0.25,3.73,0.7391666666666666,10.5,21.8,168.16666666666666,83.08333333333333,21.2,13.620833333333332,12.466666666666669,0.2700833333333333,0.2941666666666666,256.375,211.83333333333331,44.54166666666666,370.1875,256.375,365.0625
2020-04-08,25.041666666666668,52.6,9.7,08:00:00,15:00:00,71.0,123.0,9.0,18:00:00,08:00:00,3.9791666666666665,5.0,3.0,21:00:00,02:00:00,24.7375,40.7,16.6,06:00:00,16:00:00,29.641666666666666,40.4,20.2,07:00:00,16:00:00,27.980555555555554,32.67065972222222,4,1,2,1,4,2,13.9125,6.8,20.4,11.558333333333332,49.958333333333336,2.829166666666667,0.0,0.0,1027.0125,1009.4666666666668,2.083333333333333,4.0,0.905,10.6,20.1,91.75,108.70833333333331,20.2,13.8625,12.891666666666666,0.2547083333333333,0.2827083333333333,260.1666666666667,215.20833333333331,44.958333333333336,373.5083333333334,260.1666666666667,367.98333333333335
2020-04-09,28.704166666666666,53.2,9.5,09:00:00,16:00:00,66.54166666666667,131.0,7.0,18:00:00,08:00:00,4.1875,5.5,3.2,11:00:00,06:00:00,29.616666666666664,40.5,17.9,02:00:00,17:00:00,32.295833333333334,43.4,20.0,10:00:00,17:00:00,27.306076388888886,31.29982638888889,4,1,2,1,4,2,14.320833333333333,6.1,21.7,12.35,51.29166666666666,3.420833333333333,0.0,0.0,1022.6041666666666,1005.1583333333332,0.9166666666666666,3.94,0.9329166666666668,8.1,17.0,154.125,138.83333333333334,19.8,14.254166666666668,13.129166666666668,0.2527916666666667,0.2815416666666666,259.9583333333333,214.54166666666663,45.41666666666666,369.76666666666665,259.9583333333333,371.0541666666666
2020-04-10,32.975,55.3,8.0,01:00:00,17:00:00,59.875,130.0,8.0,16:00:00,08:00:00,4.620833333333334,5.3,3.7,23:00:00,07:00:00,31.7,40.6,19.6,12:00:00,19:00:00,33.75833333333333,43.3,21.8,12:00:00,18:00:00,31.19045138888889,33.04149305555556,4,1,2,1,4,2,15.454166666666666,6.6,23.1,13.95,53.29166666666666,4.470833333333333,0.0,0.0,1021.9541666666668,1004.5833333333334,0.75,3.92,1.02,6.4,7.2,189.16666666666663,190.20833333333331,17.3,14.854166666666666,13.533333333333331,0.2380416666666666,0.270625,264.9583333333333,220.0,44.958333333333336,378.04583333333335,264.9583333333333,374.10833333333335
2020-04-11,23.75,51.7,5.9,01:00:00,17:00:00,68.58333333333333,133.0,7.0,17:00:00,08:00:00,4.079166666666667,5.2,3.1,11:00:00,18:00:00,22.854166666666668,33.6,10.4,02:00:00,23:00:00,26.4,36.9,13.8,02:00:00,22:00:00,27.603819444444444,30.81215277777778,4,1,2,1,4,2,16.0625,6.8,24.2,13.725,46.333333333333336,3.1958333333333333,0.0,0.0,1021.0333333333332,1003.7125,0.375,4.61,1.1529166666666666,15.3,31.8,255.0,241.20833333333331,25.6,15.229166666666666,13.966666666666669,0.2426666666666666,0.274,267.4583333333333,222.0,45.458333333333336,381.3041666666666,267.4583333333333,377.0916666666666
2020-04-12,10.641666666666667,23.8,4.3,09:00:00,15:00:00,80.0,108.0,36.0,15:00:00,08:00:00,4.029166666666667,4.8,3.5,12:00:00,16:00:00,10.533333333333331,16.4,6.6,09:00:00,16:00:00,12.725,17.9,8.6,09:00:00,15:00:00,14.998263888888893,17.837500000000002,2,1,2,1,2,1,15.358333333333334,8.9,23.0,12.1375,35.291666666666664,-0.5166666666666667,0.0,0.0,1019.4083333333332,1002.0833333333334,13.75,4.890000000000001,1.2308333333333332,12.2,23.5,265.4166666666667,253.08333333333331,24.5,15.258333333333333,14.366666666666667,0.2329583333333333,0.2684583333333333,262.5,205.04166666666663,57.458333333333336,332.9208333333333,262.5,380.06666666666666
2020-04-13,10.358333333333333,23.3,4.9,09:00:00,15:00:00,90.83333333333331,119.0,43.0,16:00:00,08:00:00,4.541666666666667,5.3,3.6,19:00:00,05:00:00,13.9,17.3,10.5,21:00:00,00:00:00,16.433333333333334,19.6,13.2,09:00:00,00:00:00,11.3453125,13.8515625,2,1,2,1,2,1,15.295833333333334,10.4,21.5,12.479166666666666,43.41666666666666,2.5458333333333334,0.0,0.0,1014.5375,997.2916666666666,49.958333333333336,4.47,1.0466666666666666,21.3,34.7,271.4166666666667,257.125,37.8,15.795833333333334,14.575,0.2205833333333333,0.2609166666666667,240.08333333333331,160.41666666666666,79.66666666666667,248.4375,240.08333333333331,382.9916666666666
2020-04-14,9.3125,21.0,5.1,08:00:00,16:00:00,84.125,104.0,51.0,17:00:00,08:00:00,3.2541666666666664,4.8,1.6,02:00:00,14:00:00,10.083333333333334,16.3,3.4,11:00:00,16:00:00,13.058333333333332,20.8,6.3,11:00:00,15:00:00,12.70659722222222,15.463888888888889,2,1,2,1,2,1,15.291666666666666,9.6,22.7,11.483333333333334,51.41666666666666,3.045833333333333,0.0,0.0,1012.6541666666668,995.4458333333332,10.791666666666666,5.33,0.9854166666666666,33.0,45.7,192.125,190.5,64.8,16.3625,15.058333333333332,0.2145833333333333,0.257125,275.875,228.08333333333331,47.79166666666666,384.45416666666665,275.875,385.8833333333334
2020-04-15,11.466666666666669,23.6,6.0,08:00:00,02:00:00,73.83333333333333,98.0,47.0,17:00:00,08:00:00,2.9125,3.7,2.2,21:00:00,13:00:00,12.329166666666666,20.6,7.7,22:00:00,02:00:00,17.70416666666667,30.6,11.3,23:00:00,00:00:00,9.97465277777778,14.019270833333332,2,1,2,1,1,1,11.5625,8.5,16.0,8.945833333333333,56.708333333333336,3.0583333333333336,0.0,0.0,1024.8166666666666,1007.1666666666666,27.916666666666668,3.68,0.6208333333333333,17.1,28.7,73.79166666666667,79.5,32.0,14.679166666666667,14.483333333333334,0.2047916666666666,0.2500833333333333,251.04166666666663,191.83333333333331,59.208333333333336,310.75416666666666,251.04166666666663,388.73333333333335
2020-04-16,26.22083333333333,50.0,11.8,08:00:00,17:00:00,60.66666666666666,111.0,3.0,18:00:00,08:00:00,3.779166666666667,4.6,3.1,10:00:00,02:00:00,25.066666666666663,34.1,16.9,08:00:00,22:00:00,32.0,39.5,22.9,08:00:00,23:00:00,20.8296875,27.10538194444445,3,1,2,1,3,2,12.3125,4.7,18.3,10.283333333333331,60.04166666666666,3.9791666666666665,0.0,0.0,1022.2333333333332,1004.6666666666666,13.666666666666666,3.04,0.6795833333333333,11.9,25.5,153.0,177.58333333333334,19.4,13.558333333333332,13.575,0.1960416666666666,0.2434166666666666,211.08333333333331,96.91666666666669,114.16666666666669,192.55833333333337,211.08333333333331,391.64166666666665
2020-04-17,17.441666666666666,36.5,9.0,08:00:00,16:00:00,70.33333333333333,109.0,13.0,17:00:00,08:00:00,4.108333333333333,5.1,3.6,10:00:00,02:00:00,11.995833333333332,15.7,9.0,09:00:00,18:00:00,17.104166666666668,23.1,13.7,21:00:00,17:00:00,17.42291666666667,23.11545138888889,2,1,2,1,2,2,14.275,7.0,21.5,12.0,51.5,3.8791666666666655,0.0,0.0,1018.3708333333334,1000.9916666666668,15.958333333333334,4.21,0.8908333333333333,12.8,25.6,249.41666666666663,242.5,24.8,14.9125,13.804166666666667,0.1890416666666666,0.2380833333333333,268.6666666666667,208.125,60.54166666666666,351.62083333333334,268.6666666666667,394.5
2020-04-18,13.504166666666668,27.1,6.4,08:00:00,16:00:00,70.33333333333333,110.0,17.0,19:00:00,08:00:00,4.020833333333333,4.8,2.9,20:00:00,01:00:00,13.158333333333331,17.6,9.3,09:00:00,19:00:00,21.120833333333334,23.3,18.6,11:00:00,21:00:00,12.54340277777778,19.526041666666668,2,1,2,1,2,1,15.366666666666667,8.8,21.8,13.791666666666666,63.79166666666666,8.012500000000001,0.0,0.0,1016.5,999.2166666666668,20.83333333333333,3.87,0.7400000000000001,11.5,23.7,255.33333333333331,246.33333333333331,24.5,16.141666666666666,14.758333333333333,0.1820416666666666,0.2327083333333333,241.08333333333331,143.41666666666666,97.66666666666669,245.33333333333331,241.08333333333331,397.3041666666666
2020-04-19,10.691666666666668,16.4,6.4,23:00:00,15:00:00,66.58333333333333,105.0,30.0,16:00:00,07:00:00,3.904166666666667,4.4,3.5,17:00:00,06:00:00,17.416666666666668,22.0,13.6,21:00:00,00:00:00,26.916666666666668,30.8,23.7,23:00:00,06:00:00,14.629166666666668,23.50381944444445,2,1,2,1,2,2,15.916666666666666,9.9,21.2,15.425,71.75,10.370833333333334,1.0,1.0,1013.3291666666668,996.1333333333332,49.29166666666666,3.14,0.59875,9.7,22.0,257.125,256.1666666666667,16.6,16.8875,15.55,0.172875,0.2273333333333333,199.125,90.83333333333331,108.29166666666669,137.04999999999998,199.125,400.0541666666666
2020-04-20,12.708333333333334,17.8,9.0,07:00:00,03:00:00,55.583333333333336,67.0,35.0,11:00:00,07:00:00,2.716666666666667,3.2,2.2,00:00:00,16:00:00,17.395833333333332,24.5,13.1,04:00:00,23:00:00,20.616666666666667,27.9,13.8,05:00:00,23:00:00,18.813368055555557,25.175347222222225,2,1,2,1,2,2,13.508333333333333,11.3,15.2,11.791666666666666,88.70833333333333,11.645833333333334,15.9,15.9,1012.1208333333334,994.8125,97.29166666666669,0.95,0.1733333333333333,22.5,37.5,107.16666666666669,111.625,40.3,14.133333333333333,15.141666666666666,0.2889166666666666,0.2319166666666666,45.41666666666666,0.5833333333333334,44.833333333333336,0.7333333333333334,45.41666666666666,402.75
2020-04-21,15.8,31.9,7.3,23:00:00,02:00:00,49.0,60.0,18.0,16:00:00,23:00:00,3.0125,4.2,2.4,23:00:00,01:00:00,13.804166666666667,18.7,10.9,23:00:00,17:00:00,15.695833333333333,22.6,13.3,23:00:00,00:00:00,14.382118055555557,16.469791666666666,2,1,1,1,2,1,11.879166666666668,9.8,15.2,9.820833333333333,80.66666666666667,8.558333333333334,5.1000000000000005,5.1000000000000005,1014.2416666666668,996.8083333333334,82.66666666666667,1.42,0.2820833333333333,16.2,28.4,177.75,171.83333333333334,31.3,12.158333333333331,12.833333333333334,0.3448333333333333,0.248,82.54166666666667,11.458333333333334,71.08333333333333,16.5625,82.54166666666667,405.4
2020-04-22,20.725,42.8,8.5,08:00:00,15:00:00,58.958333333333336,113.0,12.0,19:00:00,08:00:00,3.2916666666666665,3.9,2.9,10:00:00,16:00:00,15.579166666666666,21.7,10.4,08:00:00,14:00:00,19.304166666666667,24.7,14.1,23:00:00,15:00:00,15.465972222222222,18.404166666666665,2,1,2,1,2,1,13.7125,7.5,19.6,11.4875,59.333333333333336,5.016666666666667,0.0,0.0,1017.3791666666666,999.9833333333332,8.708333333333334,4.01,0.7516666666666666,15.8,20.4,118.20833333333331,78.70833333333333,34.2,13.995833333333332,13.095833333333331,0.3086666666666666,0.2550833333333333,263.7083333333333,193.58333333333331,70.125,330.2,263.7083333333333,407.98333333333335
2020-04-23,24.1625,48.5,10.4,08:00:00,15:00:00,66.20833333333333,124.0,12.0,19:00:00,07:00:00,3.845833333333333,4.7,2.9,08:00:00,02:00:00,22.183333333333334,28.8,18.1,02:00:00,12:00:00,26.933333333333334,33.7,20.8,09:00:00,03:00:00,18.64548611111111,23.087152777777774,2,1,2,1,2,2,14.308333333333332,8.0,20.3,12.7125,59.16666666666666,5.920833333333333,0.0,0.0,1018.5958333333332,1001.2208333333332,1.7083333333333333,4.16,0.75625,10.2,16.0,138.33333333333334,103.16666666666669,24.1,15.183333333333332,14.083333333333334,0.2734166666666667,0.2529583333333333,283.5416666666667,230.54166666666663,53.0,373.7833333333333,283.5416666666667,410.53333333333336
2020-04-24,23.175,51.2,10.2,08:00:00,16:00:00,76.04166666666667,132.0,16.0,16:00:00,08:00:00,4.270833333333333,5.8,3.1,12:00:00,03:00:00,29.6,42.1,13.5,09:00:00,22:00:00,33.06666666666667,48.4,14.3,09:00:00,22:00:00,28.36753472222222,32.61545138888889,4,1,2,1,4,2,15.745833333333332,7.6,22.7,14.154166666666669,60.29166666666666,7.370833333333334,0.0,0.0,1014.6,997.3666666666668,6.875,4.65,0.8458333333333333,15.8,30.0,196.45833333333331,192.5,28.1,16.308333333333334,14.995833333333332,0.2529583333333333,0.2489583333333333,286.5833333333333,234.33333333333331,52.25,379.4875,286.5833333333333,413.0208333333333
2020-04-25,8.904166666666667,14.0,5.1,08:00:00,17:00:00,88.875,111.0,61.0,17:00:00,07:00:00,4.466666666666667,6.2,3.5,23:00:00,16:00:00,13.641666666666666,20.1,8.4,06:00:00,21:00:00,16.679166666666667,24.8,10.4,07:00:00,19:00:00,19.836631944444445,22.735069444444445,2,1,2,1,2,2,16.483333333333334,11.4,22.9,14.408333333333331,65.04166666666667,9.491666666666667,0.0,0.0,1009.0166666666668,991.9291666666668,8.958333333333334,4.62,0.7400000000000001,21.7,31.6,255.83333333333331,248.5,42.5,17.400000000000002,15.991666666666667,0.2361666666666666,0.2445833333333333,277.375,221.375,56.0,350.2875,277.375,415.4791666666667
2020-04-26,7.716666666666666,10.8,4.8,08:00:00,16:00:00,84.95833333333333,109.0,58.0,18:00:00,08:00:00,4.15,5.3,3.4,04:00:00,14:00:00,11.15,13.3,9.1,08:00:00,22:00:00,12.9875,15.4,11.0,08:00:00,10:00:00,11.487673611111113,13.863020833333332,2,1,2,1,2,1,16.654166666666665,12.3,21.6,15.254166666666668,60.04166666666666,8.4375,0.0,0.0,1009.1958333333332,992.1166666666668,28.416666666666668,4.34,0.8254166666666666,15.5,27.7,221.125,216.625,26.6,18.3875,16.558333333333334,0.2042083333333333,0.232625,265.4583333333333,197.5,67.95833333333333,307.2083333333333,265.4583333333333,417.9083333333333
2020-04-27,11.816666666666668,20.9,8.8,08:00:00,03:00:00,71.20833333333333,86.0,55.0,18:00:00,07:00:00,4.158333333333333,5.0,3.3,01:00:00,05:00:00,11.875,17.6,7.9,08:00:00,20:00:00,13.729166666666666,19.8,10.4,08:00:00,21:00:00,11.71111111111111,13.698784722222223,2,1,2,1,2,1,16.154166666666665,12.0,19.3,14.925,67.83333333333333,10.020833333333334,0.3,0.3,1011.7166666666668,994.5541666666668,63.16666666666666,2.92,0.6245833333333334,13.6,24.3,249.75,238.29166666666663,25.9,17.5625,16.704166666666666,0.188625,0.2239166666666666,167.66666666666666,76.08333333333333,91.58333333333331,133.20833333333334,167.66666666666666,420.3
2020-04-28,15.554166666666667,36.2,9.5,08:00:00,01:00:00,60.16666666666666,76.0,34.0,01:00:00,08:00:00,3.533333333333333,4.7,2.1,00:00:00,14:00:00,11.45,15.5,9.0,08:00:00,19:00:00,13.120833333333332,18.8,9.2,08:00:00,18:00:00,11.436458333333334,13.2671875,2,1,2,1,2,1,15.491666666666667,12.9,19.4,14.925,77.08333333333333,11.304166666666667,12.2,12.2,1009.7875,992.6291666666666,88.75,2.16,0.4275,9.7,19.0,143.41666666666666,150.20833333333334,24.8,16.583333333333332,16.287499999999998,0.2154583333333333,0.2190833333333333,130.91666666666666,31.666666666666668,99.25,49.95,130.91666666666666,422.6625
2020-04-29,12.55,20.1,6.2,08:00:00,15:00:00,57.625,93.0,22.0,17:00:00,08:00:00,3.454166666666666,4.8,2.3,22:00:00,17:00:00,8.883333333333333,14.8,3.8,10:00:00,18:00:00,10.7,19.5,6.1,08:00:00,19:00:00,10.549131944444444,12.060243055555556,2,1,2,1,2,1,15.858333333333334,10.4,21.6,14.6875,70.66666666666667,9.820833333333333,5.0,5.0,1007.175,990.0875,17.541666666666668,4.08,0.6320833333333333,13.9,19.4,248.33333333333331,248.375,32.8,16.6375,15.716666666666669,0.3400833333333333,0.236625,273.7083333333333,213.58333333333331,60.125,344.9708333333333,273.7083333333333,424.9791666666667
2020-04-30,17.254166666666666,27.8,11.6,20:00:00,15:00:00,49.41666666666666,81.0,17.0,16:00:00,06:00:00,3.7916666666666665,5.0,3.0,00:00:00,19:00:00,14.091666666666669,26.1,9.5,05:00:00,23:00:00,17.0625,28.1,9.3,05:00:00,21:00:00,11.744965277777778,14.388715277777775,2,1,1,1,2,1,14.5875,11.4,19.5,13.770833333333334,79.41666666666667,10.825,7.699999999999999,7.699999999999999,1009.0583333333334,991.8666666666668,69.375,2.45,0.3775,14.0,20.1,115.125,169.375,55.4,15.829166666666666,15.816666666666668,0.3069583333333333,0.2415416666666666,163.75,77.08333333333333,86.66666666666667,129.8375,163.75,427.26666666666665
2020-05-01,12.2375,20.2,5.6,22:00:00,15:00:00,48.54166666666666,81.0,20.0,15:00:00,06:00:00,3.579166666666667,4.6,3.0,10:00:00,03:00:00,11.95,18.3,7.5,23:00:00,15:00:00,13.970833333333331,21.0,8.8,08:00:00,15:00:00,12.51128472222222,14.788194444444445,2,1,1,1,2,1,14.325,10.7,18.8,14.05,82.125,11.025,2.9,2.9,1007.0125,989.8333333333334,66.95833333333333,2.6,0.3420833333333333,9.7,11.8,172.41666666666666,199.29166666666663,34.9,15.533333333333331,15.191666666666668,0.363375,0.28875,173.20833333333334,63.5,109.70833333333331,88.22916666666667,173.20833333333334,429.49166666666673
2020-05-02,11.4,19.2,5.7,00:00:00,15:00:00,51.16666666666666,90.0,18.0,17:00:00,05:00:00,3.095833333333333,3.9,2.4,04:00:00,17:00:00,7.429166666666667,17.8,3.8,00:00:00,11:00:00,8.85,21.4,5.0,00:00:00,10:00:00,10.194791666666664,11.942881944444444,2,1,2,1,2,1,17.079166666666666,9.5,23.4,15.579166666666666,60.5,8.154166666666667,0.0,0.0,1007.0708333333332,990.0416666666666,24.0,4.77,0.9433333333333334,15.6,29.8,269.4166666666667,282.0416666666667,31.0,16.783333333333335,15.520833333333334,0.324625,0.2963333333333333,288.125,223.04166666666663,65.08333333333333,340.99583333333334,288.125,431.6833333333333
2020-05-03,8.029166666666667,14.1,4.5,08:00:00,15:00:00,80.0,107.0,41.0,17:00:00,07:00:00,2.3041666666666667,2.8,1.4,20:00:00,01:00:00,5.875,11.2,2.0,10:00:00,04:00:00,7.054166666666667,12.3,3.0,09:00:00,04:00:00,5.426736111111111,6.787152777777777,2,1,2,1,1,1,17.791666666666668,13.3,22.3,15.508333333333333,51.125,7.295833333333333,0.2,0.2,1012.8625,995.7958333333332,30.08333333333333,4.87,1.0233333333333332,21.7,39.2,144.33333333333334,150.75,37.1,18.383333333333333,16.904166666666665,0.2917916666666666,0.2886249999999999,254.125,188.41666666666663,65.70833333333333,294.72083333333336,254.125,433.8250000000001
2020-05-04,14.570833333333333,29.7,9.0,08:00:00,16:00:00,83.625,116.0,44.0,19:00:00,08:00:00,3.095833333333333,4.4,2.2,21:00:00,05:00:00,10.6,13.3,9.0,02:00:00,23:00:00,12.841666666666669,16.6,10.5,22:00:00,19:00:00,8.887847222222222,10.45486111111111,2,1,2,1,1,1,17.179166666666667,12.5,22.5,15.491666666666667,51.083333333333336,6.695833333333333,0.0,0.0,1017.5916666666668,1000.4041666666668,13.416666666666666,4.79,1.0058333333333334,15.6,28.9,143.125,147.66666666666666,26.6,18.258333333333333,17.175,0.26225,0.2771666666666667,277.125,210.04166666666663,67.08333333333333,323.7,277.125,435.9375
2020-05-05,14.65,31.6,7.8,08:00:00,16:00:00,67.45833333333333,95.0,27.0,17:00:00,07:00:00,3.8875,5.2,3.3,05:00:00,01:00:00,8.045833333333333,10.8,5.7,08:00:00,01:00:00,10.816666666666668,13.9,8.8,09:00:00,01:00:00,9.069618055555557,11.651215277777778,2,1,2,1,1,1,17.379166666666666,11.6,23.8,15.658333333333331,56.91666666666666,8.466666666666667,0.3,0.3,1013.7875,996.675,39.41666666666666,4.21,0.8941666666666667,15.0,27.0,262.9166666666667,255.125,26.3,18.008333333333333,17.229166666666668,0.2494166666666666,0.2698333333333333,225.75,122.29166666666669,103.45833333333331,189.17916666666667,225.75,437.9708333333333
2020-05-06,13.491666666666667,30.3,7.4,08:00:00,16:00:00,62.79166666666666,103.0,14.0,19:00:00,08:00:00,3.275,4.4,2.4,09:00:00,19:00:00,11.308333333333332,18.7,7.1,12:00:00,19:00:00,13.6875,20.0,8.9,12:00:00,19:00:00,10.044270833333334,12.575,2,1,2,1,2,1,16.925,12.7,22.1,15.883333333333333,74.58333333333333,12.079166666666666,0.3,0.3,1014.85,997.6958333333332,51.083333333333336,3.04,0.5454166666666667,19.1,27.4,145.54166666666666,150.25,36.7,18.004166666666666,17.287499999999998,0.2389166666666666,0.2642083333333333,172.29166666666666,82.58333333333333,89.70833333333333,145.32916666666668,172.29166666666666,439.9875
2020-05-07,16.491666666666667,34.0,9.1,08:00:00,15:00:00,84.375,134.0,35.0,19:00:00,08:00:00,2.9958333333333336,3.8,2.3,21:00:00,02:00:00,13.516666666666666,18.0,10.3,07:00:00,14:00:00,16.95,22.2,13.2,23:00:00,13:00:00,12.303993055555557,15.269618055555554,2,1,2,1,2,1,17.229166666666668,11.9,22.8,16.141666666666666,56.875,8.095833333333333,0.0,0.0,1021.2708333333334,1004.0208333333334,15.125,4.760000000000001,0.9341666666666666,10.8,22.6,76.91666666666667,85.625,21.6,18.883333333333333,17.245833333333334,0.2265416666666666,0.25725,302.125,241.41666666666663,60.708333333333336,367.6833333333333,302.125,441.9375
2020-05-08,22.0625,39.2,11.0,08:00:00,23:00:00,87.04166666666667,144.0,31.0,17:00:00,08:00:00,3.758333333333333,4.9,3.0,21:00:00,06:00:00,20.120833333333334,30.5,7.7,03:00:00,23:00:00,23.575,34.1,9.0,03:00:00,23:00:00,18.61458333333333,22.36927083333333,2,1,2,1,2,2,18.3375,11.4,25.2,17.508333333333333,57.41666666666666,8.733333333333333,0.0,0.0,1019.6791666666668,1002.5208333333334,24.666666666666668,4.65,1.05625,13.8,27.9,98.0,112.66666666666669,23.8,19.27083333333333,17.854166666666668,0.2162499999999999,0.2525833333333333,279.9166666666667,190.95833333333331,88.95833333333333,308.46666666666664,279.9166666666667,443.82916666666665
2020-05-09,11.054166666666667,19.3,6.5,09:00:00,17:00:00,95.41666666666669,127.0,54.0,16:00:00,08:00:00,4.154166666666667,4.9,3.2,02:00:00,00:00:00,7.825,9.2,6.4,08:00:00,12:00:00,10.4375,14.4,7.9,22:00:00,06:00:00,11.966493055555556,14.36701388888889,2,1,2,1,2,1,19.1375,12.8,25.5,17.275000000000002,47.66666666666666,7.320833333333333,0.0,0.0,1015.0291666666668,998.0,18.33333333333333,5.48,1.2466666666666668,16.8,28.6,258.2083333333333,251.04166666666663,30.6,20.0125,18.42083333333333,0.199375,0.2437083333333333,287.2916666666667,219.66666666666663,67.625,334.8958333333333,287.2916666666667,445.6958333333334
2020-05-10,9.979166666666666,17.0,7.5,23:00:00,14:00:00,88.625,120.0,56.0,17:00:00,08:00:00,3.525,4.8,2.9,02:00:00,05:00:00,11.291666666666666,19.1,7.9,23:00:00,00:00:00,15.683333333333332,26.4,10.5,19:00:00,04:00:00,8.938888888888888,12.385763888888889,2,1,2,1,1,1,18.92083333333333,15.2,23.4,18.5,63.083333333333336,11.275,2.0,2.0,1010.8291666666668,993.8583333333332,69.16666666666667,4.0600000000000005,0.8766666666666666,12.7,23.1,243.79166666666663,230.5,23.8,19.854166666666668,18.766666666666666,0.201375,0.2341666666666666,231.83333333333331,147.29166666666666,84.54166666666667,197.5,231.83333333333331,447.5833333333333
2020-05-11,12.375,17.2,6.3,17:00:00,05:00:00,62.375,75.0,47.0,05:00:00,23:00:00,2.4250000000000003,3.7,1.6,20:00:00,05:00:00,9.670833333333333,15.9,5.6,00:00:00,16:00:00,12.741666666666667,23.0,7.5,00:00:00,17:00:00,11.830729166666666,16.33159722222222,2,1,2,1,2,1,15.275,13.3,17.1,13.833333333333334,85.04166666666667,12.745833333333332,21.5,21.5,1003.8833333333332,986.8125,89.45833333333333,1.74,0.2641666666666666,25.5,41.6,124.25,128.70833333333334,46.4,16.179166666666667,17.395833333333332,0.3324583333333333,0.246375,102.16666666666669,29.916666666666668,72.25,47.56666666666666,102.16666666666669,449.425
2020-05-12,14.2,20.4,7.5,08:00:00,16:00:00,48.0,91.0,9.0,17:00:00,07:00:00,3.3875,4.4,2.1,11:00:00,20:00:00,10.25,14.9,6.3,04:00:00,15:00:00,12.1375,17.9,7.9,03:00:00,14:00:00,9.85746527777778,12.22673611111111,1,1,1,1,1,1,16.9875,12.6,22.1,16.945833333333333,75.08333333333333,12.066666666666668,0.1,0.1,1007.8833333333332,990.85,76.125,3.23,0.5650000000000001,14.1,20.8,181.83333333333331,171.25,23.0,17.358333333333334,16.133333333333333,0.3388333333333333,0.277125,201.625,88.0,113.625,138.1125,201.625,451.1958333333334
2020-05-13,18.4375,33.9,8.0,21:00:00,05:00:00,32.375,54.0,9.0,00:00:00,21:00:00,2.5875,3.0,2.3,21:00:00,13:00:00,9.933333333333334,14.6,5.5,18:00:00,06:00:00,11.695833333333333,16.7,8.2,19:00:00,01:00:00,8.874479166666667,10.3765625,1,1,1,1,1,1,14.833333333333334,12.2,17.5,13.620833333333332,85.29166666666667,12.35,9.4,9.4,1010.9208333333332,993.7083333333334,79.79166666666667,1.72,0.2541666666666666,18.4,25.0,85.04166666666667,90.29166666666669,40.7,15.995833333333332,16.416666666666668,0.3412916666666667,0.2801666666666667,110.79166666666669,19.70833333333333,91.08333333333331,32.35,110.79166666666669,452.9166666666667
2020-05-14,17.683333333333334,27.4,8.0,00:00:00,16:00:00,45.0,96.0,6.0,18:00:00,04:00:00,3.1208333333333336,3.5,2.4,03:00:00,23:00:00,12.825,17.0,8.8,22:00:00,14:00:00,17.441666666666666,22.6,13.8,22:00:00,14:00:00,12.19878472222222,15.280729166666667,2,1,1,1,2,1,17.466666666666665,13.4,22.3,17.75,79.125,13.4375,6.2,6.2,1007.6208333333334,990.625,69.29166666666667,3.49,0.48625,12.2,22.7,90.875,103.95833333333331,22.3,17.841666666666665,16.349999999999998,0.3592083333333333,0.301375,224.45833333333331,117.33333333333331,107.125,184.36666666666667,224.45833333333331,454.5875
2020-05-15,10.429166666666667,18.9,5.0,10:00:00,04:00:00,75.0,94.0,57.0,17:00:00,11:00:00,2.575,4.1,1.6,22:00:00,02:00:00,10.35,18.9,5.7,04:00:00,18:00:00,13.154166666666669,21.9,7.1,04:00:00,15:00:00,12.222222222222223,16.102777777777778,2,1,2,1,2,1,16.849999999999998,14.6,20.2,16.366666666666667,82.95833333333333,13.775,50.6,50.6,1008.75,991.7083333333334,66.875,2.5900000000000003,0.3516666666666666,25.4,41.5,181.70833333333331,184.58333333333331,51.5,17.7625,17.220833333333335,0.4072083333333333,0.3747499999999999,172.125,76.04166666666667,96.08333333333331,122.9,172.125,456.23333333333335
2020-05-16,11.625,23.7,7.4,08:00:00,16:00:00,66.91666666666667,90.0,25.0,16:00:00,08:00:00,2.9625,4.1,2.1,00:00:00,16:00:00,11.729166666666666,15.0,9.4,08:00:00,01:00:00,14.675,17.4,11.9,08:00:00,16:00:00,10.1859375,13.241493055555557,2,1,2,1,2,1,17.4375,14.5,21.5,17.258333333333333,77.08333333333333,13.2375,2.5,2.5,1017.6083333333332,1000.4375,76.58333333333333,3.0,0.4879166666666667,16.9,23.5,153.33333333333334,162.79166666666666,33.1,18.041666666666668,17.316666666666666,0.3819583333333333,0.3735416666666666,185.54166666666663,87.5,98.04166666666669,115.40833333333336,185.54166666666663,457.8208333333334
2020-05-17,9.391666666666667,23.3,5.6,23:00:00,16:00:00,70.0,90.0,49.0,17:00:00,09:00:00,2.7125,3.3,1.8,21:00:00,02:00:00,10.916666666666666,14.6,7.6,02:00:00,15:00:00,13.608333333333334,20.0,10.8,23:00:00,15:00:00,11.65486111111111,14.054166666666667,2,1,2,1,2,1,17.583333333333332,14.1,22.1,17.925,79.20833333333333,13.720833333333331,6.500000000000001,6.500000000000001,1017.5958333333332,1000.4416666666666,72.70833333333333,3.41,0.465,13.7,24.5,112.20833333333331,101.70833333333331,24.8,18.25,17.333333333333332,0.3918333333333333,0.3723333333333333,222.41666666666663,111.0,111.41666666666669,154.64583333333334,222.41666666666663,459.3708333333333
2020-05-18,17.783333333333335,28.5,9.5,08:00:00,16:00:00,62.625,110.0,23.0,18:00:00,08:00:00,2.720833333333333,3.5,1.9,21:00:00,06:00:00,14.204166666666666,18.5,9.7,20:00:00,07:00:00,18.65833333333333,24.9,11.1,17:00:00,07:00:00,11.866319444444445,15.277951388888887,2,1,2,1,2,1,19.8,15.2,24.9,20.6125,73.70833333333333,14.6,3.7,3.7,1019.325,1002.2666666666668,53.91666666666666,4.43,0.6954166666666667,13.3,25.2,135.95833333333334,84.91666666666667,28.8,19.97083333333333,18.304166666666667,0.375625,0.3624166666666666,274.625,187.04166666666663,87.58333333333333,278.9458333333333,274.625,460.8958333333333
2020-05-19,21.291666666666668,34.9,9.6,21:00:00,05:00:00,52.458333333333336,76.0,26.0,02:00:00,22:00:00,2.8625000000000003,3.5,2.1,13:00:00,18:00:00,15.358333333333334,23.5,11.8,00:00:00,06:00:00,17.525000000000002,26.1,12.2,00:00:00,07:00:00,15.21527777777778,18.79201388888889,2,1,2,1,2,1,18.654166666666665,16.2,22.1,19.516666666666666,84.54166666666667,15.891666666666667,11.7,11.7,1015.1875,998.1333333333332,66.66666666666667,2.29,0.3554166666666666,13.1,24.7,157.0,161.0,38.9,19.504166666666663,19.025,0.3671666666666666,0.34575,136.08333333333334,41.375,94.70833333333331,60.93333333333334,136.08333333333334,462.4041666666667
2020-05-20,18.6875,28.1,7.6,07:00:00,15:00:00,61.29166666666666,120.0,7.0,19:00:00,07:00:00,3.283333333333333,4.2,2.3,10:00:00,23:00:00,15.6,22.1,9.6,08:00:00,19:00:00,18.5125,25.3,12.7,09:00:00,19:00:00,15.984375,18.66024305555556,2,1,2,1,2,1,20.1625,13.3,25.9,20.941666666666663,72.29166666666667,14.333333333333334,0.0,0.0,1013.425,996.4791666666666,8.583333333333334,4.92,0.7995833333333334,14.7,27.0,196.625,208.58333333333331,24.5,20.429166666666667,18.9625,0.3308333333333333,0.3272916666666667,299.8333333333333,229.125,70.70833333333333,349.1,299.8333333333333,463.9166666666667
2020-05-21,16.995833333333334,29.5,8.3,08:00:00,16:00:00,78.16666666666667,128.0,28.0,19:00:00,08:00:00,2.795833333333333,3.2,2.2,19:00:00,06:00:00,14.666666666666666,22.9,8.2,04:00:00,18:00:00,18.404166666666665,26.1,12.2,03:00:00,18:00:00,15.620486111111113,19.02743055555556,2,1,2,1,2,1,20.65,15.7,25.2,20.77083333333333,63.958333333333336,13.158333333333331,0.0,0.0,1017.9625,1000.9583333333334,6.083333333333333,5.21,0.9641666666666668,15.0,27.4,93.66666666666669,103.04166666666669,25.9,21.516666666666666,19.941666666666663,0.2955416666666666,0.3109166666666667,310.2916666666667,246.70833333333331,63.583333333333336,365.1375,310.2916666666667,465.35
2020-05-22,20.741666666666667,30.1,11.4,02:00:00,16:00:00,80.95833333333333,133.0,33.0,18:00:00,08:00:00,2.8875,3.7,2.0,23:00:00,03:00:00,18.08333333333333,35.0,11.6,04:00:00,17:00:00,21.625,38.5,13.4,04:00:00,18:00:00,16.75173611111111,20.30434027777778,2,1,2,1,2,2,20.8875,15.4,26.1,21.2,64.125,13.45,0.0,0.0,1022.3,1005.2458333333334,20.0,5.06,0.9841666666666667,14.3,27.8,125.41666666666669,136.125,23.8,21.741666666666664,20.391666666666666,0.2692916666666666,0.2925416666666666,292.625,202.5,90.125,302.43333333333334,292.625,466.75
2020-05-23,11.9,19.1,6.5,07:00:00,15:00:00,88.75,126.0,57.0,16:00:00,07:00:00,3.1375,3.9,2.5,04:00:00,16:00:00,9.620833333333334,12.6,5.5,07:00:00,22:00:00,11.883333333333333,14.8,9.9,00:00:00,23:00:00,12.815451388888889,15.698611111111113,2,1,2,1,2,1,21.004166666666663,16.3,26.7,20.933333333333334,62.583333333333336,13.341666666666669,1.6,1.6,1021.975,1004.9375,43.625,4.96,0.99,19.8,28.8,245.54166666666663,240.95833333333331,36.4,22.225,20.841666666666665,0.2461666666666666,0.275,266.9166666666667,181.08333333333331,85.83333333333333,243.41666666666663,266.9166666666667,468.0958333333333
2020-05-24,9.666666666666666,23.9,4.6,23:00:00,16:00:00,71.33333333333333,110.0,31.0,19:00:00,07:00:00,2.3000000000000003,2.8,1.2,12:00:00,05:00:00,5.370833333333334,9.4,1.0,11:00:00,06:00:00,6.5625,11.3,1.6,13:00:00,06:00:00,6.524131944444444,8.240972222222222,2,1,2,1,1,1,19.89583333333333,16.9,24.6,18.45,56.41666666666666,10.158333333333331,1.4,1.4,1023.7125,1006.5791666666668,32.25,4.89,1.0795833333333331,25.6,44.2,167.04166666666666,158.45833333333334,46.4,20.375,20.15,0.2519166666666667,0.267875,256.5833333333333,170.58333333333334,86.0,273.46250000000003,256.5833333333333,469.39166666666665
2020-05-25,18.070833333333333,29.3,9.4,09:00:00,15:00:00,74.66666666666667,118.0,32.0,17:00:00,08:00:00,2.841666666666667,3.8,2.2,22:00:00,04:00:00,8.991666666666667,12.0,5.9,03:00:00,19:00:00,11.108333333333334,14.0,8.0,08:00:00,19:00:00,8.207986111111111,9.821006944444443,2,1,2,1,1,1,20.2125,15.3,25.0,19.4625,53.91666666666666,10.091666666666669,0.0,0.0,1025.2083333333333,1008.0666666666666,17.5,5.609999999999999,1.1758333333333333,15.1,31.1,153.41666666666666,159.04166666666666,24.8,21.28333333333333,19.8375,0.25225,0.2607916666666667,319.2916666666667,253.0,66.29166666666667,375.2916666666667,319.2916666666667,470.64166666666665
2020-05-26,14.0875,22.5,6.4,06:00:00,15:00:00,79.41666666666667,111.0,44.0,19:00:00,05:00:00,2.441666666666667,3.2,1.3,02:00:00,01:00:00,8.145833333333334,11.9,4.9,08:00:00,01:00:00,10.216666666666669,13.9,6.9,08:00:00,01:00:00,7.959895833333333,10.06857638888889,2,1,2,1,1,1,19.654166666666665,14.4,24.2,17.758333333333333,48.75,8.333333333333334,0.0,0.0,1025.8,1008.6166666666668,10.375,5.86,1.2195833333333332,24.4,40.5,86.875,76.125,46.1,21.304166666666667,20.25,0.221875,0.2435833333333333,307.4583333333333,213.54166666666663,93.91666666666669,325.32916666666665,307.4583333333333,471.8416666666667
2020-05-27,15.125,31.6,7.6,23:00:00,14:00:00,79.04166666666667,116.0,43.0,18:00:00,08:00:00,2.7,3.3,2.4,07:00:00,01:00:00,9.154166666666669,14.3,6.6,08:00:00,17:00:00,11.375,16.6,7.8,08:00:00,02:00:00,8.963541666666666,11.009375,2,1,2,1,1,1,19.3625,14.8,24.0,17.916666666666668,49.66666666666666,8.108333333333333,0.0,0.0,1028.6375,1011.3958333333334,10.083333333333334,5.53,1.1995833333333332,18.1,30.6,102.375,108.54166666666669,40.0,21.4375,20.3875,0.1995,0.2292499999999999,308.875,234.29166666666663,74.58333333333333,345.7416666666666,308.875,473.0083333333334
2020-05-28,23.104166666666668,39.0,8.3,02:00:00,16:00:00,79.33333333333333,137.0,29.0,18:00:00,07:00:00,3.7541666666666655,4.7,3.1,10:00:00,01:00:00,16.670833333333334,25.0,8.2,04:00:00,22:00:00,19.904166666666665,29.5,11.3,03:00:00,22:00:00,14.45954861111111,17.530034722222222,2,1,2,1,2,1,19.47083333333333,12.4,25.6,19.0125,56.958333333333336,10.033333333333331,0.0,0.0,1023.3291666666668,1006.1708333333332,15.166666666666666,5.01,1.1125,15.9,27.5,135.66666666666666,154.16666666666666,28.4,21.441666666666663,20.308333333333334,0.1795,0.2164166666666666,295.4583333333333,214.29166666666663,81.16666666666667,319.125,295.4583333333333,474.1583333333333
2020-05-29,10.85,20.3,6.1,22:00:00,16:00:00,90.66666666666669,110.0,73.0,20:00:00,03:00:00,2.5708333333333333,3.4,1.7,21:00:00,14:00:00,9.070833333333333,15.5,6.0,02:00:00,15:00:00,10.8875,18.9,7.4,00:00:00,14:00:00,11.658854166666666,13.857291666666669,2,1,2,1,2,1,17.316666666666666,14.2,21.3,15.270833333333334,61.625,9.170833333333333,0.5,0.5,1020.9083333333332,1003.675,36.625,4.47,0.8245833333333333,22.2,35.9,96.58333333333331,100.25,47.5,20.466666666666665,20.191666666666663,0.1585833333333333,0.202875,269.75,192.25,77.5,280.65416666666664,269.75,475.26666666666665
2020-05-30,15.979166666666666,28.5,6.6,09:00:00,17:00:00,90.08333333333331,131.0,51.0,18:00:00,08:00:00,3.1208333333333336,3.5,2.6,02:00:00,22:00:00,11.508333333333333,15.0,8.6,03:00:00,18:00:00,13.479166666666666,18.3,9.7,00:00:00,18:00:00,10.023958333333333,12.284895833333332,2,1,2,1,2,1,17.904166666666665,14.4,23.0,16.787499999999998,62.79166666666666,10.141666666666667,1.0,1.0,1017.0666666666666,999.9208333333332,45.66666666666666,3.95,0.8391666666666667,16.5,27.6,83.5,104.5,31.3,20.041666666666668,19.541666666666668,0.1540416666666666,0.1942083333333333,219.0,129.75,89.25,182.90416666666667,219.0,476.30416666666673
2020-05-31,9.679166666666667,17.5,5.9,23:00:00,15:00:00,89.125,118.0,63.0,19:00:00,09:00:00,2.5791666666666666,3.0,2.3,21:00:00,05:00:00,10.6375,13.9,9.6,23:00:00,15:00:00,12.025,16.3,9.7,22:00:00,04:00:00,10.844965277777776,12.169965277777775,2,1,2,1,2,1,18.616666666666667,14.0,24.1,17.400000000000002,60.66666666666666,10.091666666666669,1.1,1.1,1015.8208333333332,998.7541666666666,50.41666666666666,4.38,0.945,17.7,29.9,105.70833333333331,110.25,31.3,20.5125,19.604166666666668,0.1615416666666666,0.185625,254.58333333333331,152.29166666666666,102.29166666666669,234.2125,254.58333333333331,477.2916666666667
2020-06-01,16.966666666666665,25.8,8.7,02:00:00,17:00:00,81.29166666666667,126.0,43.0,17:00:00,08:00:00,2.625,3.2,1.9,06:00:00,19:00:00,15.125,21.2,8.3,08:00:00,19:00:00,18.325,26.0,12.3,06:00:00,19:00:00,13.886979166666668,16.281423611111112,2,1,2,1,2,1,20.4875,15.4,25.8,20.05,55.958333333333336,10.833333333333334,0.0,0.0,1016.7416666666668,999.7416666666668,23.166666666666668,5.17,1.1733333333333331,10.7,22.4,95.45833333333331,102.45833333333331,18.7,22.041666666666668,20.1375,0.165125,0.1826666666666666,293.5833333333333,216.95833333333331,76.625,317.71250000000003,293.5833333333333,478.2291666666667
2020-06-02,15.4125,26.7,5.9,06:00:00,16:00:00,79.83333333333333,123.0,35.0,14:00:00,07:00:00,3.1333333333333333,4.0,2.3,09:00:00,16:00:00,14.8,19.5,9.8,08:00:00,20:00:00,17.900000000000002,27.0,12.7,08:00:00,15:00:00,14.65642361111111,17.959722222222222,2,1,2,1,2,1,22.291666666666668,15.8,28.5,22.5125,55.0,11.866666666666667,0.2,0.2,1013.375,996.5583333333334,16.75,5.15,1.3854166666666667,7.4,11.5,133.66666666666666,150.70833333333334,25.6,23.65416666666667,21.254166666666663,0.15025,0.1710416666666666,297.0416666666667,219.91666666666663,77.125,323.81666666666666,297.0416666666667,479.0916666666667
2020-06-03,14.529166666666669,30.3,8.8,08:00:00,16:00:00,69.54166666666667,118.0,23.0,15:00:00,06:00:00,3.0708333333333333,4.0,2.1,00:00:00,18:00:00,12.958333333333334,19.5,6.7,02:00:00,18:00:00,16.724999999999998,24.1,11.6,00:00:00,19:00:00,14.157986111111112,17.578298611111112,2,1,2,1,2,1,20.479166666666668,14.1,27.5,20.9875,65.45833333333333,13.3,1.5,1.5,1007.9458333333332,991.1125,33.791666666666664,4.67,0.9395833333333332,10.3,21.9,170.79166666666666,173.29166666666666,34.2,22.72083333333333,21.629166666666663,0.1499583333333333,0.1715416666666666,273.4583333333333,193.375,80.08333333333333,274.7416666666667,273.4583333333333,479.9083333333333
2020-06-04,17.879166666666666,30.8,12.0,09:00:00,02:00:00,52.79166666666666,74.0,29.0,00:00:00,09:00:00,2.2625,3.9,1.2,03:00:00,20:00:00,8.616666666666667,12.5,5.1,00:00:00,22:00:00,9.608333333333333,14.5,6.1,00:00:00,20:00:00,10.382118055555557,12.646180555555556,2,1,2,1,2,1,16.458333333333332,15.2,17.9,16.037499999999998,88.95833333333333,14.608333333333334,20.5,20.5,1000.6666666666666,983.7208333333332,92.66666666666669,1.07,0.21,20.5,33.1,106.0,108.5,57.2,17.895833333333332,20.004166666666663,0.2518333333333333,0.17625,57.458333333333336,3.0,54.458333333333336,5.0375,57.458333333333336,480.67916666666673
2020-06-05,12.8875,20.7,9.1,08:00:00,18:00:00,65.83333333333333,101.0,22.0,20:00:00,07:00:00,3.1916666666666664,4.6,2.0,09:00:00,02:00:00,6.491666666666667,8.2,4.6,05:00:00,12:00:00,7.983333333333333,10.9,6.0,07:00:00,17:00:00,7.149131944444445,8.310590277777779,2,1,2,1,1,1,19.191666666666663,13.5,24.8,18.9875,66.75,11.945833333333333,5.3,5.3,997.9916666666668,981.2458333333334,25.08333333333333,5.04,0.8895833333333334,11.7,25.3,246.95833333333331,239.58333333333331,25.6,19.54583333333333,18.40833333333333,0.344625,0.2237916666666666,310.3333333333333,238.875,71.45833333333333,347.83750000000003,310.3333333333333,481.3875
2020-06-06,14.525,23.5,6.5,07:00:00,14:00:00,68.29166666666667,114.0,25.0,18:00:00,07:00:00,3.408333333333333,4.3,2.5,02:00:00,17:00:00,10.904166666666669,18.9,6.1,08:00:00,15:00:00,12.6875,21.1,8.0,07:00:00,01:00:00,8.919097222222222,10.522222222222222,2,1,2,1,1,1,20.3,14.4,25.5,20.6625,64.70833333333333,12.9375,0.0,0.0,1005.4166666666666,988.6041666666666,21.70833333333333,4.95,0.9429166666666666,15.1,22.3,158.75,161.91666666666666,31.0,21.308333333333334,19.966666666666665,0.2895,0.2359583333333333,300.5,226.08333333333331,74.41666666666667,327.65000000000003,300.5,482.06666666666666
2020-06-07,12.033333333333331,16.3,8.5,23:00:00,16:00:00,49.0,63.0,37.0,18:00:00,09:00:00,2.504166666666667,4.3,1.2,01:00:00,19:00:00,7.6625,12.7,5.9,00:00:00,21:00:00,9.104166666666666,15.9,6.4,01:00:00,05:00:00,9.28125,11.079861111111112,1,1,1,1,1,1,17.983333333333334,16.1,21.5,18.3,85.75,15.479166666666666,45.3,45.3,1005.4375,988.5,94.25,1.75,0.3079166666666666,18.4,29.8,93.04166666666669,111.95833333333331,64.4,19.10833333333333,19.879166666666663,0.3609583333333333,0.26175,99.33333333333331,23.95833333333333,75.375,32.170833333333334,99.33333333333331,482.69166666666666
2020-06-08,16.766666666666666,23.2,11.6,09:00:00,01:00:00,39.25,67.0,15.0,17:00:00,07:00:00,2.6875,3.1,1.9,03:00:00,18:00:00,5.8375,7.7,3.8,06:00:00,21:00:00,6.741666666666667,10.2,4.6,04:00:00,16:00:00,6.621180555555555,7.810069444444444,1,1,1,1,1,1,16.337500000000002,14.3,18.2,16.708333333333332,89.25,14.504166666666668,31.4,31.4,1007.2916666666666,990.225,80.5,1.72,0.2083333333333333,14.8,23.4,73.66666666666667,81.83333333333333,32.4,17.420833333333334,18.1,0.4175833333333333,0.382625,113.83333333333331,33.958333333333336,79.875,56.98333333333333,113.83333333333331,483.26666666666665
2020-06-09,15.641666666666666,23.4,8.9,08:00:00,02:00:00,53.375,81.0,25.0,19:00:00,07:00:00,2.6916666666666664,3.7,1.8,23:00:00,03:00:00,7.541666666666667,16.0,4.4,23:00:00,05:00:00,9.370833333333334,17.9,4.2,23:00:00,02:00:00,5.608333333333333,6.761284722222222,2,1,2,1,1,1,16.145833333333332,14.1,19.4,16.2625,86.66666666666667,13.820833333333333,11.6,11.6,1009.6166666666668,992.5041666666666,69.54166666666667,2.43,0.2641666666666666,12.3,20.7,103.29166666666669,79.83333333333333,31.0,17.620833333333334,17.579166666666666,0.4179166666666666,0.4098333333333333,167.5,68.0,99.5,103.9125,167.5,483.7916666666667
2020-06-10,19.308333333333334,31.6,13.1,23:00:00,15:00:00,47.458333333333336,79.0,18.0,15:00:00,07:00:00,3.345833333333333,4.4,2.7,01:00:00,20:00:00,13.1625,24.2,5.7,02:00:00,13:00:00,15.616666666666667,27.4,7.4,02:00:00,15:00:00,12.807986111111113,15.039409722222222,2,1,1,1,2,1,16.316666666666666,11.5,21.1,16.379166666666666,79.16666666666667,12.441666666666668,1.3,1.3,1009.5208333333334,992.4166666666666,40.41666666666666,3.55,0.43625,8.6,12.0,203.16666666666663,217.125,27.7,18.1625,17.875,0.392125,0.38925,248.625,143.33333333333334,105.29166666666669,220.5041666666667,248.625,484.26666666666665
2020-06-11,18.425,29.0,9.9,00:00:00,16:00:00,59.29166666666666,97.0,32.0,17:00:00,01:00:00,2.5458333333333334,3.0,1.9,04:00:00,16:00:00,13.741666666666667,18.0,10.6,04:00:00,22:00:00,15.329166666666666,20.1,10.8,04:00:00,13:00:00,12.257291666666667,14.400868055555556,2,1,2,1,2,1,16.412499999999998,14.0,19.9,16.816666666666666,83.54166666666667,13.479166666666666,4.9,4.9,1010.0416666666666,992.9375,82.66666666666667,2.67,0.3349999999999999,7.9,15.8,81.91666666666667,91.45833333333331,21.2,17.712500000000002,17.8,0.4070416666666667,0.3922916666666667,180.95833333333331,78.79166666666667,102.16666666666669,104.10833333333332,180.95833333333331,484.7291666666667
2020-06-12,18.991666666666667,28.9,10.6,07:00:00,15:00:00,67.83333333333333,111.0,18.0,17:00:00,07:00:00,2.9,3.4,2.6,01:00:00,14:00:00,14.0625,19.6,9.5,08:00:00,16:00:00,16.3125,24.1,10.6,00:00:00,16:00:00,14.005729166666669,16.141145833333333,2,1,2,1,2,1,18.191666666666663,13.0,23.0,18.279166666666665,73.95833333333333,13.079166666666666,0.4,0.4,1012.1625,995.125,44.0,3.79,0.6170833333333333,10.3,20.8,147.79166666666666,158.91666666666666,20.9,18.729166666666668,18.004166666666666,0.38975,0.3865,237.54166666666663,141.79166666666666,95.75,218.9416666666667,237.54166666666663,485.1375
2020-06-13,14.8875,27.1,5.6,00:00:00,16:00:00,57.79166666666666,97.0,28.0,15:00:00,03:00:00,2.558333333333333,3.1,1.9,12:00:00,18:00:00,9.158333333333331,13.3,6.4,00:00:00,17:00:00,11.125,14.7,8.7,00:00:00,12:00:00,11.41059027777778,13.080902777777778,2,1,2,1,2,1,19.829166666666666,16.6,24.1,19.729166666666668,68.29166666666667,13.6,0.2,0.2,1011.7208333333332,994.7916666666666,51.54166666666666,4.43,0.7720833333333333,14.3,23.8,279.125,267.0833333333333,30.2,20.075,19.03333333333333,0.357,0.362625,254.0,169.375,84.625,224.89583333333331,254.0,485.4916666666666
2020-06-14,9.279166666666669,16.2,5.7,23:00:00,17:00:00,62.66666666666666,99.0,31.0,19:00:00,07:00:00,2.75,3.4,2.1,09:00:00,16:00:00,6.391666666666667,8.9,4.6,10:00:00,14:00:00,7.75,12.0,4.9,10:00:00,15:00:00,7.5890625,9.440972222222223,2,1,2,1,1,1,20.383333333333333,15.6,25.2,21.633333333333336,76.70833333333333,15.733333333333334,0.9,0.9,1010.2208333333332,993.3458333333332,42.458333333333336,4.59,0.6541666666666667,14.2,25.0,237.375,244.08333333333331,24.1,20.616666666666667,19.4,0.3529166666666667,0.3503333333333333,286.75,198.125,88.625,278.725,286.75,485.8083333333333
2020-06-15,20.370833333333334,31.4,9.6,08:00:00,17:00:00,55.91666666666666,110.0,13.0,17:00:00,07:00:00,2.783333333333333,3.9,2.2,10:00:00,19:00:00,8.679166666666667,13.0,5.5,23:00:00,04:00:00,10.791666666666666,14.1,7.2,23:00:00,16:00:00,7.130381944444444,8.91232638888889,2,1,2,1,1,1,20.354166666666668,15.4,24.8,22.02916666666667,81.5,16.841666666666665,0.8999999999999999,0.8999999999999999,1011.875,994.9625,33.333333333333336,4.08,0.505,12.2,20.1,140.29166666666666,132.66666666666666,23.0,21.325,20.241666666666667,0.3351666666666666,0.3402916666666666,255.45833333333331,134.25,121.20833333333331,190.78333333333333,255.45833333333331,486.06666666666666
2020-06-16,16.770833333333332,31.6,8.7,23:00:00,16:00:00,67.625,106.0,29.0,16:00:00,07:00:00,2.625,3.2,2.1,08:00:00,14:00:00,12.179166666666667,17.9,7.0,03:00:00,17:00:00,13.654166666666669,19.6,8.5,03:00:00,19:00:00,11.422916666666666,13.279513888888888,2,1,2,1,2,1,20.1625,17.0,24.0,22.129166666666663,82.16666666666667,16.825,4.5,4.5,1012.5708333333332,995.6333333333332,49.083333333333336,4.03,0.4683333333333333,7.4,14.6,163.625,124.08333333333331,21.6,21.491666666666664,20.60833333333333,0.3311666666666666,0.3290833333333333,253.125,151.45833333333334,101.66666666666669,197.92083333333332,253.125,486.2833333333333
2020-06-17,17.420833333333334,27.5,10.7,00:00:00,18:00:00,68.375,102.0,48.0,18:00:00,00:00:00,2.733333333333333,3.4,2.2,23:00:00,20:00:00,10.404166666666669,16.5,5.3,02:00:00,14:00:00,11.945833333333333,17.4,5.7,05:00:00,16:00:00,11.215625,12.6125,2,1,2,1,2,1,18.675,16.6,21.3,20.216666666666665,87.04166666666667,16.420833333333334,10.4,10.4,1010.5791666666668,993.5916666666668,61.75,3.12,0.2945833333333333,10.3,17.1,235.79166666666663,234.45833333333331,23.0,20.39583333333333,20.0,0.3727916666666667,0.3442916666666666,204.95833333333331,96.29166666666669,108.66666666666669,140.02083333333334,204.95833333333331,486.425
2020-06-18,16.525000000000002,23.8,7.8,08:00:00,14:00:00,53.958333333333336,92.0,12.0,16:00:00,07:00:00,3.0875,4.1,2.0,09:00:00,16:00:00,10.275,15.9,6.0,09:00:00,16:00:00,12.016666666666666,18.9,7.9,08:00:00,17:00:00,10.176909722222222,11.666319444444444,2,1,2,1,2,1,18.8625,14.1,23.2,19.8375,80.08333333333333,15.145833333333334,2.3000000000000003,2.3000000000000003,1011.5708333333332,994.5666666666666,23.33333333333333,4.25,0.4895833333333333,13.2,16.6,255.83333333333331,261.7916666666667,35.3,20.304166666666667,19.695833333333333,0.3726666666666666,0.3659583333333333,281.4166666666667,188.20833333333331,93.20833333333331,273.02500000000003,281.4166666666667,486.525
2020-06-19,16.041666666666668,27.8,8.2,22:00:00,15:00:00,66.5,99.0,29.0,16:00:00,07:00:00,3.0375,3.8,2.3,02:00:00,17:00:00,9.933333333333334,14.0,6.2,05:00:00,18:00:00,12.395833333333334,16.7,8.1,08:00:00,17:00:00,10.159375,12.599131944444444,2,1,2,1,2,1,19.104166666666668,14.3,23.2,19.70833333333333,77.29166666666667,14.804166666666667,1.9,1.9,1014.1916666666666,997.175,11.166666666666666,4.48,0.5583333333333333,14.5,27.0,260.75,261.4583333333333,28.1,20.5375,19.83333333333333,0.3584583333333333,0.3523749999999999,298.1666666666667,214.54166666666663,83.625,329.9291666666667,298.1666666666667,486.5708333333334
2020-06-20,21.22083333333333,34.7,7.7,05:00:00,16:00:00,66.375,127.0,7.0,19:00:00,06:00:00,3.1291666666666664,4.0,2.4,22:00:00,14:00:00,10.925,18.3,7.2,09:00:00,18:00:00,12.320833333333333,19.5,8.6,09:00:00,02:00:00,10.199479166666666,11.786979166666669,2,1,2,1,2,1,20.6,13.4,26.0,21.616666666666664,68.45833333333333,13.741666666666667,0.3,0.3,1015.9791666666666,999.0166666666668,7.0,5.07,0.93375,8.7,19.5,169.5,170.0,22.3,21.29583333333333,20.216666666666665,0.3319583333333333,0.3367916666666666,324.375,255.0,69.375,377.5708333333334,324.375,486.5625
2020-06-21,15.941666666666668,31.0,5.6,00:00:00,14:00:00,65.875,97.0,30.0,17:00:00,06:00:00,2.3208333333333333,3.3,1.3,21:00:00,14:00:00,6.583333333333333,14.2,3.7,02:00:00,13:00:00,7.925,15.7,4.5,00:00:00,14:00:00,9.03315972222222,10.577777777777778,2,1,2,1,1,1,22.979166666666668,15.9,29.4,23.075,55.54166666666666,12.766666666666666,0.0,0.0,1014.425,997.625,14.041666666666666,6.0,1.41625,17.3,34.2,267.75,225.45833333333331,32.4,22.73333333333333,21.191666666666663,0.2972083333333333,0.3149583333333333,326.5416666666667,260.4583333333333,66.08333333333333,386.3958333333333,326.5416666666667,486.4875
2020-06-22,19.354166666666668,38.8,10.1,23:00:00,16:00:00,76.625,128.0,27.0,16:00:00,07:00:00,2.5416666666666665,4.0,1.6,23:00:00,00:00:00,6.8875,17.0,3.8,23:00:00,02:00:00,8.404166666666667,18.5,4.7,23:00:00,02:00:00,5.440451388888889,6.705034722222223,2,1,2,1,1,1,24.391666666666666,18.7,29.8,24.3,46.958333333333336,11.9875,0.0,0.0,1016.4125,999.6416666666668,1.5833333333333333,6.57,1.700416666666667,15.3,32.6,210.83333333333331,175.04166666666666,27.0,24.0,22.1875,0.2604166666666667,0.2907083333333333,329.5833333333333,265.625,63.958333333333336,392.8208333333334,329.5833333333333,486.3708333333333
2020-06-23,25.695833333333336,40.2,11.4,08:00:00,15:00:00,77.125,146.0,20.0,17:00:00,08:00:00,3.2625,5.1,1.8,10:00:00,14:00:00,13.65,19.0,9.2,23:00:00,19:00:00,17.037499999999998,29.7,10.2,23:00:00,18:00:00,11.122743055555556,13.40642361111111,2,1,2,1,2,1,24.4625,17.5,30.5,26.04583333333333,59.583333333333336,15.4,0.0,0.0,1017.3625,1000.5916666666668,4.791666666666667,5.79,1.4037499999999998,9.4,12.7,148.125,135.875,18.7,24.879166666666663,22.975,0.227,0.2664583333333333,325.7083333333333,261.1666666666667,64.54166666666667,384.2625,325.7083333333333,486.2083333333333
2020-06-24,21.60833333333333,46.8,8.0,01:00:00,15:00:00,91.58333333333331,153.0,30.0,17:00:00,01:00:00,2.575,3.1,2.2,03:00:00,12:00:00,13.745833333333332,19.1,9.2,02:00:00,11:00:00,17.525000000000002,28.1,11.9,00:00:00,11:00:00,14.286284722222222,18.17430555555556,2,1,2,1,2,1,24.383333333333336,18.7,29.3,25.5625,62.708333333333336,16.570833333333333,0.0,0.0,1017.7041666666668,1000.9208333333332,7.5,5.79,1.22,16.9,29.2,97.83333333333331,101.5,32.4,24.975,23.53333333333333,0.2074583333333333,0.251875,306.2916666666667,235.04166666666663,71.25,341.8416666666667,306.2916666666667,485.98333333333335
2020-06-25,13.895833333333334,20.7,7.8,09:00:00,15:00:00,101.45833333333331,136.0,63.0,17:00:00,08:00:00,2.558333333333333,3.0,2.0,09:00:00,22:00:00,11.4125,16.8,9.2,23:00:00,13:00:00,14.85,19.7,11.4,21:00:00,08:00:00,11.615104166666669,15.333854166666669,3,1,3,1,2,1,23.3125,19.0,28.0,23.829166666666666,62.458333333333336,15.55,0.3,0.3,1017.1958333333332,1000.3625,45.083333333333336,4.8100000000000005,1.1275,17.1,27.7,112.375,118.41666666666669,31.3,25.0375,23.766666666666666,0.1878333333333333,0.2405,242.20833333333331,144.25,97.95833333333331,220.8708333333333,242.20833333333331,485.70416666666665
2020-06-26,13.425,25.1,8.1,23:00:00,16:00:00,96.375,126.0,69.0,17:00:00,08:00:00,2.279166666666667,2.9,1.9,21:00:00,01:00:00,13.9875,19.8,8.8,03:00:00,17:00:00,15.941666666666668,21.6,10.7,03:00:00,16:00:00,13.743923611111112,16.253819444444446,2,1,2,1,2,1,22.65833333333333,17.8,28.5,23.97083333333333,69.83333333333333,16.5125,0.5,0.5,1016.9541666666668,1000.0875,47.5,4.49,0.92375,17.1,29.1,137.5,112.625,30.2,24.241666666666664,23.2375,0.1697916666666666,0.2295,246.91666666666663,149.5,97.41666666666669,201.55416666666667,246.91666666666663,485.35833333333335
2020-06-27,19.8,32.6,8.2,04:00:00,16:00:00,86.29166666666667,147.0,33.0,17:00:00,05:00:00,2.2291666666666665,2.6,1.7,10:00:00,01:00:00,12.083333333333334,16.2,8.1,02:00:00,16:00:00,13.995833333333332,17.5,10.4,02:00:00,16:00:00,12.7203125,14.537326388888888,2,1,2,1,2,1,23.7875,19.3,28.3,26.116666666666664,72.70833333333333,18.28333333333333,0.5,0.5,1015.7208333333332,998.95,35.625,4.5200000000000005,0.8883333333333333,12.1,18.0,199.25,205.29166666666663,25.9,25.254166666666663,23.541666666666668,0.158375,0.2175,254.16666666666663,164.875,89.29166666666667,237.475,254.16666666666663,484.9583333333333
2020-06-28,14.283333333333331,25.0,4.8,00:00:00,15:00:00,74.75,115.0,20.0,18:00:00,06:00:00,2.208333333333333,2.9,1.3,06:00:00,15:00:00,12.133333333333333,15.9,9.4,02:00:00,17:00:00,14.933333333333332,19.2,11.8,08:00:00,11:00:00,12.17048611111111,14.584027777777775,2,1,2,1,2,1,25.183333333333334,19.0,31.3,26.666666666666668,58.66666666666666,15.191666666666668,0.0,0.0,1014.6666666666666,997.9833333333332,5.833333333333333,5.78,1.5566666666666666,10.6,22.8,239.41666666666663,239.41666666666663,17.6,26.475,24.191666666666663,0.1465833333333333,0.2040833333333333,323.0833333333333,259.5,63.583333333333336,381.6208333333333,323.0833333333333,484.525
2020-06-29,12.541666666666666,20.6,7.8,08:00:00,12:00:00,85.625,120.0,52.0,16:00:00,07:00:00,2.783333333333333,3.6,2.1,05:00:00,23:00:00,10.7375,12.4,9.0,07:00:00,20:00:00,14.104166666666666,16.2,11.9,06:00:00,19:00:00,11.094444444444443,14.44513888888889,2,1,2,1,2,1,25.579166666666666,19.9,30.6,27.14583333333333,60.54166666666666,17.0625,0.0,0.0,1010.3916666666668,993.8,11.833333333333334,5.71,1.39125,11.3,23.9,262.6666666666667,257.375,29.9,26.825,24.84166666666667,0.1432916666666666,0.1973333333333333,294.875,226.20833333333331,68.66666666666667,334.6791666666667,294.875,484.0291666666666
2020-06-30,14.033333333333331,21.6,7.8,23:00:00,17:00:00,89.0,130.0,50.0,19:00:00,02:00:00,1.9416666666666669,2.5,1.5,00:00:00,17:00:00,11.3875,14.2,9.5,03:00:00,17:00:00,14.933333333333332,18.3,12.4,23:00:00,16:00:00,10.91527777777778,14.1625,2,1,2,1,2,1,25.35,21.3,29.3,27.35833333333333,65.79166666666667,18.2625,1.0,1.0,1010.9708333333332,994.3583333333332,53.375,4.58,1.1716666666666666,13.7,23.7,99.125,105.58333333333331,23.0,26.73333333333333,25.2375,0.1447083333333333,0.1869999999999999,234.0,136.70833333333334,97.29166666666669,206.41666666666663,234.0,483.4791666666667
2020-07-01,16.779166666666665,24.8,9.9,09:00:00,02:00:00,74.04166666666667,128.0,38.0,18:00:00,07:00:00,2.379166666666667,2.9,1.7,02:00:00,08:00:00,10.791666666666666,15.2,8.6,03:00:00,12:00:00,13.079166666666666,18.5,10.0,00:00:00,11:00:00,11.4625,14.565451388888889,2,1,2,1,2,1,24.35,20.6,27.9,27.120833333333334,72.91666666666667,18.945833333333333,1.3,1.3,1011.6583333333332,994.9791666666666,41.04166666666666,4.17,0.88,13.8,24.5,251.625,253.04166666666663,25.6,26.7375,25.48333333333333,0.16375,0.1772083333333333,229.375,131.58333333333334,97.79166666666669,190.41666666666663,229.375,482.875
2020-07-02,15.8375,24.6,8.0,08:00:00,17:00:00,76.83333333333333,134.0,26.0,16:00:00,08:00:00,2.2583333333333333,2.7,1.6,00:00:00,08:00:00,11.25,14.0,9.2,19:00:00,07:00:00,13.958333333333334,19.6,9.5,17:00:00,07:00:00,10.530555555555557,12.683680555555554,2,1,2,1,2,1,24.40416666666667,20.0,29.7,27.504166666666663,75.54166666666667,19.416666666666668,4.3,4.3,1010.3958333333334,993.7416666666668,23.625,5.04,0.8595833333333333,11.5,21.4,151.125,154.25,26.6,26.308333333333334,25.075,0.2427083333333333,0.1745,288.9166666666667,208.91666666666663,80.0,299.85,288.9166666666667,482.23333333333335
2020-07-03,14.154166666666669,21.8,8.2,08:00:00,15:00:00,83.25,130.0,35.0,17:00:00,07:00:00,1.8458333333333328,2.9,1.4,09:00:00,22:00:00,10.570833333333333,14.7,7.9,06:00:00,21:00:00,12.2875,15.6,9.3,18:00:00,03:00:00,11.0765625,13.340972222222222,2,1,2,1,2,1,22.229166666666668,18.9,26.0,24.325,79.625,18.375,8.6,8.6,1012.3375,995.5291666666668,27.875,4.04,0.5891666666666667,13.7,21.9,75.29166666666667,86.5,28.8,24.4,24.64583333333333,0.3055,0.1760833333333333,241.0,146.41666666666666,94.58333333333331,220.3375,241.0,481.5208333333333
2020-07-04,12.154166666666669,25.4,6.4,23:00:00,14:00:00,78.875,115.0,41.0,18:00:00,09:00:00,1.7833333333333332,2.4,1.3,21:00:00,07:00:00,6.991666666666667,11.6,4.9,23:00:00,10:00:00,8.4375,13.8,6.3,23:00:00,09:00:00,8.775694444444445,10.410416666666666,2,1,2,1,1,1,22.85833333333333,17.6,27.2,24.620833333333334,69.70833333333333,16.504166666666666,3.3,3.3,1017.05,1000.1916666666666,31.25,4.95,0.9541666666666668,8.6,14.8,166.29166666666666,139.66666666666666,32.0,23.825,23.23333333333333,0.3302916666666666,0.2130416666666666,293.0833333333333,212.58333333333331,80.5,308.50416666666666,293.0833333333333,480.76666666666665
2020-07-05,18.954166666666666,37.6,6.0,02:00:00,15:00:00,79.875,140.0,14.0,19:00:00,06:00:00,2.275,2.6,1.9,08:00:00,00:00:00,11.841666666666669,17.8,7.3,09:00:00,18:00:00,13.379166666666668,19.9,8.5,08:00:00,18:00:00,9.81232638888889,11.525,2,1,2,1,1,1,24.320833333333336,18.2,29.5,26.825,67.625,17.441666666666666,0.0,0.0,1015.9625,999.2041666666668,1.375,5.56,1.12375,7.5,13.9,74.29166666666667,95.95833333333331,16.9,25.6875,24.03333333333333,0.27375,0.2156249999999999,322.625,260.7916666666667,61.833333333333336,391.3125,322.625,479.9625
2020-07-06,20.904166666666665,33.4,9.4,08:00:00,16:00:00,93.33333333333331,165.0,12.0,15:00:00,07:00:00,2.3916666666666666,3.0,1.8,13:00:00,00:00:00,13.808333333333332,20.1,2.9,08:00:00,23:00:00,15.3375,24.0,4.3,08:00:00,23:00:00,13.185763888888888,14.64861111111111,2,1,2,1,2,1,25.6125,19.3,31.0,28.475,68.0,18.754166666666663,0.9,0.9,1010.05,993.4666666666668,9.166666666666666,5.69,1.1979166666666667,28.1,46.1,112.79166666666669,131.91666666666666,44.6,26.9875,25.179166666666664,0.2378333333333333,0.2086666666666666,305.75,243.58333333333331,62.16666666666666,359.8666666666666,305.75,479.12916666666666
2020-07-07,9.208333333333334,16.9,5.5,23:00:00,04:00:00,85.04166666666667,111.0,54.0,20:00:00,07:00:00,1.7666666666666666,2.4,1.0,23:00:00,03:00:00,5.370833333333334,10.2,2.3,23:00:00,00:00:00,7.8625,13.7,3.1,23:00:00,00:00:00,8.119097222222223,9.987673611111113,2,1,2,1,1,1,22.72083333333333,18.9,25.8,20.804166666666667,47.083333333333336,10.279166666666669,0.1,0.1,1014.0833333333334,997.2625,23.95833333333333,6.62,1.4933333333333332,32.2,51.9,161.08333333333334,164.70833333333334,55.4,25.875,25.47083333333333,0.205375,0.1982083333333333,288.625,208.125,80.5,308.325,288.625,478.2083333333333
2020-07-08,17.025000000000002,34.0,7.6,08:00:00,14:00:00,89.58333333333333,142.0,43.0,19:00:00,08:00:00,2.4625,3.0,2.0,08:00:00,23:00:00,9.433333333333334,13.5,6.5,08:00:00,14:00:00,12.679166666666667,20.3,9.0,23:00:00,14:00:00,8.290104166666667,11.06388888888889,2,1,2,1,1,1,22.47083333333333,17.4,27.0,22.366666666666664,50.875,11.4375,0.0,0.0,1017.0541666666668,1000.1833333333334,12.833333333333334,5.79,1.413333333333333,10.7,22.3,79.04166666666667,86.875,21.6,25.3625,24.5125,0.18275,0.1895833333333333,318.125,254.41666666666663,63.708333333333336,376.56666666666666,318.125,477.275
2020-07-09,22.27083333333333,37.7,9.5,03:00:00,16:00:00,100.08333333333331,168.0,28.0,16:00:00,04:00:00,2.441666666666667,3.0,1.9,10:00:00,00:00:00,14.804166666666667,19.7,11.7,07:00:00,15:00:00,19.754166666666663,24.0,14.3,08:00:00,19:00:00,12.140625,16.385243055555556,3,1,3,1,2,1,24.2375,17.9,29.8,25.579166666666666,59.41666666666666,15.041666666666666,0.0,0.0,1016.375,999.6208333333334,12.833333333333334,5.76,1.40625,8.9,18.7,62.958333333333336,76.125,18.0,26.329166666666666,24.71666666666667,0.16325,0.1807083333333333,321.7916666666667,257.9583333333333,63.833333333333336,379.6583333333333,321.7916666666667,476.275
2020-07-10,25.125,41.1,10.4,03:00:00,16:00:00,111.125,184.0,39.0,16:00:00,04:00:00,2.7875,3.4,2.3,10:00:00,02:00:00,17.620833333333334,24.4,11.7,07:00:00,18:00:00,23.391666666666666,32.4,16.3,09:00:00,18:00:00,16.549652777777776,22.279340277777777,3,1,3,1,2,2,26.0,18.7,31.5,28.366666666666664,60.833333333333336,17.191666666666666,0.0,0.0,1014.0583333333334,997.4291666666668,14.458333333333334,5.77,1.4854166666666666,14.7,27.6,168.875,148.83333333333334,23.8,27.879166666666663,25.67083333333333,0.1501249999999999,0.1737916666666666,309.1666666666667,242.54166666666663,66.625,347.44166666666666,309.1666666666667,475.2291666666667
2020-07-11,13.8375,21.0,7.6,09:00:00,18:00:00,80.54166666666667,136.0,36.0,14:00:00,08:00:00,2.3833333333333333,3.2,1.3,11:00:00,07:00:00,9.5875,14.4,4.9,00:00:00,19:00:00,11.908333333333331,21.0,7.0,00:00:00,19:00:00,13.44965277777778,17.510069444444444,2,1,2,1,2,1,23.6,19.5,27.9,25.77916666666667,73.375,18.266666666666666,23.2,23.2,1013.9458333333332,997.1791666666668,42.958333333333336,4.55,0.8316666666666667,17.6,28.6,201.125,189.54166666666663,30.2,26.02916666666667,25.7375,0.267625,0.176625,249.95833333333331,160.54166666666666,89.41666666666667,243.79166666666663,249.95833333333331,474.1458333333333
2020-07-12,7.716666666666666,13.0,4.1,07:00:00,14:00:00,77.41666666666667,105.0,40.0,20:00:00,07:00:00,1.6958333333333335,2.1,1.3,03:00:00,16:00:00,5.795833333333333,9.8,3.9,00:00:00,11:00:00,7.466666666666666,9.9,5.6,00:00:00,13:00:00,7.336458333333334,9.07204861111111,2,1,2,1,1,1,23.09583333333333,18.7,27.7,22.879166666666663,59.25,14.0,0.0,0.0,1019.9083333333332,1003.0291666666668,13.333333333333334,5.92,1.26125,16.8,29.3,82.70833333333333,87.25,32.0,25.5125,25.075,0.21675,0.1649583333333333,306.4583333333333,240.45833333333331,66.0,357.7583333333334,306.4583333333333,473.05
2020-07-13,11.433333333333332,18.0,6.0,23:00:00,16:00:00,82.5,113.0,53.0,19:00:00,08:00:00,2.0875,2.5,1.7,09:00:00,00:00:00,6.391666666666667,9.8,4.4,23:00:00,01:00:00,8.104166666666666,12.1,5.2,23:00:00,02:00:00,5.665104166666667,7.312326388888889,2,1,2,1,1,1,22.65833333333333,19.1,26.5,21.441666666666663,50.375,11.620833333333332,0.0,0.0,1019.5708333333332,1002.6666666666666,33.75,5.48,1.4075,16.4,27.8,80.66666666666667,85.33333333333333,33.1,25.34583333333333,24.804166666666664,0.1872916666666666,0.1567083333333333,248.0,155.20833333333334,92.79166666666669,240.45416666666665,248.0,471.9
2020-07-14,16.166666666666668,27.7,8.7,09:00:00,15:00:00,86.83333333333333,125.0,50.0,19:00:00,09:00:00,2.466666666666667,2.8,2.2,12:00:00,00:00:00,10.2625,12.9,8.0,22:00:00,13:00:00,12.6,16.1,10.0,22:00:00,15:00:00,8.513194444444444,10.574131944444444,2,1,2,1,1,1,22.34166666666667,18.8,26.4,21.554166666666664,51.208333333333336,11.55,0.0,0.0,1015.5083333333332,998.65,43.91666666666666,4.93,1.3625,14.2,21.9,53.75,59.5,29.2,24.991666666666664,24.441666666666663,0.1683333333333333,0.150875,236.33333333333331,134.375,101.95833333333331,196.4208333333333,236.33333333333331,470.6958333333334
2020-07-15,24.954166666666666,35.7,11.1,23:00:00,16:00:00,81.08333333333333,131.0,43.0,16:00:00,08:00:00,2.85,3.5,2.4,10:00:00,01:00:00,12.0125,16.1,7.6,04:00:00,16:00:00,14.75,18.7,10.2,00:00:00,16:00:00,11.634895833333331,14.1859375,2,1,2,1,2,1,21.92083333333333,17.5,26.0,22.575,62.41666666666666,14.116666666666667,2.8,2.8,1013.3375,996.4916666666668,38.375,4.0,1.0404166666666663,11.1,17.1,88.41666666666667,98.33333333333331,29.9,24.541666666666668,24.14583333333333,0.1639583333333333,0.1459166666666666,232.0,125.66666666666669,106.33333333333331,201.12916666666663,232.0,469.48333333333335
2020-07-16,25.9875,46.2,9.4,02:00:00,16:00:00,72.41666666666667,131.0,7.0,15:00:00,06:00:00,2.9791666666666665,3.6,2.3,11:00:00,01:00:00,12.295833333333334,23.0,5.9,08:00:00,20:00:00,14.395833333333334,25.0,7.0,08:00:00,18:00:00,13.07048611111111,15.65,2,1,2,1,2,1,23.46666666666667,17.5,28.7,24.683333333333334,62.333333333333336,14.995833333333332,0.9,0.9,1013.4333333333334,996.675,29.666666666666668,4.68,1.2491666666666668,10.4,20.7,241.0,239.83333333333331,19.4,25.40416666666667,24.266666666666666,0.1556249999999999,0.1450416666666666,263.6666666666667,192.75,70.91666666666667,290.6625,263.6666666666667,468.2291666666667
2020-07-17,13.679166666666667,27.0,6.8,08:00:00,16:00:00,86.33333333333333,121.0,43.0,16:00:00,06:00:00,2.4875000000000003,3.7,1.6,05:00:00,17:00:00,8.895833333333334,15.9,4.0,08:00:00,16:00:00,10.4875,23.2,5.6,08:00:00,19:00:00,10.005381944444444,11.697569444444444,2,1,2,1,2,1,23.679166666666664,19.2,28.5,24.40833333333333,64.58333333333333,16.287499999999998,0.1,0.1,1012.5625,995.8291666666668,30.916666666666668,4.95,1.1075000000000002,18.7,29.2,124.375,143.29166666666666,38.9,26.366666666666664,25.004166666666663,0.1412916666666666,0.1434166666666666,242.875,164.66666666666666,78.20833333333333,245.09166666666667,242.875,466.9125
2020-07-18,8.941666666666666,17.3,5.1,23:00:00,16:00:00,86.08333333333333,115.0,58.0,19:00:00,07:00:00,2.075,2.3,1.7,06:00:00,10:00:00,6.945833333333333,9.0,5.8,23:00:00,02:00:00,8.408333333333333,10.9,6.3,23:00:00,17:00:00,7.20763888888889,8.498784722222222,2,1,2,1,1,1,22.516666666666666,18.3,27.5,22.15833333333333,59.125,13.479166666666666,0.4,0.4,1015.075,998.2333333333332,24.416666666666668,5.5,1.2179166666666668,20.0,29.2,84.375,88.33333333333333,38.5,25.591666666666665,24.808333333333334,0.142375,0.1413333333333333,290.1666666666667,220.16666666666663,70.0,335.1791666666667,290.1666666666667,465.56666666666666
2020-07-19,13.216666666666669,31.8,5.7,02:00:00,17:00:00,86.16666666666667,130.0,42.0,16:00:00,02:00:00,2.5083333333333333,3.0,1.7,11:00:00,01:00:00,9.208333333333334,14.9,6.5,08:00:00,21:00:00,11.3625,20.4,7.8,08:00:00,22:00:00,8.361805555555556,10.504513888888887,2,1,2,1,1,1,24.64583333333333,18.3,30.2,24.629166666666663,48.083333333333336,12.304166666666667,0.0,0.0,1014.7375,998.0208333333334,8.208333333333334,5.98,1.7508333333333337,14.3,26.8,125.41666666666669,128.58333333333334,25.2,27.629166666666663,25.47083333333333,0.13275,0.135375,309.7083333333333,250.0,59.708333333333336,378.8416666666667,309.7083333333333,464.1583333333333
2020-07-20,13.275,30.1,6.4,08:00:00,17:00:00,92.125,130.0,37.0,17:00:00,07:00:00,2.8208333333333333,3.4,2.0,08:00:00,16:00:00,8.595833333333333,13.0,6.6,08:00:00,19:00:00,10.983333333333334,15.5,7.9,09:00:00,19:00:00,8.825520833333334,10.957986111111111,2,1,2,1,1,1,26.2875,19.5,32.3,27.14583333333333,52.458333333333336,15.033333333333331,0.0,0.0,1015.8083333333334,999.1625,9.208333333333334,6.04,1.7979166666666666,15.5,25.0,246.95833333333331,243.20833333333331,28.4,29.35,26.6625,0.1279166666666666,0.1331666666666666,297.2916666666667,236.95833333333331,60.333333333333336,360.7083333333333,297.2916666666667,462.70416666666665
2020-07-21,13.708333333333334,23.8,6.8,23:00:00,15:00:00,93.125,139.0,48.0,18:00:00,07:00:00,2.875,3.7,2.3,04:00:00,14:00:00,9.641666666666667,12.7,7.2,23:00:00,00:00:00,11.9625,15.2,9.9,08:00:00,01:00:00,8.705381944444445,11.127083333333331,2,1,2,1,1,1,26.5125,21.2,31.7,28.59583333333333,59.875,17.733333333333334,0.0,0.0,1018.3208333333332,1001.6458333333334,16.416666666666668,5.14,1.4983333333333333,11.2,21.0,263.0416666666667,258.75,24.1,29.820833333333336,27.508333333333336,0.1227916666666666,0.1311666666666666,265.2916666666667,189.16666666666663,76.125,284.9458333333333,265.2916666666667,461.1958333333334
2020-07-22,15.5375,23.6,9.6,22:00:00,16:00:00,90.58333333333331,143.0,40.0,17:00:00,08:00:00,3.029166666666667,4.0,2.0,07:00:00,23:00:00,11.079166666666666,14.0,9.0,00:00:00,17:00:00,13.179166666666667,15.1,11.7,00:00:00,14:00:00,10.727083333333333,12.631076388888888,2,1,2,1,2,1,27.354166666666668,21.6,32.6,29.541666666666668,59.41666666666666,18.14583333333333,0.2,0.2,1016.5208333333334,999.9208333333332,35.5,5.15,1.6229166666666668,12.0,21.0,218.45833333333331,222.25,23.8,30.2125,27.9125,0.1212083333333333,0.1325,258.9166666666667,171.875,87.04166666666667,257.575,258.9166666666667,459.6458333333333
2020-07-23,14.883333333333333,25.3,9.3,23:00:00,16:00:00,103.0,154.0,60.0,16:00:00,08:00:00,2.670833333333333,3.2,2.0,16:00:00,01:00:00,11.529166666666669,15.6,9.7,07:00:00,22:00:00,13.066666666666668,16.8,10.8,07:00:00,13:00:00,11.362673611111113,13.319270833333334,3,1,3,1,2,1,26.28333333333333,20.7,31.5,28.329166666666666,60.75,17.404166666666665,11.7,11.7,1012.9875,996.3916666666668,19.541666666666668,5.29,1.5058333333333334,21.1,32.4,143.04166666666666,152.33333333333334,40.0,29.0875,27.704166666666666,0.159,0.1352083333333333,278.625,213.79166666666663,64.83333333333333,318.81666666666666,278.625,458.04583333333335
2020-07-24,19.25,26.2,13.4,11:00:00,18:00:00,73.33333333333333,100.0,47.0,00:00:00,23:00:00,2.183333333333333,3.7,1.3,21:00:00,05:00:00,7.6375,11.2,5.7,00:00:00,14:00:00,9.425,13.1,6.8,00:00:00,13:00:00,9.55451388888889,11.159895833333332,2,1,2,1,1,1,20.75,18.4,24.8,22.141666666666666,81.20833333333333,17.329166666666666,27.4,27.4,1011.8333333333334,994.95,51.333333333333336,2.7,0.4779166666666667,19.3,31.9,118.0,124.91666666666669,39.6,23.8875,25.85,0.343625,0.1843333333333333,169.79166666666666,77.91666666666667,91.875,128.07500000000002,169.79166666666666,456.4041666666666
2020-07-25,19.016666666666666,30.4,7.3,06:00:00,18:00:00,60.833333333333336,120.0,6.0,15:00:00,06:00:00,2.504166666666667,2.9,2.0,01:00:00,15:00:00,10.608333333333334,16.1,6.4,09:00:00,14:00:00,12.816666666666668,18.5,9.1,08:00:00,16:00:00,9.336805555555555,11.519618055555554,2,1,2,1,1,1,22.525,15.4,29.2,24.28333333333333,70.625,16.120833333333334,0.0,0.0,1012.4958333333334,995.6916666666666,5.458333333333333,5.11,0.9945833333333334,10.4,20.5,164.25,164.0,19.1,24.45833333333333,24.008333333333336,0.3045833333333334,0.2234166666666666,303.625,247.58333333333331,56.04166666666666,376.2875,303.625,454.7875
2020-07-26,16.854166666666668,29.9,4.9,03:00:00,16:00:00,76.33333333333333,121.0,34.0,17:00:00,08:00:00,2.5375,3.3,2.0,23:00:00,16:00:00,12.3,18.1,9.0,08:00:00,16:00:00,14.695833333333333,19.7,11.6,08:00:00,20:00:00,11.63402777777778,13.66423611111111,2,1,2,1,2,1,24.391666666666666,19.7,28.9,26.391666666666666,65.16666666666667,17.033333333333335,0.0,0.0,1013.3791666666666,996.6583333333332,31.375,4.92,1.1704166666666669,9.9,18.7,138.79166666666666,150.25,23.4,25.725,24.691666666666663,0.2576666666666666,0.217,280.1666666666667,203.95833333333331,76.20833333333333,301.3,280.1666666666667,453.225
2020-07-27,17.016666666666666,40.2,8.2,08:00:00,15:00:00,90.20833333333331,142.0,29.0,18:00:00,07:00:00,2.6666666666666665,3.5,2.2,04:00:00,12:00:00,14.116666666666667,19.4,9.6,06:00:00,19:00:00,17.458333333333332,22.6,13.3,06:00:00,00:00:00,12.840104166666668,15.753645833333332,2,1,2,1,2,1,25.245833333333334,20.1,30.2,27.65416666666667,66.16666666666667,18.05,0.2,0.2,1016.5708333333332,999.85,13.916666666666666,5.13,1.2012500000000002,10.5,20.0,124.66666666666669,132.20833333333334,21.2,26.745833333333334,25.4625,0.225375,0.208125,287.125,227.29166666666663,59.833333333333336,347.7791666666667,287.125,451.6333333333334
2020-07-28,24.6625,44.0,10.9,08:00:00,16:00:00,91.70833333333331,160.0,23.0,17:00:00,07:00:00,3.283333333333333,4.7,2.4,10:00:00,18:00:00,16.745833333333334,24.5,10.7,08:00:00,20:00:00,20.0125,28.2,13.5,08:00:00,23:00:00,16.43402777777778,20.122222222222224,2,1,2,1,2,2,26.96666666666667,21.0,32.4,29.9875,62.958333333333336,18.891666666666666,0.0,0.0,1014.6291666666666,998.0333333333332,11.916666666666666,5.48,1.45625,12.1,23.9,196.33333333333331,203.625,20.9,28.104166666666668,26.1625,0.1966666666666666,0.1979166666666666,292.8333333333333,233.375,59.458333333333336,355.0458333333333,292.8333333333333,449.9916666666666
2020-07-29,17.716666666666665,32.2,9.4,23:00:00,17:00:00,89.58333333333333,152.0,21.0,16:00:00,08:00:00,3.0708333333333333,3.9,2.2,06:00:00,18:00:00,12.295833333333334,15.7,8.3,23:00:00,01:00:00,16.458333333333332,22.0,13.1,23:00:00,00:00:00,13.03559027777778,16.360937500000002,2,1,2,1,2,1,27.6125,22.8,32.7,30.979166666666668,65.95833333333333,20.254166666666663,0.0,0.0,1014.3041666666668,997.7541666666666,36.54166666666666,4.88,1.38375,14.0,21.6,227.58333333333331,226.625,25.2,28.954166666666666,27.129166666666663,0.1807083333333333,0.1915416666666667,253.79166666666663,179.79166666666666,74.0,275.21250000000003,253.79166666666663,448.3333333333333
2020-07-30,18.766666666666666,31.3,11.3,07:00:00,14:00:00,104.58333333333331,184.0,35.0,17:00:00,07:00:00,2.9,3.8,2.2,11:00:00,19:00:00,15.245833333333332,19.5,11.6,23:00:00,13:00:00,18.216666666666665,22.9,15.2,23:00:00,03:00:00,14.279340277777775,17.749826388888888,3,1,3,1,2,1,27.691666666666663,22.5,32.6,31.71666666666667,68.66666666666667,21.15833333333333,1.6,1.6,1016.4541666666668,999.875,27.25,4.7700000000000005,1.2504166666666667,8.4,13.0,164.625,168.29166666666666,24.1,28.870833333333334,27.641666666666666,0.2104166666666666,0.18825,254.83333333333331,182.91666666666663,71.91666666666667,269.47083333333336,254.83333333333331,446.61666666666673
2020-07-31,21.77083333333333,46.0,10.6,23:00:00,16:00:00,90.33333333333331,153.0,33.0,15:00:00,08:00:00,3.395833333333333,4.0,3.0,13:00:00,00:00:00,15.758333333333333,19.8,13.1,02:00:00,19:00:00,18.075,29.4,13.6,01:00:00,03:00:00,15.79565972222222,18.596527777777776,2,1,2,1,2,1,28.129166666666663,21.8,35.0,31.83333333333333,67.75,20.804166666666667,3.6,3.6,1014.9791666666666,998.4625,15.875,5.44,1.46875,10.8,20.8,207.95833333333331,214.45833333333331,23.0,28.9375,27.65833333333333,0.2512916666666666,0.1823333333333333,292.9583333333333,232.79166666666663,60.16666666666666,355.0208333333333,292.9583333333333,444.875
2020-08-01,26.05,48.7,9.4,02:00:00,16:00:00,103.29166666666669,195.0,21.0,15:00:00,04:00:00,2.9875000000000003,3.6,2.4,04:00:00,09:00:00,17.404166666666665,23.4,11.7,09:00:00,18:00:00,21.429166666666664,27.5,17.5,09:00:00,14:00:00,16.75347222222222,19.935416666666665,3,1,3,1,2,1,28.9125,21.9,34.7,33.112500000000004,65.5,21.183333333333334,0.0,0.0,1012.075,995.6375,6.75,5.47,1.5620833333333335,8.5,12.6,102.625,142.29166666666666,20.2,30.058333333333334,28.316666666666663,0.2001666666666667,0.1757916666666666,287.4583333333333,231.04166666666663,56.41666666666666,346.7375,287.4583333333333,443.1041666666667
2020-08-02,9.595833333333331,14.5,4.6,23:00:00,16:00:00,108.75,141.0,73.0,17:00:00,06:00:00,2.0375,2.9,1.3,04:00:00,15:00:00,14.025,23.0,8.7,03:00:00,17:00:00,16.5,28.6,10.8,07:00:00,13:00:00,16.218055555555555,19.767534722222223,3,1,3,1,2,1,27.0375,22.3,31.0,29.433333333333334,65.125,19.53333333333333,10.1,10.1,1010.0083333333332,993.5,40.79166666666666,5.42,1.3345833333333337,15.7,23.1,109.5,111.83333333333331,35.6,29.09166666666667,28.316666666666663,0.2136666666666666,0.1709583333333333,267.7083333333333,205.20833333333331,62.5,287.90000000000003,267.7083333333333,441.2833333333333
2020-08-03,15.9625,26.8,7.5,09:00:00,02:00:00,70.54166666666667,102.0,45.0,00:00:00,23:00:00,2.308333333333333,3.2,1.5,07:00:00,23:00:00,8.591666666666667,11.0,3.0,07:00:00,23:00:00,9.820833333333336,14.1,3.3,08:00:00,22:00:00,10.471701388888889,12.140625,2,1,2,1,2,1,21.29583333333333,19.2,25.9,22.72083333333333,79.625,17.4375,16.400000000000002,16.400000000000002,1005.9791666666666,989.2291666666666,47.833333333333336,2.9,0.5316666666666666,29.3,47.8,198.25,200.91666666666663,49.7,23.71666666666667,25.90416666666667,0.3622916666666667,0.2210833333333333,154.5,65.625,88.875,115.3875,154.5,439.4041666666667
2020-08-04,12.75,22.1,6.9,09:00:00,03:00:00,59.75,88.0,35.0,18:00:00,09:00:00,1.5208333333333333,2.1,1.1,11:00:00,02:00:00,2.275,4.2,1.0,11:00:00,02:00:00,3.1875,5.2,1.2,23:00:00,02:00:00,4.764236111111111,5.673958333333334,2,1,2,1,1,1,20.933333333333334,18.1,26.6,18.1625,47.16666666666666,8.970833333333333,2.2,2.2,1006.0083333333332,989.2291666666666,46.66666666666666,5.53,1.35875,30.2,48.2,300.5833333333333,287.0833333333333,54.4,21.6375,22.829166666666666,0.3310833333333333,0.2517916666666667,202.83333333333331,116.875,85.95833333333333,186.775,202.83333333333331,437.4625
2020-08-05,18.8875,36.5,8.2,09:00:00,17:00:00,66.20833333333333,114.0,10.0,18:00:00,07:00:00,2.2583333333333333,3.0,1.5,08:00:00,02:00:00,6.325,9.4,3.1,08:00:00,03:00:00,7.966666666666666,10.7,4.1,08:00:00,01:00:00,4.195138888888889,5.520312499999999,2,1,2,1,1,1,21.758333333333336,14.8,27.4,21.3875,50.458333333333336,10.616666666666667,0.0,0.0,1012.85,996.0166666666668,0.4583333333333333,5.46,1.3845833333333333,16.6,32.1,131.33333333333334,94.91666666666669,30.6,23.179166666666664,22.695833333333336,0.27975,0.2470416666666667,300.9583333333333,249.91666666666663,51.04166666666666,393.4916666666666,300.9583333333333,435.48333333333335
2020-08-06,22.133333333333336,34.9,10.3,09:00:00,18:00:00,81.16666666666667,149.0,27.0,17:00:00,08:00:00,2.408333333333333,2.8,2.1,09:00:00,10:00:00,12.683333333333332,19.7,7.9,08:00:00,17:00:00,14.270833333333334,23.3,9.2,09:00:00,17:00:00,10.484722222222222,12.124479166666667,2,1,2,1,2,1,23.116666666666664,16.9,29.3,24.4,63.75,15.220833333333331,0.0,0.0,1016.6,999.7583333333332,7.0,5.07,1.19,10.4,17.6,123.54166666666669,138.08333333333334,19.1,24.42083333333333,23.52916666666667,0.2431666666666666,0.2356666666666666,291.2916666666667,235.54166666666663,55.75,371.1791666666666,291.2916666666667,433.45416666666665
2020-08-07,24.58333333333333,43.0,8.6,08:00:00,18:00:00,83.125,148.0,14.0,16:00:00,06:00:00,2.441666666666667,3.2,1.8,10:00:00,19:00:00,15.945833333333333,25.0,10.4,08:00:00,15:00:00,18.7,29.6,12.7,08:00:00,14:00:00,14.416666666666666,16.939756944444444,2,1,2,1,2,1,25.4125,19.3,30.6,27.558333333333334,64.16666666666667,17.583333333333332,0.0,0.0,1018.4041666666668,1001.6666666666666,5.458333333333333,5.2700000000000005,1.3179166666666666,12.6,19.6,196.20833333333331,183.91666666666663,24.1,26.3,24.85,0.2124166666666666,0.2229583333333333,281.9583333333333,228.70833333333331,53.25,356.6041666666667,281.9583333333333,431.375
2020-08-08,21.0125,36.0,5.8,08:00:00,17:00:00,89.04166666666667,146.0,33.0,16:00:00,08:00:00,2.095833333333333,2.5,1.5,19:00:00,12:00:00,15.475,20.4,9.9,08:00:00,20:00:00,18.2125,27.6,11.5,08:00:00,20:00:00,15.816666666666668,18.577951388888888,2,1,2,1,2,1,26.758333333333336,20.7,32.3,28.9,60.458333333333336,17.416666666666668,0.0,0.0,1018.2833333333332,1001.6208333333334,6.208333333333333,5.43,1.6116666666666666,9.6,15.0,147.66666666666666,147.58333333333334,23.8,27.741666666666664,26.03333333333333,0.1857916666666666,0.2097916666666666,284.0416666666667,232.04166666666663,52.0,362.5583333333333,284.0416666666667,429.25
2020-08-09,21.066666666666663,42.4,5.8,03:00:00,17:00:00,87.875,148.0,30.0,13:00:00,03:00:00,2.3625000000000003,2.8,2.0,20:00:00,01:00:00,15.204166666666666,19.7,10.8,09:00:00,18:00:00,17.545833333333334,21.2,13.2,09:00:00,17:00:00,15.2203125,17.419791666666665,2,1,2,1,2,1,27.508333333333336,21.0,33.8,29.416666666666668,55.333333333333336,16.795833333333334,0.0,0.0,1015.8041666666668,999.2333333333332,8.083333333333334,5.61,1.87125,12.3,17.2,121.54166666666669,118.04166666666669,24.1,28.508333333333336,26.7875,0.16225,0.19575,280.9166666666667,228.125,52.79166666666666,355.7208333333333,280.9166666666667,427.075
2020-08-10,19.2375,34.6,7.7,08:00:00,15:00:00,93.54166666666669,149.0,48.0,16:00:00,08:00:00,2.3583333333333334,2.9,2.0,00:00:00,16:00:00,18.241666666666667,23.4,13.8,04:00:00,16:00:00,22.2875,27.8,18.6,03:00:00,14:00:00,16.758506944444445,19.78333333333333,2,1,2,1,2,1,27.820833333333336,22.4,33.4,29.92916666666667,58.41666666666666,18.03333333333333,0.0,0.0,1014.0791666666668,997.5583333333334,15.291666666666666,5.44,1.75375,10.8,21.2,80.66666666666667,92.91666666666669,25.2,29.1,27.479166666666668,0.1477083333333333,0.1843333333333333,266.2916666666667,198.33333333333331,67.95833333333333,302.25416666666666,266.2916666666667,424.8541666666667
2020-08-11,18.125,33.4,8.9,09:00:00,19:00:00,89.16666666666667,157.0,28.0,17:00:00,07:00:00,2.3666666666666667,2.9,1.8,03:00:00,16:00:00,20.64583333333333,30.8,13.4,06:00:00,19:00:00,24.4,33.3,16.0,06:00:00,19:00:00,19.89548611111111,24.235416666666666,2,1,2,1,2,2,27.370833333333334,21.5,32.7,30.004166666666663,60.083333333333336,18.391666666666666,0.0,0.0,1014.9291666666668,998.3625,17.291666666666668,4.99,1.606666666666667,10.4,14.4,105.95833333333331,118.125,29.5,29.21666666666667,27.77083333333333,0.1427916666666666,0.1784583333333333,260.2083333333333,194.16666666666663,66.04166666666667,293.0541666666667,260.2083333333333,422.6125
2020-08-12,17.133333333333333,28.1,8.5,00:00:00,15:00:00,97.45833333333331,149.0,50.0,16:00:00,08:00:00,2.1625,2.6,1.8,10:00:00,15:00:00,22.508333333333336,31.4,15.8,05:00:00,16:00:00,25.104166666666668,34.4,19.1,05:00:00,15:00:00,21.44322916666667,24.283159722222223,3,1,2,1,3,2,27.275,23.0,31.8,30.2375,66.5,20.1375,0.0,0.0,1015.6333333333332,999.0458333333332,28.20833333333333,4.63,1.31125,13.7,21.0,104.29166666666669,98.41666666666669,28.1,29.5,27.954166666666666,0.136875,0.173875,233.75,161.08333333333334,72.66666666666667,249.65833333333333,233.75,420.3083333333333
2020-08-13,15.6125,27.1,9.0,23:00:00,16:00:00,86.125,142.0,41.0,18:00:00,08:00:00,1.85,2.3,1.4,23:00:00,17:00:00,18.491666666666667,24.0,11.9,06:00:00,19:00:00,20.65833333333333,25.5,16.3,07:00:00,20:00:00,20.48298611111111,22.619618055555552,3,1,2,1,3,2,24.704166666666666,21.5,28.3,28.120833333333334,78.375,20.454166666666666,6.9,6.9,1015.3166666666666,998.6,28.541666666666668,3.76,0.7283333333333334,17.8,22.5,224.08333333333331,227.29166666666663,33.1,26.525,26.90416666666667,0.2839166666666666,0.1841666666666666,222.25,148.91666666666666,73.33333333333333,242.30416666666667,222.25,417.95416666666665
2020-08-14,15.325,27.1,6.5,22:00:00,16:00:00,77.79166666666667,140.0,16.0,17:00:00,08:00:00,2.2916666666666665,2.6,2.0,10:00:00,12:00:00,17.720833333333335,21.9,12.3,01:00:00,20:00:00,20.3125,25.1,14.3,03:00:00,20:00:00,17.951909722222222,20.577256944444446,2,1,2,1,2,2,23.745833333333334,20.2,27.1,27.02916666666667,80.83333333333333,20.0875,0.4,0.4,1012.675,995.9458333333332,25.166666666666668,3.85,0.6079166666666667,11.2,22.3,181.29166666666663,186.66666666666663,24.5,26.27083333333333,26.1875,0.2940416666666667,0.2033333333333333,236.0,158.29166666666666,77.70833333333333,258.87916666666666,236.0,415.57916666666665
2020-08-15,12.783333333333331,20.6,5.3,07:00:00,16:00:00,81.58333333333333,133.0,27.0,17:00:00,07:00:00,2.3375,2.8,2.0,11:00:00,14:00:00,18.604166666666668,25.8,11.4,10:00:00,18:00:00,21.2625,28.6,12.0,09:00:00,18:00:00,18.55677083333333,21.46302083333333,2,1,2,1,2,2,25.45,20.7,30.5,28.3625,68.58333333333333,18.875,0.0,0.0,1011.7458333333334,995.125,9.666666666666666,4.75,1.13125,8.3,18.4,113.45833333333331,109.16666666666669,16.6,27.17083333333333,26.2375,0.2514583333333333,0.1970416666666666,268.4583333333333,216.0,52.458333333333336,347.71250000000003,268.4583333333333,413.1583333333333
2020-08-16,13.2875,20.9,5.9,01:00:00,16:00:00,79.58333333333333,120.0,47.0,17:00:00,03:00:00,2.1041666666666665,2.7,1.7,01:00:00,08:00:00,12.6125,20.3,8.8,05:00:00,12:00:00,13.604166666666666,22.2,9.4,04:00:00,11:00:00,14.9859375,16.642187500000002,2,1,2,1,2,1,24.1125,20.3,28.1,26.95,75.375,19.275,4.0,4.0,1011.5666666666666,994.875,38.0,3.61,0.7945833333333333,10.9,20.5,142.08333333333334,147.45833333333334,24.8,25.925,26.1625,0.2515416666666666,0.1871249999999999,206.54166666666663,113.20833333333331,93.33333333333331,171.35416666666666,206.54166666666663,410.7166666666666
2020-08-17,13.25,20.4,6.7,21:00:00,17:00:00,73.79166666666667,109.0,51.0,15:00:00,08:00:00,2.1625,2.7,1.5,22:00:00,10:00:00,8.979166666666666,13.2,6.1,03:00:00,09:00:00,10.620833333333334,15.9,7.5,23:00:00,12:00:00,10.335416666666667,11.398958333333333,2,1,2,1,2,1,21.6875,19.1,26.1,24.09166666666667,84.20833333333333,18.78333333333333,20.4,20.4,1010.9166666666666,994.1,50.958333333333336,2.89,0.4429166666666666,15.1,24.6,277.9166666666667,245.04166666666663,39.6,24.42083333333333,25.195833333333336,0.3298333333333333,0.19625,175.20833333333334,90.25,84.95833333333333,131.80416666666667,175.20833333333334,408.225
2020-08-18,15.45,27.2,6.9,23:00:00,17:00:00,68.5,122.0,28.0,17:00:00,08:00:00,2.595833333333333,3.3,2.0,22:00:00,17:00:00,12.241666666666667,15.8,8.4,01:00:00,18:00:00,13.895833333333334,17.6,9.7,22:00:00,16:00:00,10.783333333333331,12.599826388888888,2,1,2,1,2,1,22.89583333333333,18.6,27.7,25.42083333333333,76.5,18.08333333333333,5.4,5.4,1010.1833333333334,993.4375,23.33333333333333,4.08,0.7558333333333334,8.7,17.2,167.70833333333334,171.04166666666666,24.1,24.916666666666668,24.72083333333333,0.3126666666666667,0.2098333333333333,243.95833333333331,183.875,60.083333333333336,280.1625,243.95833333333331,405.7125
2020-08-19,15.7375,26.9,6.8,01:00:00,17:00:00,84.95833333333333,131.0,43.0,16:00:00,01:00:00,2.4375,2.8,1.9,20:00:00,06:00:00,11.833333333333334,18.5,6.4,03:00:00,06:00:00,13.091666666666669,22.0,7.1,22:00:00,06:00:00,11.961284722222222,13.277256944444444,2,1,2,1,2,1,23.34166666666667,18.4,28.4,25.675,72.54166666666667,17.695833333333333,5.0,5.0,1010.8708333333334,994.1583333333332,25.041666666666668,4.11,0.8975,14.1,24.3,147.08333333333334,140.58333333333334,30.6,25.15416666666667,24.875,0.285875,0.2054583333333333,243.91666666666663,186.375,57.54166666666666,289.65416666666664,243.91666666666663,403.1625
2020-08-20,17.620833333333334,32.2,7.7,08:00:00,17:00:00,84.79166666666667,148.0,20.0,17:00:00,07:00:00,2.6041666666666665,3.4,2.2,12:00:00,08:00:00,14.445833333333333,18.8,9.7,08:00:00,15:00:00,18.2375,30.5,13.6,08:00:00,05:00:00,13.369791666666666,15.984027777777778,2,1,2,1,2,1,25.4375,20.6,30.3,28.35,70.29166666666667,19.258333333333333,0.6000000000000001,0.6000000000000001,1012.4875,995.8541666666666,18.125,4.44,1.0745833333333332,10.8,20.2,201.70833333333331,201.91666666666663,18.4,26.59166666666667,25.479166666666668,0.237375,0.197875,244.41666666666663,188.875,55.54166666666666,309.6875,244.41666666666663,400.5875
2020-08-21,20.304166666666667,35.8,8.3,01:00:00,17:00:00,86.58333333333333,148.0,33.0,16:00:00,02:00:00,2.4208333333333334,2.9,1.8,03:00:00,12:00:00,16.508333333333333,23.9,8.6,07:00:00,18:00:00,20.058333333333334,27.9,12.3,05:00:00,18:00:00,16.21527777777778,19.9390625,2,1,2,1,2,1,26.766666666666666,21.9,31.7,29.85833333333333,66.625,19.59583333333333,0.0,0.0,1015.3125,998.7,6.0,4.79,1.2970833333333334,9.5,16.8,145.375,145.875,21.2,28.016666666666666,26.516666666666666,0.209375,0.1907083333333333,257.0,207.5,49.5,339.31666666666666,257.0,397.9791666666667
2020-08-22,18.175,35.4,4.2,08:00:00,16:00:00,71.125,112.0,24.0,16:00:00,06:00:00,2.5416666666666665,3.2,2.2,13:00:00,15:00:00,13.508333333333333,23.4,7.7,08:00:00,15:00:00,17.070833333333333,26.0,10.7,09:00:00,12:00:00,14.839930555555556,18.287152777777777,2,1,2,1,2,1,27.225,20.3,32.8,29.304166666666664,59.91666666666666,17.625,0.0,0.0,1014.3083333333334,997.7375,4.375,5.06,1.6608333333333334,11.0,22.4,266.25,264.25,24.5,28.34583333333333,27.23333333333333,0.1825416666666666,0.1816666666666666,252.58333333333331,199.08333333333331,53.5,327.32916666666665,252.58333333333331,395.3208333333334
2020-08-23,13.091666666666669,23.0,7.1,07:00:00,15:00:00,73.70833333333333,117.0,21.0,19:00:00,07:00:00,2.208333333333333,2.8,1.3,01:00:00,14:00:00,10.466666666666669,18.7,7.6,08:00:00,21:00:00,12.595833333333331,22.2,8.1,08:00:00,20:00:00,11.194444444444445,14.558854166666668,2,1,2,1,2,1,23.854166666666668,20.2,27.2,26.23333333333333,75.66666666666667,19.17083333333333,11.9,11.9,1013.1041666666666,996.3708333333334,25.791666666666668,3.23,0.75625,15.5,22.4,98.25,119.04166666666669,34.9,25.85833333333333,26.775,0.2274583333333333,0.1771249999999999,177.08333333333334,106.33333333333331,70.75,189.0041666666667,177.08333333333334,392.6166666666666
2020-08-24,13.791666666666666,28.9,7.5,23:00:00,16:00:00,72.54166666666667,106.0,34.0,19:00:00,08:00:00,2.3000000000000003,2.7,2.0,11:00:00,14:00:00,8.475,11.9,6.5,08:00:00,12:00:00,9.9,12.9,6.9,08:00:00,13:00:00,9.277256944444444,10.66423611111111,2,1,2,1,1,1,23.066666666666663,19.3,27.0,24.141666666666666,68.625,16.516666666666666,0.2,0.2,1013.5,996.7208333333332,23.58333333333333,3.78,0.9645833333333332,13.0,22.7,104.41666666666669,68.5,30.2,24.829166666666666,24.89583333333333,0.307,0.2005833333333333,200.5,127.875,72.625,217.1208333333333,200.5,389.8541666666667
2020-08-25,18.279166666666665,37.9,7.3,23:00:00,14:00:00,74.25,123.0,30.0,17:00:00,08:00:00,2.1083333333333334,2.7,1.6,00:00:00,13:00:00,10.445833333333333,15.1,7.8,01:00:00,11:00:00,12.704166666666666,19.4,8.3,23:00:00,07:00:00,9.451909722222222,11.117534722222222,2,1,2,1,1,1,23.058333333333334,18.9,27.6,24.225,67.5,16.233333333333334,0.6000000000000001,0.6000000000000001,1014.6166666666668,997.8125,28.08333333333333,4.02,1.0141666666666669,13.7,24.4,103.375,78.75,24.1,24.741666666666664,24.479166666666668,0.2662916666666666,0.20125,224.16666666666663,163.95833333333334,60.208333333333336,276.5,224.16666666666663,387.0375
2020-08-26,21.675,36.9,6.8,01:00:00,16:00:00,69.125,122.0,16.0,17:00:00,08:00:00,2.6916666666666664,3.6,2.3,21:00:00,00:00:00,13.229166666666666,18.6,8.9,09:00:00,18:00:00,16.3625,22.1,12.9,01:00:00,12:00:00,12.392708333333331,15.39965277777778,2,1,2,1,2,1,24.891666666666666,19.7,30.0,26.92083333333333,66.75,17.983333333333334,0.5,0.5,1013.9833333333332,997.2958333333332,29.875,4.14,1.137916666666667,9.9,18.5,252.41666666666663,239.16666666666663,23.8,25.675,24.9375,0.2342083333333333,0.1945833333333333,222.04166666666663,154.66666666666666,67.375,259.87916666666666,222.04166666666663,384.1875
2020-08-27,17.004166666666666,38.1,7.4,08:00:00,03:00:00,82.95833333333333,139.0,15.0,16:00:00,08:00:00,2.708333333333333,3.7,1.8,02:00:00,17:00:00,12.766666666666666,21.0,7.5,23:00:00,02:00:00,16.641666666666666,25.7,10.4,23:00:00,03:00:00,11.497222222222222,15.097048611111113,2,1,2,1,2,1,24.5625,19.5,28.6,27.1,72.08333333333333,18.8625,0.1,0.1,1012.6458333333334,995.9541666666668,14.458333333333334,4.07,0.9516666666666668,9.0,19.3,128.83333333333334,150.625,22.7,26.4875,25.65,0.2164166666666666,0.1899583333333333,228.70833333333331,172.54166666666666,56.16666666666666,298.62083333333334,228.70833333333331,381.3041666666666
2020-08-28,20.695833333333333,34.3,10.4,01:00:00,16:00:00,69.75,113.0,39.0,17:00:00,08:00:00,1.9916666666666665,2.6,1.4,03:00:00,07:00:00,15.1375,30.6,9.4,02:00:00,11:00:00,17.025000000000002,33.1,9.1,02:00:00,11:00:00,16.31076388888889,19.10677083333333,2,1,2,1,2,1,22.175,19.9,26.5,23.870833333333334,82.33333333333333,18.95,15.7,15.7,1007.7208333333332,990.975,61.25,2.59,0.4945833333333334,19.2,32.9,56.375,63.833333333333336,36.4,24.141666666666666,25.366666666666664,0.2740416666666667,0.1870833333333333,139.79166666666666,66.45833333333333,73.33333333333333,95.10833333333332,139.79166666666666,378.5125
2020-08-29,13.791666666666666,21.9,7.8,08:00:00,16:00:00,49.333333333333336,73.0,26.0,17:00:00,08:00:00,1.7,2.2,1.4,11:00:00,06:00:00,8.154166666666667,12.0,3.8,09:00:00,20:00:00,10.295833333333333,16.7,5.1,11:00:00,20:00:00,10.619791666666666,12.722048611111113,2,1,1,1,2,1,21.32916666666667,19.7,26.1,22.620833333333334,85.45833333333333,18.70833333333333,24.0,24.0,1002.625,985.925,76.70833333333333,2.14,0.3920833333333333,20.1,28.5,80.66666666666667,86.54166666666667,38.9,22.016666666666666,23.35833333333333,0.361125,0.2272916666666666,116.0,38.875,77.125,57.525,116.0,375.6791666666666
2020-08-30,10.025,21.2,5.1,22:00:00,15:00:00,61.375,96.0,37.0,18:00:00,05:00:00,1.7208333333333332,2.7,1.0,21:00:00,06:00:00,4.895833333333333,7.4,3.3,22:00:00,11:00:00,5.741666666666667,10.6,3.8,23:00:00,12:00:00,6.0100694444444445,7.157465277777778,2,1,2,1,1,1,19.341666666666665,17.3,22.5,20.425,87.20833333333333,17.079166666666666,34.8,34.8,1004.5083333333332,987.6541666666668,62.25,2.3800000000000003,0.3012499999999999,21.1,28.0,159.5,162.04166666666666,60.1,21.27083333333333,21.9375,0.41775,0.3799166666666667,161.70833333333334,99.5,62.208333333333336,165.99166666666667,161.70833333333334,372.8083333333333
2020-08-31,20.625,32.9,9.6,23:00:00,04:00:00,43.708333333333336,74.0,9.0,19:00:00,08:00:00,2.6375,3.4,1.7,11:00:00,03:00:00,8.108333333333333,22.8,4.9,23:00:00,05:00:00,9.195833333333333,24.9,5.6,23:00:00,04:00:00,6.130034722222223,7.139236111111111,1,1,1,1,1,1,18.454166666666666,14.3,22.7,18.554166666666667,71.41666666666667,13.008333333333333,0.1,0.1,1011.8625,994.8458333333332,29.875,3.02,0.6425,13.8,25.0,251.08333333333331,254.5,23.8,20.6125,21.33333333333333,0.3824583333333333,0.3723749999999999,185.20833333333331,82.95833333333333,102.25,148.24166666666667,185.20833333333331,369.89166666666665
2020-09-01,22.429166666666664,41.2,9.9,22:00:00,17:00:00,46.708333333333336,92.0,6.0,18:00:00,08:00:00,2.8625000000000003,3.5,2.4,22:00:00,15:00:00,14.320833333333333,25.1,6.3,06:00:00,18:00:00,16.983333333333334,25.3,6.6,06:00:00,18:00:00,12.825868055555556,14.893229166666666,2,1,1,1,2,1,18.904166666666665,14.0,24.7,19.441666666666663,72.54166666666667,13.179166666666667,0.0,0.0,1011.6916666666666,994.7,21.08333333333333,3.78,0.7270833333333333,9.7,14.5,201.25,229.75,18.7,20.883333333333333,21.05,0.3529583333333333,0.3482083333333333,242.33333333333331,193.5,48.833333333333336,317.4458333333333,242.33333333333331,366.9500000000001
2020-09-02,23.375,38.5,10.5,00:00:00,17:00:00,61.5,98.0,30.0,19:00:00,08:00:00,2.4791666666666665,3.1,2.0,11:00:00,16:00:00,11.291666666666666,17.1,7.7,00:00:00,06:00:00,13.370833333333332,23.9,7.8,00:00:00,07:00:00,11.58732638888889,13.62065972222222,2,1,2,1,2,1,18.375,15.6,21.9,18.6625,77.70833333333333,14.275,6.1,6.1,1015.1708333333332,998.0916666666668,28.83333333333333,2.81,0.4991666666666667,11.3,18.7,52.66666666666666,60.958333333333336,22.3,20.2375,21.0875,0.361625,0.3311666666666666,182.45833333333331,119.125,63.333333333333336,211.13333333333333,182.45833333333331,364.1
2020-09-03,29.445833333333336,59.6,12.0,23:00:00,18:00:00,53.875,125.0,4.0,17:00:00,08:00:00,2.5875,3.4,2.0,11:00:00,14:00:00,18.29583333333333,29.1,11.9,09:00:00,19:00:00,20.525,33.3,12.5,09:00:00,18:00:00,15.289930555555555,17.84201388888889,2,1,2,1,2,1,19.266666666666666,14.8,24.2,20.29583333333333,75.83333333333333,14.620833333333332,0.2,0.2,1020.7583333333332,1003.6375,15.25,3.42,0.61375,7.9,12.9,129.125,148.5,18.7,20.995833333333334,20.83333333333333,0.3410833333333333,0.3230416666666666,221.75,169.25,52.5,302.59166666666664,221.75,361.2625
2020-09-04,32.95,69.5,11.6,23:00:00,15:00:00,68.29166666666667,155.0,13.0,18:00:00,08:00:00,2.8708333333333336,3.5,2.4,22:00:00,04:00:00,26.641666666666666,39.2,19.8,23:00:00,17:00:00,29.441666666666663,40.8,21.7,23:00:00,19:00:00,22.19739583333333,24.771527777777777,3,1,2,1,3,2,20.6875,15.7,26.2,22.14583333333333,75.33333333333333,15.745833333333332,0.0,0.0,1025.0333333333333,1007.925,4.791666666666667,3.78,0.7083333333333334,7.7,15.2,51.79166666666666,65.20833333333333,17.6,22.15,21.64583333333333,0.3132083333333333,0.309125,239.20833333333331,195.625,43.583333333333336,341.08750000000003,239.20833333333331,358.3833333333334
2020-09-05,33.2875,71.7,9.8,00:00:00,17:00:00,77.0,167.0,10.0,16:00:00,04:00:00,2.8208333333333333,3.2,2.3,12:00:00,07:00:00,33.8375,48.3,9.9,04:00:00,23:00:00,36.6625,53.1,12.3,04:00:00,23:00:00,33.83663194444444,36.788715277777776,4,1,2,1,4,2,21.90416666666667,16.3,27.5,23.683333333333334,73.375,16.400000000000002,0.0,0.0,1018.9875,1002.0416666666666,2.875,3.97,0.8295833333333333,10.0,22.8,164.91666666666666,180.16666666666663,17.3,23.1875,22.52916666666667,0.2897083333333333,0.2942499999999999,238.29166666666663,195.83333333333331,42.458333333333336,342.56666666666666,238.29166666666663,355.4791666666667
2020-09-06,17.058333333333334,29.0,6.5,08:00:00,14:00:00,80.83333333333333,132.0,19.0,17:00:00,08:00:00,2.504166666666667,3.1,1.9,10:00:00,15:00:00,10.041666666666666,14.8,7.5,09:00:00,13:00:00,12.245833333333332,18.3,9.4,08:00:00,16:00:00,18.05868055555556,20.35642361111111,2,1,2,1,2,2,21.879166666666663,16.8,27.1,22.575,65.125,14.541666666666666,1.6,1.6,1013.2041666666668,996.3583333333332,26.08333333333333,3.68,0.9970833333333332,9.4,21.7,229.66666666666663,213.91666666666663,20.2,23.03333333333333,22.954166666666666,0.2661666666666666,0.27625,205.04166666666663,151.75,53.29166666666666,258.77916666666664,205.04166666666663,352.625
2020-09-07,23.025,44.5,8.6,23:00:00,05:00:00,61.75,88.0,10.0,04:00:00,23:00:00,2.004166666666667,2.6,1.3,18:00:00,07:00:00,10.05,19.4,6.4,23:00:00,04:00:00,11.5,23.0,5.9,22:00:00,04:00:00,9.628993055555556,11.072222222222225,2,1,2,1,1,1,19.14583333333333,17.3,21.8,20.2875,87.125,16.879166666666666,34.6,34.6,1016.4583333333334,999.3875,70.83333333333333,1.46,0.2983333333333333,14.8,25.2,37.583333333333336,46.458333333333336,28.4,20.375,21.84166666666667,0.4074583333333333,0.3525833333333333,83.70833333333333,26.20833333333333,57.5,50.4875,83.70833333333333,349.7833333333333
2020-09-08,27.004166666666663,51.7,10.6,23:00:00,16:00:00,49.625,117.0,4.0,19:00:00,01:00:00,2.4250000000000003,3.0,2.0,10:00:00,02:00:00,14.8,26.3,11.0,23:00:00,07:00:00,17.433333333333334,29.0,12.3,23:00:00,07:00:00,12.989409722222222,14.930208333333333,2,1,1,1,2,1,20.7875,17.5,25.5,21.916666666666668,76.33333333333333,16.154166666666665,0.5,0.5,1024.8625,1007.7625,35.666666666666664,3.34,0.6520833333333333,12.7,21.4,102.5,45.208333333333336,26.6,21.05,20.758333333333333,0.3884166666666667,0.3814166666666667,203.75,144.875,58.875,259.8833333333333,203.75,346.9291666666666
2020-09-09,34.30833333333333,54.5,13.8,00:00:00,17:00:00,57.16666666666666,139.0,1.0,17:00:00,07:00:00,2.6958333333333333,3.9,2.1,21:00:00,01:00:00,22.6125,29.5,13.1,01:00:00,18:00:00,24.9375,30.3,18.4,09:00:00,17:00:00,19.773958333333333,22.088194444444444,2,1,2,1,2,2,21.091666666666665,16.4,26.3,22.766666666666666,77.58333333333333,16.641666666666666,0.0,0.0,1023.45,1006.3958333333334,8.166666666666666,3.45,0.6620833333333334,9.8,15.1,169.91666666666666,182.33333333333331,16.6,22.15416666666667,21.745833333333334,0.3551249999999999,0.3532916666666666,213.91666666666663,162.75,51.16666666666666,295.1625,213.91666666666663,344.0458333333333
2020-09-10,35.37916666666667,57.0,13.4,23:00:00,16:00:00,63.54166666666666,143.0,3.0,16:00:00,07:00:00,3.158333333333333,4.5,2.3,12:00:00,03:00:00,24.3125,33.0,18.5,10:00:00,17:00:00,27.8125,37.3,22.0,10:00:00,15:00:00,22.611805555555552,25.742708333333336,3,1,2,1,3,2,21.85833333333333,16.7,27.0,24.016666666666666,78.41666666666667,17.641666666666666,0.2,0.2,1016.9708333333332,1000.0541666666668,34.0,3.22,0.6537499999999999,8.0,13.5,178.54166666666666,158.41666666666666,18.0,22.870833333333334,22.445833333333336,0.3299583333333333,0.3323333333333333,191.66666666666663,115.25,76.41666666666667,193.10416666666663,191.66666666666663,341.15
2020-09-11,35.2125,61.9,15.9,23:00:00,14:00:00,55.375,104.0,9.0,17:00:00,23:00:00,3.075,4.1,2.4,10:00:00,01:00:00,25.054166666666664,30.5,20.6,23:00:00,13:00:00,28.9125,37.0,23.6,22:00:00,05:00:00,24.822916666666668,28.25295138888889,3,1,2,1,3,2,21.72083333333333,18.9,25.6,23.804166666666664,80.79166666666667,18.10833333333333,4.9,4.9,1015.0125,998.1375,48.875,2.31,0.5433333333333333,9.4,16.9,201.45833333333331,178.66666666666666,24.5,22.516666666666666,22.65833333333333,0.364625,0.3299583333333333,134.08333333333334,74.75,59.333333333333336,131.12916666666666,134.08333333333334,338.2083333333333
2020-09-12,30.808333333333334,59.2,10.0,00:00:00,16:00:00,65.83333333333333,156.0,2.0,18:00:00,02:00:00,3.0375,3.7,2.5,21:00:00,00:00:00,25.366666666666664,33.1,18.6,01:00:00,17:00:00,29.84583333333333,38.6,20.8,02:00:00,17:00:00,25.699479166666663,30.6671875,4,1,2,1,4,2,22.375,17.0,27.7,24.70833333333333,76.83333333333333,17.683333333333334,0.0,0.0,1017.6041666666666,1000.7166666666668,6.916666666666667,3.52,0.7479166666666667,6.7,11.3,163.125,121.91666666666669,16.6,23.166666666666668,22.725,0.333375,0.3237916666666666,217.95833333333331,175.375,42.583333333333336,319.575,217.95833333333331,335.2333333333333
2020-09-13,27.6625,48.7,8.4,00:00:00,17:00:00,71.45833333333333,155.0,17.0,15:00:00,08:00:00,2.9125,3.4,2.4,02:00:00,09:00:00,27.1375,38.5,18.3,01:00:00,17:00:00,30.254166666666663,43.0,20.0,02:00:00,17:00:00,26.95,30.76510416666667,4,1,2,1,4,2,23.67083333333333,18.5,29.1,26.475,76.125,18.7875,0.0,0.0,1023.2375,1006.3333333333334,4.0,3.64,0.8224999999999999,7.0,17.3,123.79166666666669,121.875,12.2,24.308333333333334,23.491666666666664,0.3122916666666667,0.3120833333333333,214.66666666666663,172.91666666666666,41.75,316.21666666666664,214.66666666666663,332.21250000000003
2020-09-14,30.104166666666668,60.8,9.5,09:00:00,15:00:00,66.33333333333333,135.0,6.0,18:00:00,08:00:00,2.6083333333333334,3.0,2.2,08:00:00,19:00:00,23.808333333333334,31.1,18.7,09:00:00,17:00:00,28.6,35.3,22.9,08:00:00,13:00:00,24.476041666666664,28.318923611111117,3,1,2,1,3,2,23.59166666666667,19.8,28.2,25.90833333333333,74.70833333333333,18.433333333333334,0.0,0.0,1025.4791666666667,1008.5208333333334,17.25,3.54,0.8308333333333334,8.7,16.1,45.54166666666666,63.958333333333336,19.1,24.491666666666664,23.9375,0.2903333333333333,0.2979583333333333,200.625,154.04166666666666,46.583333333333336,283.1041666666667,200.625,329.2333333333333
2020-09-15,34.083333333333336,58.4,12.1,22:00:00,15:00:00,65.95833333333333,151.0,12.0,17:00:00,08:00:00,2.9875000000000003,3.8,2.5,11:00:00,00:00:00,26.78333333333333,33.6,22.3,02:00:00,19:00:00,30.6625,36.1,24.8,02:00:00,18:00:00,25.424652777777776,29.60607638888889,4,1,2,1,4,2,22.77083333333333,18.1,27.7,24.579166666666666,72.25,17.041666666666668,0.0,0.0,1022.275,1005.3291666666668,17.458333333333332,3.22,0.8754166666666667,9.9,21.4,60.208333333333336,76.29166666666667,18.7,23.8875,23.64583333333333,0.2719583333333333,0.2851666666666666,189.125,132.91666666666666,56.208333333333336,241.01666666666665,189.125,326.25416666666666
2020-09-16,37.62083333333333,70.1,12.3,23:00:00,16:00:00,70.20833333333333,153.0,11.0,17:00:00,08:00:00,3.2583333333333333,3.9,2.5,12:00:00,07:00:00,21.379166666666663,31.1,16.8,23:00:00,11:00:00,24.683333333333334,34.1,18.9,23:00:00,03:00:00,23.23125,26.639236111111117,3,1,2,1,3,2,23.175,19.2,27.8,25.058333333333334,71.33333333333333,17.379166666666666,0.0,0.0,1017.9875,1001.1416666666668,19.5,3.22,0.8970833333333333,12.3,24.7,135.33333333333334,130.70833333333334,20.9,24.129166666666663,23.629166666666663,0.2560833333333333,0.2728333333333333,183.33333333333331,124.375,58.958333333333336,224.2,183.33333333333331,323.2375
2020-09-17,34.25833333333333,63.0,14.9,00:00:00,18:00:00,73.16666666666667,157.0,11.0,16:00:00,08:00:00,3.4416666666666664,4.8,2.9,11:00:00,19:00:00,23.508333333333336,34.9,16.7,01:00:00,18:00:00,26.10833333333333,33.9,20.4,00:00:00,17:00:00,23.537673611111117,26.316493055555554,3,1,2,1,3,2,22.8375,18.4,28.6,24.933333333333334,75.66666666666667,17.841666666666665,0.0,0.0,1016.5083333333332,999.6583333333332,7.125,3.56,0.7937500000000001,9.7,20.1,181.125,176.41666666666666,21.6,23.8625,23.5,0.2455416666666666,0.2644583333333333,209.04166666666663,168.75,40.29166666666666,314.21666666666664,209.04166666666663,320.1958333333333
2020-09-18,30.04583333333333,65.5,10.8,09:00:00,15:00:00,80.625,147.0,17.0,17:00:00,08:00:00,3.220833333333333,4.2,2.9,11:00:00,02:00:00,21.491666666666664,34.1,15.0,22:00:00,13:00:00,25.291666666666668,38.3,18.7,22:00:00,15:00:00,21.711458333333336,25.121180555555554,3,1,2,1,3,2,23.225,18.6,27.6,23.9375,62.833333333333336,15.55,0.0,0.0,1019.55,1002.6791666666668,9.458333333333334,3.81,1.117916666666667,11.9,25.7,84.625,82.04166666666667,25.6,24.0,23.65833333333333,0.2292916666666666,0.2533333333333333,193.625,149.0,44.625,282.975,193.625,317.125
2020-09-19,20.9125,40.4,12.2,23:00:00,13:00:00,67.375,102.0,46.0,18:00:00,08:00:00,2.9291666666666667,3.2,2.5,19:00:00,00:00:00,18.04583333333333,23.8,13.6,22:00:00,11:00:00,22.041666666666668,27.0,17.7,23:00:00,14:00:00,19.93402777777778,24.064930555555552,2,1,2,1,2,2,20.529166666666665,17.6,23.6,20.39583333333333,65.625,13.804166666666667,0.0,0.0,1019.4833333333332,1002.4541666666668,32.916666666666664,3.18,0.84625,13.6,26.3,67.04166666666667,74.625,26.3,22.633333333333336,23.25,0.2160416666666666,0.24425,161.79166666666666,91.20833333333331,70.58333333333333,168.075,161.79166666666666,314.02500000000003
2020-09-20,25.854166666666668,41.9,11.9,02:00:00,17:00:00,61.083333333333336,122.0,19.0,18:00:00,03:00:00,3.0083333333333333,3.4,2.5,19:00:00,01:00:00,24.02083333333333,34.6,17.6,23:00:00,18:00:00,27.5375,40.7,19.6,23:00:00,18:00:00,20.74513888888889,24.18454861111111,3,1,2,1,3,2,19.6875,17.0,23.7,20.308333333333334,72.91666666666667,14.525,1.1,1.1,1016.0416666666666,999.0291666666668,44.29166666666666,2.42,0.65625,9.4,17.1,115.125,83.70833333333333,23.0,21.54583333333333,22.2625,0.2171666666666666,0.23975,142.33333333333334,81.0,61.333333333333336,158.29583333333332,142.33333333333334,310.90416666666664
2020-09-21,34.050000000000004,55.0,22.7,09:00:00,16:00:00,44.41666666666666,83.0,8.0,16:00:00,09:00:00,2.6166666666666667,3.6,2.0,14:00:00,07:00:00,25.4625,36.0,15.9,00:00:00,17:00:00,29.27083333333333,41.6,17.5,00:00:00,16:00:00,25.603819444444444,29.36423611111111,4,1,1,1,4,2,19.6625,17.4,23.1,21.3125,83.33333333333333,16.6125,6.0,6.0,1015.9875,998.9791666666666,49.875,2.26,0.4145833333333333,9.0,15.0,235.75,189.58333333333331,20.2,21.35,21.84583333333333,0.2579166666666666,0.2333333333333333,144.83333333333334,75.70833333333333,69.125,148.89583333333334,144.83333333333334,307.7625
2020-09-22,27.25833333333333,47.4,15.4,21:00:00,05:00:00,46.41666666666666,78.0,16.0,16:00:00,22:00:00,2.5791666666666666,3.4,1.9,20:00:00,06:00:00,14.2625,24.1,8.0,01:00:00,12:00:00,17.304166666666667,24.5,13.2,03:00:00,13:00:00,20.2046875,23.477777777777774,3,1,1,1,3,2,17.912499999999998,16.7,19.7,19.55,91.58333333333331,16.516666666666666,27.0,27.0,1014.6208333333334,997.5208333333334,86.04166666666667,1.24,0.17625,7.0,11.7,118.0,122.41666666666669,16.6,19.85,21.15,0.3318333333333333,0.2350416666666666,79.25,13.458333333333334,65.79166666666667,25.141666666666666,79.25,304.6083333333333
2020-09-23,22.7625,59.6,9.9,22:00:00,17:00:00,47.0,85.0,5.0,16:00:00,23:00:00,3.0375,3.8,2.3,20:00:00,16:00:00,10.779166666666669,18.8,6.9,23:00:00,13:00:00,12.7125,22.1,7.5,23:00:00,14:00:00,11.027604166666668,13.570833333333333,2,1,1,1,2,1,18.8125,16.5,22.1,20.22083333333333,83.5,15.808333333333332,7.1000000000000005,7.1000000000000005,1010.45,993.4833333333332,62.375,2.14,0.3899999999999999,6.4,8.4,168.08333333333334,172.20833333333334,18.7,20.0375,20.48333333333333,0.3727916666666666,0.2800833333333333,141.41666666666666,83.375,58.04166666666666,156.325,141.41666666666666,301.4291666666667
2020-09-24,31.425,46.8,16.2,09:00:00,23:00:00,29.625,66.0,1.0,17:00:00,07:00:00,3.0375,4.0,1.5,06:00:00,21:00:00,16.754166666666666,26.2,7.2,09:00:00,23:00:00,19.22083333333333,30.4,7.8,09:00:00,21:00:00,15.002604166666666,17.810416666666665,2,1,1,1,2,1,18.195833333333333,15.9,20.9,19.05,88.33333333333333,16.216666666666665,15.7,15.7,1009.2625,992.2708333333334,70.875,1.47,0.2529166666666667,18.0,30.2,168.29166666666666,176.29166666666666,43.2,19.495833333333334,20.445833333333333,0.3544166666666666,0.2974583333333333,93.625,32.125,61.5,64.02083333333333,93.625,298.25
2020-09-25,16.808333333333334,28.8,9.2,09:00:00,15:00:00,49.5,74.0,28.0,16:00:00,09:00:00,2.3583333333333334,3.7,1.4,22:00:00,02:00:00,4.841666666666667,7.2,1.5,03:00:00,17:00:00,5.604166666666667,8.2,2.9,23:00:00,15:00:00,9.844618055555555,11.039409722222222,1,1,1,1,1,1,15.179166666666667,11.9,17.3,12.979166666666666,73.25,9.8125,21.6,21.6,997.4041666666668,980.4416666666666,71.41666666666667,2.19,0.4408333333333333,40.0,62.1,180.125,184.66666666666663,73.1,17.479166666666668,19.27083333333333,0.4062083333333333,0.3737083333333333,101.16666666666669,35.708333333333336,65.45833333333333,61.95416666666666,101.16666666666669,295.0458333333333
2020-09-26,16.041666666666668,26.7,7.6,22:00:00,16:00:00,49.083333333333336,67.0,24.0,13:00:00,08:00:00,2.2958333333333334,3.3,1.3,08:00:00,16:00:00,3.525,6.2,1.6,00:00:00,12:00:00,5.0875,8.0,3.4,08:00:00,03:00:00,4.160590277777778,5.290625,1,1,1,1,1,1,14.4125,10.5,18.6,9.65,37.29166666666666,-0.5041666666666668,0.0,0.0,998.8458333333332,981.8083333333334,29.83333333333333,4.6000000000000005,1.0633333333333332,24.3,38.9,317.125,322.9583333333333,46.1,16.216666666666665,17.641666666666666,0.37675,0.3732916666666666,189.58333333333331,138.33333333333334,51.25,280.0416666666667,189.58333333333331,291.85
2020-09-27,19.0125,29.8,9.7,07:00:00,16:00:00,44.04166666666666,82.0,5.0,17:00:00,08:00:00,2.6666666666666665,4.0,1.5,09:00:00,02:00:00,8.733333333333333,18.0,3.8,23:00:00,01:00:00,10.65,19.7,5.5,23:00:00,02:00:00,5.139756944444444,6.983506944444444,1,1,1,1,1,1,11.420833333333334,5.5,16.9,8.954166666666667,64.91666666666667,4.7625,0.4,0.4,1004.3791666666666,987.0833333333334,16.458333333333332,2.64,0.49875,14.3,27.7,145.95833333333334,159.58333333333334,31.3,14.379166666666668,16.212500000000002,0.344125,0.3464583333333333,179.25,135.70833333333334,43.54166666666666,269.31666666666666,179.25,288.6458333333333
2020-09-28,26.3,53.1,15.6,21:00:00,16:00:00,34.125,73.0,8.0,17:00:00,08:00:00,3.704166666666667,5.5,3.0,10:00:00,02:00:00,11.9375,17.4,5.2,02:00:00,15:00:00,14.508333333333333,20.9,7.5,00:00:00,14:00:00,11.865451388888893,14.127951388888889,2,1,1,1,2,1,13.329166666666666,7.6,19.8,11.379166666666668,68.25,6.8500000000000005,0.0,0.0,1007.3333333333334,990.0875,12.166666666666666,2.71,0.5966666666666667,13.4,24.1,262.9583333333333,263.5416666666667,28.1,14.708333333333334,15.716666666666669,0.3229583333333333,0.3284583333333333,191.29166666666663,154.16666666666666,37.125,311.0125,191.29166666666663,285.50416666666666
2020-09-29,35.78333333333333,66.2,16.1,21:00:00,17:00:00,25.916666666666668,81.0,0.0,17:00:00,07:00:00,3.9875,5.3,3.2,12:00:00,00:00:00,18.39583333333333,31.4,9.9,09:00:00,16:00:00,21.3,33.6,11.7,09:00:00,16:00:00,15.070833333333333,17.509027777777778,2,1,1,1,2,1,15.0875,10.1,20.5,14.65,73.25,10.0375,0.0,0.0,1015.8208333333332,998.5291666666668,35.541666666666664,2.13,0.5187499999999999,9.0,16.6,148.125,230.83333333333331,18.4,16.0625,16.441666666666666,0.313375,0.3183333333333333,147.0,84.45833333333333,62.54166666666666,166.76666666666668,147.0,282.46250000000003
2020-09-30,32.791666666666664,65.0,17.0,21:00:00,17:00:00,33.375,84.0,1.0,18:00:00,07:00:00,3.520833333333333,4.1,2.0,10:00:00,15:00:00,16.2375,23.0,11.0,22:00:00,16:00:00,20.716666666666665,33.8,11.7,09:00:00,16:00:00,16.826736111111114,20.974652777777777,2,1,1,1,2,2,16.575,12.2,21.5,16.6125,75.375,11.920833333333334,0.0,0.0,1014.9583333333334,997.7708333333334,27.625,2.35,0.5220833333333333,8.3,15.9,233.41666666666663,224.125,14.8,17.441666666666666,17.474999999999998,0.30475,0.3099583333333333,164.70833333333334,112.875,51.833333333333336,229.82916666666665,164.70833333333334,279.4125
2020-10-01,33.858333333333334,65.0,16.7,21:00:00,01:00:00,27.20833333333333,58.0,2.0,18:00:00,23:00:00,3.920833333333333,6.1,2.2,09:00:00,01:00:00,14.225,22.0,6.9,23:00:00,14:00:00,18.654166666666665,28.4,9.2,09:00:00,14:00:00,15.382118055555557,19.63454861111111,2,1,1,1,2,1,16.791666666666668,14.1,20.4,17.004166666666666,82.375,13.620833333333332,0.7,0.7,1008.325,991.2666666666668,69.375,1.73,0.3641666666666667,10.0,18.4,202.5,194.66666666666663,23.4,17.908333333333335,18.191666666666663,0.2964583333333333,0.3002499999999999,110.54166666666669,49.208333333333336,61.333333333333336,99.17916666666667,110.54166666666669,276.34166666666664
2020-10-02,21.120833333333334,48.2,10.9,00:00:00,23:00:00,40.16666666666666,62.0,6.0,23:00:00,01:00:00,2.0083333333333333,3.4,1.3,00:00:00,08:00:00,11.620833333333332,21.0,7.2,00:00:00,11:00:00,13.2375,22.5,8.7,00:00:00,22:00:00,13.819965277777778,16.860416666666666,2,1,1,1,2,1,15.604166666666666,14.7,16.6,13.470833333333331,91.25,14.183333333333332,46.0,46.0,999.0208333333334,982.05,98.83333333333331,0.76,0.1566666666666666,36.5,58.3,95.66666666666669,98.375,64.1,15.958333333333334,17.454166666666666,0.3977916666666667,0.3488333333333333,30.416666666666668,1.125,29.291666666666668,2.658333333333333,30.416666666666668,273.24583333333334
2020-10-03,11.875,31.9,5.7,23:00:00,16:00:00,67.08333333333333,79.0,35.0,15:00:00,23:00:00,1.8541666666666667,2.6,1.4,20:00:00,08:00:00,5.108333333333333,8.5,2.6,23:00:00,16:00:00,6.941666666666666,12.1,4.4,23:00:00,12:00:00,7.507465277777778,8.919965277777777,2,1,2,1,1,1,16.566666666666666,12.2,20.0,14.225,72.79166666666667,11.208333333333334,21.1,21.1,996.4125,979.5583333333334,45.66666666666666,2.63,0.5433333333333333,37.2,59.1,142.375,145.58333333333334,65.9,16.891666666666666,17.05,0.4150833333333333,0.4093333333333333,145.08333333333334,108.33333333333331,36.75,209.7875,145.08333333333334,270.18333333333334
2020-10-04,16.820833333333333,32.1,5.7,00:00:00,15:00:00,46.583333333333336,74.0,24.0,15:00:00,08:00:00,2.0541666666666667,2.8,1.1,08:00:00,18:00:00,6.379166666666666,9.8,3.3,07:00:00,15:00:00,9.391666666666667,17.1,4.6,08:00:00,18:00:00,5.962673611111112,9.022743055555557,1,1,1,1,1,1,14.15,10.0,19.5,12.4,77.125,9.841666666666669,22.700000000000003,22.700000000000003,1003.0041666666666,985.8875,38.16666666666666,2.36,0.4229166666666666,22.9,32.4,110.08333333333331,120.70833333333331,44.6,15.495833333333332,16.629166666666666,0.3921666666666667,0.3834583333333333,149.04166666666666,113.54166666666669,35.5,222.79583333333332,149.04166666666666,267.21250000000003
2020-10-05,23.97083333333333,55.9,11.8,22:00:00,04:00:00,30.916666666666668,56.0,3.0,16:00:00,22:00:00,3.3375,4.1,2.6,17:00:00,05:00:00,9.941666666666666,21.9,5.2,23:00:00,04:00:00,12.7,28.9,7.3,23:00:00,04:00:00,6.876736111111111,9.299131944444444,1,1,1,1,1,1,13.820833333333333,10.9,17.6,13.133333333333333,82.375,10.654166666666669,5.9,5.9,1008.1791666666668,990.9541666666668,55.04166666666666,1.73,0.3091666666666666,16.6,28.9,165.75,162.75,34.6,15.4125,16.129166666666666,0.4005833333333333,0.3877083333333333,126.375,65.5,60.875,138.74166666666665,126.375,264.20416666666665
2020-10-06,35.99166666666667,54.6,23.5,21:00:00,14:00:00,10.125,31.0,0.0,13:00:00,01:00:00,3.7916666666666665,4.8,3.0,09:00:00,23:00:00,21.366666666666664,28.6,12.4,11:00:00,16:00:00,25.40833333333333,35.2,16.4,11:00:00,16:00:00,17.21440972222222,20.72083333333333,2,1,1,1,2,2,13.591666666666669,10.3,17.3,13.241666666666667,83.16666666666667,10.716666666666669,0.1,0.1,1013.4291666666668,996.1,64.58333333333333,1.58,0.2816666666666667,6.9,13.5,234.375,175.125,18.0,15.15,15.9,0.373375,0.367875,113.83333333333331,61.0,52.833333333333336,118.65,113.83333333333331,261.20416666666665
2020-10-07,26.825,43.6,12.0,23:00:00,16:00:00,27.041666666666668,70.0,4.0,16:00:00,00:00:00,2.5166666666666666,4.3,1.4,10:00:00,16:00:00,12.416666666666666,29.3,2.3,01:00:00,17:00:00,15.820833333333333,33.6,3.7,01:00:00,17:00:00,18.71840277777778,22.889930555555555,2,1,1,1,2,2,15.729166666666666,11.3,21.8,13.495833333333332,63.79166666666666,7.8125,0.1,0.1,1012.0833333333334,994.9,15.416666666666666,3.22,0.7533333333333333,20.5,37.2,245.83333333333331,234.375,34.2,16.445833333333333,16.5625,0.3574166666666666,0.3557916666666667,168.375,126.79166666666669,41.583333333333336,278.5375,168.375,258.1625
2020-10-08,44.03333333333333,79.8,29.7,21:00:00,06:00:00,16.5,52.0,0.0,17:00:00,07:00:00,3.170833333333333,5.4,1.8,12:00:00,02:00:00,10.683333333333332,22.1,3.6,23:00:00,03:00:00,15.35,28.6,4.3,23:00:00,02:00:00,8.001041666666667,11.0984375,2,2,1,1,1,1,14.383333333333333,9.5,20.2,13.170833333333334,63.625,7.316666666666666,0.0,0.0,1021.5458333333332,1004.1208333333334,7.375,2.35,0.6554166666666666,10.3,16.8,217.45833333333331,185.04166666666663,14.4,15.670833333333334,16.3,0.34625,0.3461666666666667,167.70833333333334,134.375,33.333333333333336,292.7291666666667,167.70833333333334,255.1375
2020-10-09,46.18333333333334,69.9,31.4,21:00:00,15:00:00,16.041666666666668,56.0,0.0,17:00:00,00:00:00,2.8791666666666664,3.8,2.1,10:00:00,04:00:00,22.625,33.2,13.0,09:00:00,17:00:00,28.1,39.8,18.6,09:00:00,17:00:00,18.232291666666665,23.814409722222223,2,2,1,1,2,2,14.6375,10.0,18.7,14.466666666666669,78.41666666666667,10.8,0.0,0.0,1022.6083333333332,1005.1916666666666,32.208333333333336,1.69,0.3904166666666666,5.4,6.9,199.91666666666663,266.5416666666667,15.5,15.291666666666666,15.920833333333334,0.3432083333333333,0.3418333333333334,119.5,51.375,68.125,120.85833333333332,119.5,252.09166666666667
2020-10-10,33.30833333333333,57.2,13.9,00:00:00,17:00:00,27.291666666666668,82.0,0.0,16:00:00,02:00:00,3.0083333333333333,4.3,2.0,12:00:00,23:00:00,26.366666666666664,39.5,13.7,09:00:00,17:00:00,29.425,45.7,16.2,09:00:00,17:00:00,25.93836805555556,30.24965277777778,4,1,1,1,4,2,15.25,10.4,20.2,15.1625,80.66666666666667,11.7,0.1,0.1,1017.8541666666666,1000.5458333333332,37.16666666666666,1.98,0.3895833333333333,7.2,9.2,214.04166666666663,255.5,19.8,15.925,16.108333333333334,0.3391666666666666,0.3380416666666667,141.41666666666666,96.16666666666669,45.25,213.2458333333333,141.41666666666666,249.04583333333332
2020-10-11,17.579166666666666,33.2,11.0,00:00:00,16:00:00,40.75,54.0,19.0,13:00:00,02:00:00,1.9958333333333331,2.3,1.6,03:00:00,01:00:00,10.454166666666667,28.3,3.3,02:00:00,18:00:00,10.929166666666667,29.4,4.8,02:00:00,16:00:00,18.00607638888889,19.471354166666668,2,1,1,1,2,1,12.704166666666666,9.2,14.5,11.925,88.41666666666667,10.808333333333332,12.1,12.1,1012.6625,995.3041666666668,86.83333333333333,0.78,0.17125,13.9,19.5,151.875,138.16666666666666,26.3,14.370833333333332,15.9875,0.3714166666666667,0.3375833333333333,44.833333333333336,2.625,42.208333333333336,5.720833333333334,44.833333333333336,246.00833333333333
2020-10-12,23.95833333333333,39.8,13.6,22:00:00,02:00:00,32.541666666666664,58.0,2.0,17:00:00,09:00:00,2.220833333333333,3.0,1.8,10:00:00,13:00:00,7.291666666666667,14.0,3.2,10:00:00,16:00:00,8.975,14.2,5.9,10:00:00,16:00:00,7.485243055555556,8.764409722222222,1,1,1,1,1,1,11.8125,7.1,18.2,9.333333333333334,61.958333333333336,3.483333333333333,0.0,0.0,1012.7083333333334,995.2833333333332,18.916666666666668,2.69,0.6141666666666666,17.9,33.8,219.08333333333331,188.375,30.2,13.608333333333334,14.566666666666668,0.3445833333333333,0.334,161.83333333333334,129.54166666666666,32.291666666666664,289.6083333333333,161.83333333333334,242.95833333333331
2020-10-13,43.575,79.0,25.4,23:00:00,17:00:00,18.625,60.0,0.0,17:00:00,09:00:00,3.279166666666667,5.2,1.8,12:00:00,00:00:00,13.75,24.0,6.6,23:00:00,03:00:00,16.729166666666668,30.1,8.0,23:00:00,02:00:00,9.455902777777778,11.472916666666668,2,2,1,1,1,1,10.179166666666667,4.4,16.0,7.55,56.41666666666666,1.4041666666666668,0.0,0.0,1009.9375,992.4541666666668,12.875,2.12,0.5962500000000001,11.2,23.9,170.29166666666666,160.125,18.7,12.320833333333333,13.85,0.3265,0.3252916666666667,156.45833333333334,113.66666666666669,42.79166666666666,263.6958333333333,156.45833333333334,239.925
2020-10-14,51.75,72.8,33.6,00:00:00,16:00:00,14.583333333333334,54.0,0.0,17:00:00,00:00:00,3.6208333333333336,4.4,2.8,17:00:00,11:00:00,26.09583333333333,35.3,15.0,22:00:00,14:00:00,28.90416666666667,37.0,19.1,21:00:00,16:00:00,21.29895833333333,24.60763888888889,3,2,1,1,3,2,9.720833333333331,6.0,14.3,7.866666666666666,77.125,5.820833333333333,2.2,2.2,1008.9583333333334,991.475,48.875,1.26,0.2933333333333333,9.4,15.5,137.79166666666666,160.16666666666666,18.4,11.475,12.983333333333334,0.3384166666666666,0.3244166666666667,93.625,53.875,39.75,127.5625,93.625,236.89166666666665
2020-10-15,39.99166666666667,58.4,28.8,00:00:00,06:00:00,13.375,25.0,3.0,12:00:00,20:00:00,2.7416666666666667,3.6,1.9,00:00:00,17:00:00,17.091666666666665,26.4,6.4,00:00:00,16:00:00,19.34583333333333,29.6,8.5,00:00:00,16:00:00,22.58020833333333,24.90277777777777,3,1,1,1,3,2,10.366666666666667,9.6,11.7,8.766666666666667,86.33333333333333,8.179166666666667,13.8,13.8,1006.9791666666666,989.5666666666666,97.79166666666669,0.6,0.1729166666666667,15.9,26.7,267.2083333333333,263.0833333333333,32.4,11.129166666666668,12.795833333333334,0.392875,0.34825,30.666666666666668,3.5416666666666665,27.125,6.4750000000000005,30.666666666666668,233.86666666666667
2020-10-16,37.30833333333333,52.1,21.7,22:00:00,16:00:00,16.375,47.0,2.0,17:00:00,23:00:00,2.5875,4.0,1.9,21:00:00,00:00:00,13.320833333333333,18.9,4.9,23:00:00,17:00:00,15.6125,23.0,7.5,23:00:00,17:00:00,14.25434027777778,16.260590277777776,2,1,1,1,2,1,10.754166666666668,7.4,14.7,9.6125,86.66666666666667,8.512500000000001,6.7,6.7,1012.5958333333332,995.1125,66.625,0.9,0.1870833333333333,8.9,14.0,248.95833333333331,263.5,17.3,11.595833333333331,12.4,0.4024166666666666,0.381125,63.75,24.75,39.0,72.25416666666666,63.75,230.8625
2020-10-17,36.41666666666666,62.8,23.2,22:00:00,17:00:00,13.625,49.0,0.0,17:00:00,02:00:00,3.7541666666666655,5.6,2.4,04:00:00,15:00:00,23.808333333333334,33.8,17.6,23:00:00,18:00:00,28.3125,36.3,21.2,09:00:00,19:00:00,18.031076388888888,22.13802083333333,2,1,1,1,2,2,10.35,5.7,16.3,9.033333333333331,82.75,7.35,0.0,0.0,1014.95,997.4,4.333333333333333,1.76,0.2579166666666667,9.4,13.4,184.41666666666663,210.41666666666663,14.4,11.2875,12.158333333333331,0.378125,0.3727916666666666,146.25,114.29166666666669,31.95833333333333,263.5083333333333,146.25,227.86666666666667
2020-10-18,35.025,61.3,15.2,22:00:00,15:00:00,18.33333333333333,68.0,0.0,17:00:00,00:00:00,2.529166666666667,3.0,2.0,01:00:00,07:00:00,32.30416666666667,36.5,28.6,01:00:00,06:00:00,34.5875,41.5,29.4,22:00:00,07:00:00,28.486631944444444,31.4078125,4,1,1,1,4,2,10.858333333333334,6.8,15.8,9.733333333333333,84.58333333333333,8.166666666666666,0.1,0.1,1020.1625,1002.5541666666668,32.0,1.35,0.2395833333333333,8.6,13.0,83.91666666666667,101.79166666666669,17.3,11.904166666666669,12.604166666666666,0.3656666666666666,0.363125,105.91666666666669,68.79166666666667,37.125,164.67499999999998,105.91666666666669,224.89166666666665
2020-10-19,44.57083333333333,70.8,28.2,20:00:00,05:00:00,11.541666666666666,45.0,0.0,16:00:00,00:00:00,2.8166666666666664,3.8,1.8,10:00:00,04:00:00,36.49166666666667,44.8,30.9,11:00:00,17:00:00,39.55,49.3,32.8,21:00:00,07:00:00,34.239583333333336,36.81822916666667,4,2,1,1,4,2,10.929166666666667,7.8,15.2,9.870833333333334,85.41666666666667,8.470833333333333,0.9,0.9,1024.0083333333334,1006.3291666666668,56.875,1.18,0.215,7.1,10.9,130.58333333333334,143.20833333333334,14.4,11.995833333333332,12.758333333333333,0.360875,0.3566249999999999,89.83333333333333,47.583333333333336,42.25,122.65416666666668,89.83333333333333,221.9416666666667
2020-10-20,48.31666666666666,69.5,34.4,20:00:00,07:00:00,8.166666666666666,34.0,0.0,14:00:00,00:00:00,3.125,4.0,2.4,11:00:00,01:00:00,38.204166666666666,55.5,26.4,09:00:00,17:00:00,43.19583333333333,62.2,29.4,09:00:00,16:00:00,38.68576388888889,43.22430555555556,4,2,1,1,4,3,11.35,7.5,15.4,10.5875,85.33333333333333,8.8375,0.1,0.1,1024.9375,1007.2708333333334,78.16666666666667,1.29,0.2245833333333333,4.9,9.7,215.20833333333331,217.5,13.3,12.104166666666666,12.65,0.3531666666666666,0.3499999999999999,98.45833333333331,59.41666666666666,39.04166666666666,129.40416666666667,98.45833333333331,219.01666666666665
2020-10-21,47.9875,59.8,36.7,19:00:00,07:00:00,4.708333333333333,19.0,0.0,15:00:00,08:00:00,3.675,4.8,2.5,10:00:00,02:00:00,37.0625,45.4,30.1,11:00:00,18:00:00,43.44166666666666,53.9,38.5,11:00:00,17:00:00,36.93680555555556,42.105381944444446,4,2,1,1,4,3,12.254166666666668,10.3,14.5,11.575,88.08333333333333,10.275,0.2,0.2,1024.1,1006.5041666666666,94.5,0.8300000000000001,0.1795833333333333,8.9,11.8,254.70833333333331,251.33333333333331,19.1,13.1,13.441666666666668,0.3468333333333333,0.344375,55.0,11.583333333333334,43.41666666666666,32.833333333333336,55.0,216.0875
2020-10-22,36.645833333333336,48.4,29.2,21:00:00,06:00:00,4.958333333333333,12.0,0.0,17:00:00,07:00:00,3.404166666666667,4.3,2.3,19:00:00,03:00:00,29.525,37.0,21.6,02:00:00,17:00:00,34.7125,43.6,26.0,09:00:00,18:00:00,33.606944444444444,39.74409722222222,4,1,1,1,4,2,12.1125,10.4,14.6,11.620833333333332,92.5,10.9,1.5,1.5,1023.8541666666666,1006.2541666666666,91.79166666666669,0.64,0.1116666666666666,7.6,13.0,271.5,288.4166666666667,16.6,12.845833333333331,13.504166666666668,0.346375,0.34075,41.833333333333336,4.833333333333333,37.0,13.0875,41.833333333333336,213.15
2020-10-23,39.03333333333333,45.1,33.7,20:00:00,15:00:00,4.0,9.0,0.0,23:00:00,04:00:00,2.3666666666666667,3.1,1.7,08:00:00,06:00:00,31.4375,37.4,23.0,11:00:00,16:00:00,34.983333333333334,41.8,24.5,09:00:00,16:00:00,30.58125,35.12847222222222,4,1,1,1,4,2,12.829166666666666,11.3,13.8,12.8,95.95833333333331,12.208333333333334,10.9,10.9,1020.3291666666668,1002.8458333333332,99.625,0.43,0.0583333333333333,9.3,13.3,139.70833333333334,127.83333333333331,19.1,13.1875,13.6,0.3777916666666667,0.3451666666666667,23.83333333333333,0.25,23.58333333333333,0.7666666666666667,23.83333333333333,210.2625
2020-10-24,31.266666666666666,44.1,19.2,23:00:00,16:00:00,9.625,30.0,0.0,16:00:00,08:00:00,2.4458333333333333,3.3,1.2,14:00:00,06:00:00,26.5375,38.8,17.8,09:00:00,16:00:00,30.829166666666666,43.0,22.4,09:00:00,18:00:00,29.027430555555554,32.24375,4,1,1,1,4,2,13.3125,10.6,16.6,13.333333333333334,91.0,11.791666666666666,0.8,0.8,1016.6833333333334,999.2666666666668,60.41666666666666,0.89,0.1525,6.5,7.7,236.08333333333331,236.75,15.1,13.866666666666667,13.970833333333331,0.3867083333333334,0.3694583333333333,66.79166666666667,12.541666666666666,54.25,41.375,66.79166666666667,207.4416666666667
2020-10-25,31.608,43.4,21.2,22:00:00,07:00:00,8.96,34.0,0.0,15:00:00,00:00:00,2.928,3.9,2.1,00:00:00,15:00:00,26.952,35.0,15.0,07:00:00,18:00:00,29.996,41.2,18.9,10:00:00,17:00:00,26.93116666666667,30.87633333333333,4,1,1,1,4,2,12.524,9.1,16.8,12.288,92.04,11.156,0.2,0.2,1014.86,997.44,76.6,1.19,0.1388,7.3,17.4,169.12,190.36,17.3,13.732,14.064,0.37,0.36496,89.44,51.16,38.28,120.836,89.44,196.44
2020-10-26,26.67083333333333,41.4,12.3,22:00:00,04:00:00,25.125,43.0,4.0,05:00:00,22:00:00,2.1166666666666667,2.9,1.3,21:00:00,16:00:00,11.441666666666668,19.9,5.7,00:00:00,15:00:00,14.2875,22.3,6.0,07:00:00,14:00:00,18.398263888888888,21.647569444444443,2,1,1,1,2,2,13.341666666666669,11.9,14.8,12.3375,93.16666666666669,12.2625,29.8,29.8,1005.7416666666668,988.5291666666668,97.45833333333331,0.42,0.1041666666666666,22.3,36.5,119.41666666666669,140.0,57.2,13.645833333333334,14.354166666666666,0.412375,0.3897083333333333,17.125,1.0833333333333333,16.041666666666668,5.441666666666666,17.125,201.8125
2020-10-27,30.55,62.4,5.6,21:00:00,04:00:00,31.375,62.0,0.0,04:00:00,22:00:00,2.470833333333333,4.2,1.7,22:00:00,05:00:00,8.145833333333334,23.9,0.8,23:00:00,04:00:00,10.483333333333333,30.3,1.6,23:00:00,04:00:00,7.752083333333334,9.811284722222222,1,1,1,1,1,1,11.279166666666669,6.4,15.4,9.166666666666666,76.58333333333333,7.116666666666667,1.0,1.0,1009.1791666666668,991.7833333333332,38.29166666666666,1.52,0.33875,21.2,36.5,243.20833333333331,257.375,35.6,12.104166666666666,13.316666666666668,0.411875,0.4081666666666666,102.83333333333331,69.79166666666667,33.041666666666664,177.45416666666665,102.83333333333331,199.02083333333331
2020-10-28,39.87916666666667,68.0,26.1,20:00:00,16:00:00,11.666666666666666,48.0,0.0,16:00:00,00:00:00,4.058333333333334,5.5,2.9,11:00:00,05:00:00,23.416666666666668,33.9,13.4,08:00:00,15:00:00,29.275,40.3,17.8,09:00:00,14:00:00,17.83263888888889,22.197743055555552,2,1,1,1,2,2,11.058333333333332,6.3,16.8,9.6125,80.79166666666667,7.645833333333333,0.0,0.0,1017.6,1000.0458333333332,27.166666666666668,1.52,0.3008333333333333,9.7,14.5,218.95833333333331,225.79166666666663,15.8,11.791666666666666,12.445833333333333,0.397375,0.39675,119.375,88.54166666666667,30.83333333333333,227.90416666666667,119.375,196.24166666666667
2020-10-29,40.520833333333336,56.3,30.7,20:00:00,07:00:00,9.083333333333334,36.0,0.0,15:00:00,01:00:00,4.7250000000000005,6.4,3.4,12:00:00,05:00:00,24.1,30.8,15.5,02:00:00,17:00:00,28.84583333333333,38.8,19.0,10:00:00,14:00:00,24.135243055555552,29.874826388888888,3,2,1,1,3,2,11.5875,7.0,16.9,10.404166666666669,82.91666666666667,8.700000000000001,0.0,0.0,1019.3125,1001.7541666666666,29.375,1.37,0.2595833333333333,8.9,14.1,265.0416666666667,261.6666666666667,20.2,11.620833333333332,12.425,0.3779583333333333,0.3797916666666667,109.625,71.66666666666667,37.958333333333336,181.97083333333333,109.625,193.4875
2020-10-30,49.14166666666667,75.1,33.0,20:00:00,07:00:00,7.25,35.0,0.0,15:00:00,04:00:00,4.108333333333333,5.0,3.4,09:00:00,06:00:00,32.1875,45.3,23.1,23:00:00,17:00:00,40.016666666666666,52.8,29.6,23:00:00,00:00:00,27.19826388888889,32.37083333333333,4,2,1,1,4,2,10.954166666666666,6.6,17.5,10.166666666666666,88.75,9.0375,0.0,0.0,1023.3666666666668,1005.7083333333334,23.791666666666668,1.36,0.1845833333333333,8.2,13.1,152.5,206.45833333333331,14.4,11.916666666666666,12.541666666666666,0.3672083333333333,0.369375,112.375,79.66666666666667,32.708333333333336,210.28333333333333,112.375,190.76666666666665
2020-10-31,40.34166666666667,59.9,29.5,00:00:00,12:00:00,8.291666666666666,33.0,0.0,16:00:00,01:00:00,3.083333333333333,4.1,1.9,20:00:00,14:00:00,33.550000000000004,48.3,22.8,01:00:00,11:00:00,38.4375,52.7,26.5,00:00:00,15:00:00,34.59618055555556,42.238368055555554,4,2,1,1,4,3,10.620833333333334,7.4,15.4,9.8,95.33333333333331,9.833333333333334,0.0,0.0,1023.7833333333332,1006.0958333333332,55.0,0.78,0.0725,8.4,16.2,277.8333333333333,258.25,19.1,11.4875,12.4625,0.362875,0.3642083333333333,63.79166666666666,13.5,50.29166666666666,49.925,63.79166666666666,188.1625
2020-11-01,32.362500000000004,42.3,25.2,18:00:00,07:00:00,7.541666666666667,30.0,0.0,15:00:00,06:00:00,3.220833333333333,4.0,2.5,10:00:00,02:00:00,29.229166666666668,40.5,18.0,23:00:00,16:00:00,33.44166666666667,44.0,23.9,23:00:00,14:00:00,30.492708333333336,34.3828125,4,1,1,1,4,2,12.104166666666666,8.4,16.2,11.604166666666666,94.04166666666669,11.133333333333333,0.0,0.0,1022.4791666666666,1004.9125,74.875,0.71,0.0979166666666666,9.0,17.8,291.2083333333333,285.1666666666667,19.4,12.1625,12.570833333333333,0.3602083333333333,0.3605833333333333,52.0,11.083333333333334,40.91666666666666,36.79583333333333,52.0,185.59166666666667
2020-11-02,35.47083333333333,50.4,27.0,18:00:00,02:00:00,6.333333333333333,28.0,0.0,14:00:00,02:00:00,3.3666666666666667,4.8,2.7,20:00:00,00:00:00,33.645833333333336,49.7,13.9,04:00:00,15:00:00,38.87916666666667,53.7,19.1,03:00:00,15:00:00,33.616840277777776,38.19895833333333,4,1,1,1,4,2,12.641666666666666,9.0,16.7,12.266666666666666,89.66666666666667,10.929166666666667,0.0,0.0,1022.9875,1005.4458333333332,53.91666666666666,1.03,0.1683333333333333,6.9,11.4,238.125,245.5,19.4,12.85,13.016666666666666,0.3586249999999999,0.3585833333333333,80.45833333333333,36.583333333333336,43.875,106.75833333333334,80.45833333333333,183.1625
2020-11-03,37.22083333333333,49.1,32.3,17:00:00,11:00:00,2.4166666666666665,11.0,0.0,15:00:00,00:00:00,2.8375,4.3,1.9,20:00:00,13:00:00,36.17916666666667,45.7,25.6,23:00:00,14:00:00,43.475,55.4,30.9,10:00:00,14:00:00,32.24097222222222,38.54618055555556,4,1,1,1,4,2,13.475,11.6,16.1,13.658333333333331,91.25,12.033333333333331,0.0,0.0,1023.425,1005.9166666666666,82.5,0.85,0.14375,5.3,8.3,137.0,147.20833333333334,11.5,13.9875,13.954166666666666,0.3549583333333333,0.3550416666666666,62.625,25.5,37.125,68.35000000000001,62.625,180.76666666666665
2020-11-04,38.4125,48.8,28.5,19:00:00,02:00:00,3.208333333333333,13.0,0.0,15:00:00,00:00:00,3.1375,3.8,2.5,21:00:00,17:00:00,37.4875,50.7,22.5,09:00:00,16:00:00,41.7,55.4,25.3,08:00:00,16:00:00,38.8921875,44.64045138888889,4,1,1,1,4,3,13.454166666666666,12.0,15.6,13.558333333333332,93.33333333333331,12.35,1.8,1.8,1023.55,1006.0416666666666,86.0,0.64,0.11,6.9,10.5,165.125,146.04166666666666,13.7,14.141666666666666,14.416666666666666,0.35925,0.3534166666666666,42.458333333333336,12.583333333333334,29.875,33.375,42.458333333333336,178.39583333333334
2020-11-05,38.95,58.6,27.8,19:00:00,06:00:00,6.791666666666667,29.0,0.0,15:00:00,00:00:00,3.170833333333333,4.2,2.4,09:00:00,03:00:00,32.704166666666666,50.6,22.8,10:00:00,17:00:00,37.766666666666666,54.4,27.1,10:00:00,14:00:00,33.834375,38.723958333333336,4,1,1,1,4,2,13.729166666666666,11.5,17.3,13.65,89.58333333333333,11.983333333333334,0.0,0.0,1029.6666666666667,1012.0625,52.583333333333336,0.93,0.17875,8.0,12.8,157.58333333333334,124.25,15.8,14.120833333333332,14.3375,0.3575,0.3531249999999999,70.29166666666667,34.041666666666664,36.25,101.42916666666667,70.29166666666667,176.07500000000002
2020-11-06,41.37083333333333,65.3,28.3,21:00:00,13:00:00,7.541666666666667,30.0,0.0,14:00:00,01:00:00,3.2875,5.8,2.5,20:00:00,05:00:00,26.745833333333334,39.5,17.9,23:00:00,15:00:00,32.6,44.9,23.2,23:00:00,15:00:00,28.48819444444445,33.69652777777778,4,2,1,1,4,2,12.566666666666668,9.1,16.2,11.7375,83.5,9.604166666666666,0.0,0.0,1032.075,1014.3625,40.333333333333336,1.24,0.2666666666666666,8.9,14.0,132.70833333333334,171.875,19.4,13.9,14.245833333333332,0.3509583333333333,0.3508333333333333,93.5,64.08333333333333,29.416666666666668,172.77916666666667,93.5,173.78333333333333
2020-11-07,36.94583333333333,52.1,24.7,20:00:00,06:00:00,7.333333333333333,29.0,0.0,15:00:00,00:00:00,3.283333333333333,4.1,2.6,12:00:00,04:00:00,40.06666666666667,50.4,28.9,21:00:00,09:00:00,45.21666666666667,54.1,39.6,21:00:00,05:00:00,32.93663194444444,39.16822916666666,4,1,1,1,4,2,10.195833333333333,6.8,15.1,9.254166666666666,91.41666666666669,8.804166666666667,0.0,0.0,1030.175,1012.3458333333332,34.125,1.04,0.1275,6.8,10.7,248.375,267.4166666666667,14.8,12.016666666666666,13.141666666666666,0.3445833333333333,0.3470833333333333,92.375,57.25,35.125,162.00416666666666,92.375,171.54166666666666
2020-11-08,29.979166666666668,52.0,18.3,20:00:00,15:00:00,13.625,50.0,0.0,16:00:00,22:00:00,3.5125,4.7,2.6,12:00:00,01:00:00,37.2625,46.2,26.0,00:00:00,13:00:00,42.05416666666667,49.1,31.0,00:00:00,15:00:00,40.73333333333333,45.04809027777778,4,1,1,1,4,3,10.595833333333331,6.5,16.7,9.229166666666666,86.83333333333333,8.279166666666667,0.0,0.0,1026.6041666666667,1008.8625,16.625,1.2,0.2145833333333333,10.7,18.9,294.4166666666667,281.2916666666667,22.3,11.35,12.366666666666667,0.3419166666666666,0.3449583333333333,97.20833333333331,69.04166666666667,28.166666666666668,187.52916666666667,97.20833333333331,169.32500000000002
2020-11-09,43.75416666666666,70.8,28.9,20:00:00,05:00:00,9.5,42.0,0.0,15:00:00,00:00:00,4.0375000000000005,5.5,2.5,19:00:00,03:00:00,41.3625,57.8,27.9,23:00:00,16:00:00,47.55833333333334,64.3,37.4,23:00:00,15:00:00,37.88368055555556,43.54635416666667,4,2,1,1,4,3,10.829166666666666,6.7,16.8,10.029166666666669,87.16666666666667,8.654166666666667,0.0,0.0,1024.3833333333334,1006.6916666666666,5.958333333333333,1.19,0.20125,6.0,8.3,209.41666666666663,234.91666666666663,16.9,11.483333333333334,12.241666666666667,0.3377916666666667,0.3417083333333333,101.875,77.875,24.0,224.09583333333333,101.875,167.19583333333335
2020-11-10,50.51666666666667,72.8,31.2,18:00:00,06:00:00,5.541666666666667,24.0,0.0,16:00:00,00:00:00,4.1375,5.8,3.3,12:00:00,05:00:00,57.525,69.7,48.4,23:00:00,06:00:00,68.97500000000001,84.0,54.2,23:00:00,06:00:00,49.59496527777778,57.74791666666667,4,2,1,1,4,4,10.254166666666666,6.7,15.8,9.420833333333333,90.875,8.737499999999999,0.0,0.0,1025.25,1007.5208333333334,38.54166666666666,0.87,0.1391666666666667,5.6,9.0,146.54166666666666,149.29166666666666,14.0,11.066666666666668,11.983333333333334,0.3346666666666666,0.3390416666666667,75.375,34.958333333333336,40.41666666666666,101.6125,75.375,165.15416666666667
2020-11-11,40.8625,49.0,33.3,21:00:00,07:00:00,3.75,13.0,0.0,15:00:00,01:00:00,3.695833333333333,4.5,2.7,05:00:00,16:00:00,50.60833333333333,70.7,33.3,00:00:00,15:00:00,57.4875,83.1,37.4,02:00:00,16:00:00,57.63697916666666,68.02204861111112,5,2,1,1,5,4,9.383333333333333,7.2,12.8,7.983333333333333,90.95833333333331,7.9125,0.0,0.0,1025.8458333333333,1008.0458333333332,58.91666666666666,0.71,0.1183333333333333,11.9,16.0,90.75,91.75,23.0,10.470833333333331,11.708333333333334,0.33175,0.3360833333333333,56.91666666666666,26.041666666666668,30.875,74.94166666666668,56.91666666666666,163.13333333333333
2020-11-12,45.69583333333333,63.4,35.0,21:00:00,13:00:00,8.708333333333334,29.0,0.0,15:00:00,22:00:00,3.7125,6.1,2.4,11:00:00,18:00:00,46.75,61.0,36.9,23:00:00,14:00:00,54.32083333333333,71.3,43.5,23:00:00,14:00:00,44.979513888888896,51.50625,4,2,1,1,4,4,9.920833333333333,7.7,13.7,8.737499999999999,86.54166666666667,7.683333333333334,0.0,0.0,1025.1333333333334,1007.3791666666666,62.25,0.87,0.1816666666666666,5.9,12.9,98.54166666666669,120.83333333333331,12.6,11.008333333333333,11.666666666666666,0.3300833333333333,0.3341666666666666,73.70833333333333,39.04166666666666,34.666666666666664,114.34583333333336,73.70833333333333,161.11666666666667
2020-11-13,44.49166666666667,51.6,33.3,22:00:00,02:00:00,4.0,16.0,0.0,15:00:00,00:00:00,3.3166666666666664,4.1,2.6,22:00:00,01:00:00,59.375,69.3,50.5,21:00:00,06:00:00,68.88333333333334,74.4,60.2,14:00:00,06:00:00,53.003993055555554,62.239583333333336,5,2,1,1,5,4,9.445833333333333,6.6,12.2,8.379166666666666,91.625,8.116666666666667,0.0,0.0,1025.8125,1008.0083333333332,73.08333333333333,0.49,0.1083333333333333,7.1,14.1,80.91666666666667,118.83333333333331,13.7,10.3875,11.458333333333334,0.3304166666666667,0.333375,37.583333333333336,7.625,29.95833333333333,28.604166666666668,37.583333333333336,159.13333333333333
2020-11-14,38.65416666666667,44.8,30.6,00:00:00,05:00:00,3.7916666666666665,19.0,0.0,15:00:00,01:00:00,3.2375000000000003,3.9,2.4,00:00:00,06:00:00,54.1375,62.3,45.9,01:00:00,13:00:00,61.333333333333336,68.7,52.7,08:00:00,15:00:00,58.48767361111111,66.46076388888889,5,1,1,1,5,4,9.520833333333334,6.8,13.2,8.491666666666667,90.83333333333331,8.025,0.0,0.0,1025.925,1008.1291666666666,67.20833333333333,0.71,0.125,8.4,8.6,153.5,96.79166666666669,12.6,10.366666666666667,11.2,0.3265,0.3301666666666666,56.79166666666666,23.625,33.166666666666664,72.21666666666667,56.79166666666666,157.175
2020-11-15,30.320833333333336,40.6,17.2,00:00:00,14:00:00,12.375,41.0,0.0,15:00:00,00:00:00,3.45,5.2,2.8,20:00:00,06:00:00,52.708333333333336,62.4,42.6,08:00:00,16:00:00,60.23333333333333,73.7,48.4,08:00:00,14:00:00,52.62152777777778,59.98489583333333,5,1,1,1,5,4,9.879166666666666,7.2,12.6,8.816666666666666,87.0,7.708333333333333,0.3,0.3,1023.1125,1005.375,66.29166666666667,0.8,0.1733333333333333,5.1,7.7,191.33333333333331,221.625,14.4,11.041666666666666,11.541666666666666,0.3246666666666666,0.3282083333333334,67.41666666666667,34.333333333333336,33.083333333333336,108.4625,67.41666666666667,155.25
2020-11-16,34.45,47.9,23.9,21:00:00,06:00:00,11.791666666666666,33.0,0.0,15:00:00,22:00:00,3.1875,4.1,1.9,13:00:00,05:00:00,38.80833333333333,61.4,17.6,00:00:00,17:00:00,42.516666666666666,65.1,26.6,00:00:00,16:00:00,48.11979166666666,53.25138888888889,4,1,1,1,4,4,10.05,6.4,13.6,9.0125,90.29166666666669,8.466666666666667,4.2,4.2,1018.5875,1000.9666666666668,55.75,0.77,0.1325,9.2,14.1,201.29166666666663,184.41666666666663,18.7,11.379166666666668,12.008333333333333,0.3597083333333333,0.3314166666666667,65.25,34.208333333333336,31.041666666666668,105.94166666666666,65.25,153.35
2020-11-17,45.25416666666666,64.3,29.8,18:00:00,06:00:00,4.291666666666667,19.0,0.0,15:00:00,00:00:00,3.5041666666666664,5.3,2.3,21:00:00,14:00:00,33.50833333333333,50.6,11.6,23:00:00,06:00:00,40.16666666666666,59.9,14.1,23:00:00,06:00:00,32.24878472222222,36.91475694444444,4,2,1,1,4,2,8.512500000000001,5.4,13.4,7.079166666666667,88.58333333333333,6.645833333333333,0.0,0.0,1027.5416666666667,1009.6625,10.958333333333334,0.96,0.1470833333333333,7.4,17.5,154.25,135.58333333333334,13.7,9.629166666666666,10.979166666666666,0.3520833333333333,0.33975,89.83333333333333,65.0,24.83333333333333,203.3708333333333,89.83333333333333,151.47916666666666
2020-11-18,39.57083333333333,54.3,30.4,00:00:00,06:00:00,3.1666666666666665,11.0,0.0,13:00:00,00:00:00,3.9625,5.4,2.9,19:00:00,03:00:00,48.84166666666667,59.4,36.4,01:00:00,16:00:00,53.99166666666667,64.8,41.7,01:00:00,16:00:00,43.372395833333336,49.84600694444444,4,1,1,1,4,3,7.0,3.4,12.0,5.125,88.95833333333333,5.2,0.0,0.0,1030.1958333333334,1012.1708333333332,7.041666666666667,0.86,0.12875,8.0,12.2,263.2083333333333,266.0833333333333,15.5,8.1,9.9625,0.3462499999999999,0.3415416666666667,87.375,62.833333333333336,24.541666666666668,197.61666666666667,87.375,149.65416666666667
2020-11-19,42.833333333333336,64.5,27.4,18:00:00,05:00:00,2.2916666666666665,9.0,0.0,14:00:00,00:00:00,4.091666666666667,5.4,2.8,10:00:00,06:00:00,49.4625,62.1,40.5,20:00:00,05:00:00,56.19166666666666,74.0,44.3,19:00:00,05:00:00,47.484722222222224,52.71354166666666,4,2,1,1,4,4,6.016666666666667,2.3,11.4,4.058333333333334,93.20833333333331,4.920833333333333,0.0,0.0,1023.7375,1005.775,30.375,0.79,0.0825,7.6,15.0,247.08333333333331,258.1666666666667,16.6,7.179166666666667,8.975,0.3431666666666667,0.3420416666666667,82.54166666666667,55.958333333333336,26.58333333333333,177.7458333333333,82.54166666666667,147.85
2020-11-20,45.67916666666667,77.0,30.0,21:00:00,04:00:00,13.041666666666666,40.0,0.0,13:00:00,00:00:00,2.770833333333333,3.7,2.2,00:00:00,06:00:00,11.041666666666666,28.4,3.4,00:00:00,04:00:00,13.991666666666667,35.4,5.0,00:00:00,04:00:00,29.224131944444448,35.04461805555555,4,2,1,1,4,2,8.083333333333334,4.4,14.1,5.429166666666667,73.875,3.266666666666667,2.6,2.6,1023.55,1005.7125,36.833333333333336,1.23,0.3208333333333333,14.0,25.0,146.79166666666666,137.29166666666666,36.0,8.454166666666667,9.25,0.3501666666666667,0.3423333333333334,89.66666666666667,68.29166666666667,21.375,209.21666666666667,89.66666666666667,146.1
2020-11-21,38.68333333333333,56.5,17.4,22:00:00,13:00:00,16.875,54.0,0.0,14:00:00,00:00:00,2.7416666666666667,3.5,2.2,21:00:00,13:00:00,19.22083333333333,35.5,8.4,22:00:00,14:00:00,23.40416666666667,35.2,13.5,22:00:00,15:00:00,15.955208333333331,19.471527777777776,2,1,1,1,2,1,5.6625000000000005,1.3,9.8,2.333333333333333,63.0,-1.2375,0.0,0.0,1033.3041666666666,1015.1375,15.166666666666666,1.07,0.3625,10.7,19.4,55.41666666666666,75.04166666666667,19.8,7.283333333333334,9.016666666666667,0.3339583333333333,0.3384583333333333,88.58333333333333,62.875,25.70833333333333,204.6916666666667,88.58333333333333,144.38750000000002
2020-11-22,38.425,54.3,20.6,01:00:00,14:00:00,14.833333333333334,54.0,0.0,15:00:00,00:00:00,3.1875,4.5,2.6,19:00:00,15:00:00,30.641666666666666,41.6,18.9,20:00:00,14:00:00,33.4125,41.9,21.6,21:00:00,13:00:00,25.517534722222223,29.260416666666668,4,1,1,1,4,2,3.483333333333333,-0.3,9.3,0.275,69.66666666666667,-1.9041666666666663,0.0,0.0,1032.3125,1014.0208333333334,9.958333333333334,0.94,0.2683333333333333,9.4,17.1,167.04166666666666,185.79166666666663,20.9,5.1,7.358333333333333,0.32625,0.3323333333333333,90.125,69.0,21.125,224.80833333333337,90.125,142.72916666666666
2020-11-23,53.62916666666666,68.5,38.3,18:00:00,07:00:00,7.291666666666667,27.0,0.0,14:00:00,07:00:00,3.7416666666666663,5.5,2.6,10:00:00,01:00:00,42.19583333333333,60.1,32.6,23:00:00,16:00:00,47.4,69.3,36.3,23:00:00,03:00:00,35.44357638888889,38.57118055555555,4,2,1,1,4,2,2.7583333333333333,-1.4,8.9,-0.1375,82.20833333333333,-0.1625,0.0,0.0,1028.7791666666667,1010.5,13.0,0.84,0.1583333333333333,9.5,14.1,188.875,191.91666666666663,14.4,4.425,6.445833333333333,0.3239166666666667,0.3297916666666666,89.29166666666667,69.20833333333333,20.08333333333333,227.01666666666665,89.29166666666667,141.10833333333332
2020-11-24,60.72083333333333,86.6,43.2,22:00:00,08:00:00,4.291666666666667,16.0,0.0,13:00:00,06:00:00,4.341666666666667,6.2,2.4,23:00:00,05:00:00,49.31666666666666,62.3,38.9,23:00:00,06:00:00,53.94583333333333,67.1,44.4,00:00:00,05:00:00,46.84322916666667,52.49930555555556,4,2,1,1,4,4,3.9291666666666663,-0.8,10.2,1.375,86.58333333333333,1.7708333333333333,0.0,0.0,1028.375,1010.175,13.958333333333334,0.8,0.1320833333333333,7.6,13.3,262.7916666666667,255.875,14.4,5.179166666666666,6.570833333333333,0.3224166666666667,0.3277916666666666,84.875,62.66666666666666,22.20833333333333,203.44583333333333,84.875,139.54999999999998
2020-11-25,66.26666666666667,87.8,44.1,22:00:00,07:00:00,3.9583333333333335,19.0,0.0,15:00:00,00:00:00,5.570833333333333,6.5,4.6,00:00:00,22:00:00,57.833333333333336,69.8,43.7,23:00:00,16:00:00,63.4625,76.5,48.0,22:00:00,14:00:00,54.58663194444444,59.19427083333333,5,2,1,1,5,4,3.2916666666666665,-1.1,9.3,0.8166666666666668,85.25,0.9125,0.0,0.0,1025.1375,1006.9541666666668,1.3333333333333333,0.8300000000000001,0.1383333333333333,6.6,7.4,269.2916666666667,239.83333333333331,12.6,4.2375,5.9750000000000005,0.323875,0.327875,86.875,68.54166666666667,18.33333333333333,227.4333333333333,86.875,138.03333333333333
2020-11-26,65.05,86.5,47.0,22:00:00,08:00:00,3.333333333333333,18.0,0.0,15:00:00,00:00:00,5.925,7.5,4.4,23:00:00,16:00:00,68.27499999999999,84.5,59.7,23:00:00,16:00:00,74.28750000000001,89.1,63.3,23:00:00,16:00:00,61.771875,68.33802083333333,5,2,1,1,5,4,2.4166666666666665,-1.6,7.4,-0.0208333333333333,92.41666666666669,1.2791666666666666,0.0,0.0,1025.3833333333334,1007.1416666666668,33.416666666666664,0.63,0.0629166666666666,7.6,7.6,252.04166666666663,216.70833333333331,15.8,3.375,5.229166666666667,0.3191666666666666,0.3244166666666667,77.54166666666667,53.208333333333336,24.33333333333333,177.96666666666667,77.54166666666667,136.575
2020-11-27,65.2375,78.5,48.3,00:00:00,07:00:00,1.5416666666666667,7.0,0.0,15:00:00,00:00:00,5.720833333333334,7.5,4.6,10:00:00,16:00:00,84.96666666666667,95.2,72.8,21:00:00,09:00:00,90.98333333333332,104.1,74.6,21:00:00,09:00:00,77.35590277777779,82.70190972222223,6,2,1,1,6,4,1.8583333333333327,-1.0,4.3,-0.4083333333333334,97.16666666666669,1.45,0.0,0.0,1023.7791666666668,1005.5333333333332,94.58333333333331,0.29,0.02125,5.6,8.4,226.41666666666663,202.95833333333331,12.2,3.341666666666667,4.770833333333333,0.3184583333333333,0.323,27.625,0.5833333333333334,27.041666666666668,1.55,27.625,135.18333333333334
2020-11-28,53.0625,69.8,33.5,20:00:00,06:00:00,2.458333333333333,11.0,0.0,15:00:00,00:00:00,4.266666666666667,5.7,3.2,10:00:00,17:00:00,62.07083333333333,74.1,52.7,01:00:00,14:00:00,71.20833333333333,82.2,59.5,21:00:00,16:00:00,73.65243055555555,81.50399305555555,5,2,1,1,5,4,4.995833333333334,3.8,7.3,2.95,93.125,3.920833333333333,0.0,0.0,1019.875,1001.9125,82.29166666666667,0.42,0.0641666666666666,7.3,13.7,141.125,89.5,14.8,5.920833333333333,6.1625000000000005,0.3195,0.3235,41.29166666666666,13.875,27.416666666666668,56.025,41.29166666666666,133.85
2020-11-29,43.60833333333333,63.2,35.6,00:00:00,23:00:00,4.25,10.0,1.0,16:00:00,00:00:00,3.6458333333333335,5.2,2.8,00:00:00,05:00:00,39.17916666666667,51.8,28.8,00:00:00,07:00:00,42.770833333333336,56.9,27.0,00:00:00,05:00:00,50.28368055555556,55.92447916666666,5,2,1,1,5,4,6.2375,3.7,9.4,3.85,85.20833333333333,3.904166666666667,0.0,0.0,1018.4708333333332,1000.5875,67.20833333333333,0.39,0.1466666666666666,12.4,23.0,212.25,181.625,21.2,6.925,7.333333333333333,0.322,0.3249166666666667,25.666666666666668,5.125,20.541666666666668,25.19583333333333,25.666666666666668,132.56666666666666
2020-11-30,40.87083333333333,59.9,29.6,20:00:00,05:00:00,6.791666666666667,22.0,0.0,15:00:00,19:00:00,3.5500000000000003,4.7,2.7,22:00:00,13:00:00,35.52916666666667,49.8,22.0,23:00:00,16:00:00,41.454166666666666,56.2,24.5,23:00:00,14:00:00,37.12934027777778,42.40399305555555,4,2,1,1,4,3,4.629166666666666,2.2,7.2,1.6625,78.95833333333333,1.1333333333333333,0.0,0.0,1023.7958333333332,1005.7291666666666,52.208333333333336,0.58,0.1891666666666666,11.4,20.8,65.45833333333333,82.54166666666667,21.2,5.5625,6.8375,0.3248333333333333,0.3265,42.583333333333336,11.333333333333334,31.25,42.575,42.583333333333336,131.34166666666667
2020-12-01,45.1,51.5,35.1,18:00:00,13:00:00,3.375,14.0,0.0,15:00:00,00:00:00,3.829166666666667,4.7,3.0,08:00:00,18:00:00,39.8625,53.8,24.8,01:00:00,17:00:00,44.81666666666666,64.2,29.4,09:00:00,23:00:00,40.140972222222224,46.20677083333334,4,2,1,1,4,3,3.6625,2.2,5.4,0.7083333333333334,85.79166666666667,1.4583333333333333,0.8,0.8,1017.6333333333332,999.6125,81.79166666666667,0.44,0.115,13.4,19.1,90.45833333333331,106.70833333333331,25.9,5.241666666666666,6.620833333333334,0.3186666666666666,0.3213333333333333,35.208333333333336,12.875,22.33333333333333,43.083333333333336,35.208333333333336,130.15833333333333
2020-12-02,42.204166666666666,59.1,18.2,18:00:00,05:00:00,6.375,22.0,0.0,05:00:00,17:00:00,3.1375,4.3,2.1,23:00:00,05:00:00,17.854166666666668,27.8,7.3,01:00:00,07:00:00,19.28333333333333,31.3,9.0,21:00:00,08:00:00,25.24600694444445,28.13854166666667,4,2,1,1,4,2,1.85,0.6,3.7,-0.975,95.66666666666669,1.2125,14.2,5.4,1012.7291666666666,994.6791666666668,97.91666666666669,0.2,0.0316666666666666,10.8,21.2,218.125,223.79166666666663,21.2,3.633333333333333,5.516666666666667,0.375,0.3334166666666667,15.416666666666666,0.0833333333333333,15.333333333333334,0.3125,15.416666666666666,129.02083333333334
2020-12-03,43.25,56.2,29.2,20:00:00,06:00:00,3.0416666666666665,7.0,0.0,15:00:00,00:00:00,4.2625,5.2,3.5,15:00:00,04:00:00,30.191666666666663,44.1,15.8,23:00:00,03:00:00,34.85,48.1,21.2,11:00:00,04:00:00,23.10659722222222,26.03020833333333,3,2,1,1,3,2,2.0541666666666667,-0.8,4.7,-0.8791666666666668,93.79166666666669,1.1375,0.0,0.0,1008.0416666666666,990.0875,64.45833333333333,0.51,0.0454166666666666,9.2,19.5,130.45833333333334,145.66666666666666,18.4,2.8375,4.4750000000000005,0.3663333333333333,0.35125,65.16666666666667,33.833333333333336,31.33333333333333,113.5375,65.16666666666667,127.92916666666667
2020-12-04,36.85833333333333,48.0,27.3,19:00:00,10:00:00,7.041666666666667,17.0,0.0,11:00:00,19:00:00,3.083333333333333,3.8,1.6,02:00:00,15:00:00,16.275000000000002,34.0,10.9,00:00:00,15:00:00,17.116666666666667,36.5,10.0,00:00:00,16:00:00,26.221006944444444,29.168229166666663,4,1,1,1,4,2,2.704166666666667,1.3,4.3,-0.9083333333333332,95.29166666666669,2.0125,36.4,35.2,999.0416666666666,981.2916666666666,100.0,0.19,0.0354166666666666,26.8,42.6,124.95833333333331,114.79166666666669,47.2,3.4416666666666664,4.775,0.408125,0.38425,4.375,0.0,4.375,0.0,4.375,126.87916666666666
2020-12-05,40.0,46.1,33.6,17:00:00,23:00:00,1.7083333333333333,5.0,0.0,13:00:00,00:00:00,3.7,5.3,2.6,08:00:00,21:00:00,15.908333333333331,24.7,11.5,11:00:00,02:00:00,17.95,31.7,12.3,10:00:00,19:00:00,14.780208333333334,16.236979166666668,2,2,1,1,2,1,2.975,1.2,4.1,0.2083333333333333,94.70833333333331,2.183333333333333,17.0,17.0,999.4958333333334,981.7583333333332,96.04166666666669,0.21,0.0404166666666666,16.6,25.5,253.0,241.54166666666663,46.8,3.4958333333333336,4.6125,0.4227083333333333,0.4195833333333333,13.166666666666666,0.0833333333333333,13.083333333333334,0.2458333333333333,13.166666666666666,125.87916666666666
2020-12-06,31.425,39.3,24.8,21:00:00,12:00:00,5.291666666666667,14.0,0.0,16:00:00,22:00:00,3.2583333333333333,4.2,2.3,10:00:00,00:00:00,16.470833333333335,28.8,8.3,23:00:00,05:00:00,18.4875,35.4,6.8,23:00:00,03:00:00,14.72222222222222,16.170312499999998,2,1,1,1,2,1,2.9375,1.8,4.6,0.2416666666666666,96.125,2.3916666666666666,9.1,9.1,998.8916666666668,981.1625,96.54166666666669,0.24,0.0291666666666666,11.3,18.2,252.79166666666663,259.6666666666667,46.4,3.675,4.779166666666667,0.4210833333333333,0.418125,19.666666666666668,1.2916666666666667,18.375,4.9875,19.666666666666668,124.92916666666667
2020-12-07,37.3625,48.9,27.8,19:00:00,13:00:00,5.375,19.0,0.0,14:00:00,00:00:00,2.966666666666667,3.8,2.3,01:00:00,11:00:00,19.229166666666668,37.5,8.9,01:00:00,13:00:00,20.591666666666665,41.1,10.6,01:00:00,13:00:00,20.236284722222223,22.29201388888889,3,1,1,1,3,2,3.470833333333333,1.7,5.0,0.7374999999999999,95.04166666666669,2.716666666666667,14.8,14.8,1002.725,984.9541666666668,88.375,0.29,0.04125,12.2,23.5,93.20833333333331,111.5,21.2,3.9333333333333336,4.870833333333334,0.4227916666666667,0.4171249999999999,29.33333333333333,4.0,25.33333333333333,15.754166666666668,29.33333333333333,124.09583333333336
2020-12-08,32.875,48.2,22.7,19:00:00,07:00:00,14.916666666666666,26.0,2.0,15:00:00,00:00:00,2.6958333333333333,3.2,2.0,20:00:00,01:00:00,16.01666666666667,24.3,9.0,22:00:00,07:00:00,17.087500000000002,25.2,9.4,22:00:00,06:00:00,15.997048611111111,17.224652777777777,2,1,1,1,2,1,4.775,3.6,5.7,1.8708333333333331,91.25,3.4416666666666664,25.7,25.7,1002.9375,985.2416666666668,100.0,0.24,0.0775,13.7,24.8,259.1666666666667,229.91666666666663,33.1,4.733333333333333,5.304166666666666,0.4289583333333333,0.4257916666666666,10.541666666666666,0.0,10.541666666666666,0.0,10.541666666666666,123.32916666666668
2020-12-09,35.96666666666667,47.9,22.8,21:00:00,05:00:00,9.625,21.0,0.0,06:00:00,19:00:00,2.9625,3.8,2.2,09:00:00,14:00:00,19.241666666666667,28.4,14.5,20:00:00,04:00:00,20.808333333333334,30.0,14.4,21:00:00,04:00:00,17.314756944444444,18.46545138888889,2,1,1,1,2,1,5.158333333333333,4.3,6.1,2.533333333333333,93.75,4.2125,9.7,9.7,1002.2541666666666,984.6125,86.625,0.26,0.055,15.2,27.0,253.70833333333331,273.6666666666667,26.3,5.083333333333333,5.6875,0.42375,0.4227083333333333,18.166666666666668,1.125,17.041666666666668,4.404166666666667,18.166666666666668,122.61666666666667
2020-12-10,43.54166666666666,48.5,36.4,12:00:00,05:00:00,3.0416666666666665,8.0,0.0,14:00:00,18:00:00,4.216666666666667,6.4,2.8,23:00:00,01:00:00,29.004166666666663,43.6,19.8,22:00:00,01:00:00,33.61666666666667,47.4,19.2,22:00:00,05:00:00,23.89236111111111,26.780555555555555,3,2,1,1,3,2,5.458333333333333,1.4,7.9,3.1791666666666667,91.20833333333331,4.1000000000000005,2.8,2.8,1005.7791666666668,988.075,87.33333333333333,0.37,0.0837499999999999,14.5,25.9,256.3333333333333,268.3333333333333,25.6,5.6375,6.058333333333334,0.41575,0.4184166666666666,31.5,8.791666666666666,22.70833333333333,40.46666666666667,31.5,121.95
2020-12-11,48.81666666666666,60.5,35.4,16:00:00,05:00:00,1.25,5.0,0.0,13:00:00,01:00:00,5.304166666666666,7.2,3.5,10:00:00,17:00:00,42.05416666666667,48.0,33.2,23:00:00,17:00:00,46.84583333333333,57.2,41.5,09:00:00,02:00:00,37.490625,42.5546875,4,2,1,1,4,3,2.8208333333333333,0.5,4.3,0.6583333333333333,97.83333333333331,2.4875,1.8,1.8,1006.2333333333332,988.3625,91.79166666666669,0.27,0.0183333333333333,5.5,8.7,211.25,200.45833333333331,12.2,4.191666666666666,5.366666666666667,0.4080833333333333,0.4095416666666666,23.416666666666668,0.8333333333333334,22.58333333333333,2.6791666666666667,23.416666666666668,121.3375
2020-12-12,40.4875,44.8,35.4,17:00:00,03:00:00,1.5,6.0,0.0,12:00:00,01:00:00,4.166666666666667,4.9,3.1,00:00:00,03:00:00,33.25,52.2,21.5,01:00:00,15:00:00,38.520833333333336,57.8,24.6,01:00:00,16:00:00,38.98142361111111,43.49166666666667,4,2,1,1,4,3,4.45,1.9,6.9,2.25,94.20833333333331,3.5708333333333333,3.1,3.1,1003.0041666666666,985.2916666666666,78.625,0.32,0.0516666666666666,8.3,12.2,260.375,271.5833333333333,15.1,5.05,5.670833333333333,0.4107916666666666,0.4096666666666666,28.291666666666668,4.416666666666667,23.875,15.783333333333331,28.291666666666668,120.78333333333336
2020-12-13,37.69166666666667,50.8,28.4,22:00:00,12:00:00,2.833333333333333,15.0,0.0,14:00:00,00:00:00,4.329166666666667,6.0,3.4,20:00:00,06:00:00,32.9375,47.3,23.0,23:00:00,15:00:00,39.1625,58.1,27.4,23:00:00,14:00:00,31.058333333333334,36.84652777777778,4,1,1,1,4,2,1.8458333333333328,-0.9,6.1,-0.7083333333333334,95.625,1.1833333333333331,0.0,0.0,1011.3625,993.3375,53.25,0.47,0.0370833333333333,7.4,12.2,257.7916666666667,250.54166666666663,13.3,3.0583333333333336,4.6125,0.3993333333333333,0.4038333333333333,60.54166666666666,31.58333333333333,28.95833333333333,121.44166666666666,60.54166666666666,120.2875
2020-12-14,56.41666666666666,73.9,38.2,14:00:00,06:00:00,1.75,8.0,0.0,15:00:00,00:00:00,5.883333333333333,9.3,3.6,21:00:00,05:00:00,50.56666666666666,63.7,40.3,14:00:00,06:00:00,57.925,78.8,43.9,20:00:00,06:00:00,41.602604166666666,47.950520833333336,4,2,1,1,4,3,0.8541666666666666,-1.6,4.6,-1.7333333333333334,97.91666666666669,0.5416666666666666,0.0,0.0,1019.1083333333332,1000.8833333333332,82.08333333333333,0.35,0.0158333333333333,6.9,8.3,242.875,208.25,13.3,2.591666666666667,3.845833333333333,0.3967916666666666,0.4014583333333333,42.66666666666666,9.125,33.541666666666664,40.79166666666666,42.66666666666666,119.84166666666668
2020-12-15,45.3875,56.8,37.1,02:00:00,11:00:00,1.625,5.0,0.0,14:00:00,05:00:00,5.4625,7.2,4.2,09:00:00,21:00:00,51.4,63.3,39.3,10:00:00,16:00:00,59.45,72.5,49.7,10:00:00,04:00:00,52.87309027777778,60.95989583333333,5,2,1,1,5,4,2.6666666666666665,-1.1,7.1,0.1208333333333333,94.41666666666669,1.8041666666666665,0.9,0.9,1020.7666666666668,1002.6333333333332,68.41666666666667,0.4,0.0508333333333333,7.2,14.1,263.375,252.79166666666663,16.2,3.1,3.8375,0.3933333333333333,0.3970833333333334,46.5,17.791666666666668,28.70833333333333,63.72083333333333,46.5,119.46666666666664
2020-12-16,40.00833333333333,49.8,31.1,18:00:00,03:00:00,1.4583333333333333,7.0,0.0,14:00:00,00:00:00,4.166666666666667,5.5,2.9,14:00:00,06:00:00,42.5375,56.2,30.3,23:00:00,13:00:00,47.625,64.2,38.2,10:00:00,15:00:00,45.9703125,53.06128472222222,4,2,1,1,4,4,5.054166666666666,3.3,7.1,2.8666666666666667,92.58333333333331,3.9166666666666665,1.4,1.4,1023.6541666666668,1005.6166666666668,88.0,0.33,0.0679166666666666,8.0,14.4,266.6666666666667,284.4583333333333,15.8,4.866666666666666,4.920833333333333,0.4001666666666667,0.3965416666666667,27.875,8.125,19.75,25.691666666666663,27.875,119.1375
2020-12-17,39.49583333333333,53.1,29.2,17:00:00,05:00:00,2.125,8.0,0.0,13:00:00,00:00:00,3.9875,4.7,3.2,20:00:00,06:00:00,39.94583333333333,59.5,28.1,23:00:00,17:00:00,41.575,61.0,29.6,23:00:00,03:00:00,41.01128472222222,43.17777777777778,4,1,1,1,4,3,5.870833333333334,3.9,8.9,3.9,93.66666666666669,4.895833333333333,0.0,0.0,1026.2333333333331,1008.2041666666668,77.25,0.49,0.065,7.5,14.4,169.83333333333334,186.45833333333331,15.1,6.216666666666666,6.170833333333333,0.3855416666666666,0.389875,49.91666666666666,25.875,24.041666666666668,93.97916666666669,49.91666666666666,118.88333333333333
2020-12-18,47.40833333333333,53.9,38.5,13:00:00,06:00:00,1.4166666666666667,5.0,0.0,14:00:00,00:00:00,4.970833333333333,6.8,3.6,23:00:00,17:00:00,58.94583333333333,74.3,49.8,03:00:00,20:00:00,68.35000000000001,84.0,55.3,11:00:00,06:00:00,51.10572916666666,56.6734375,5,2,1,1,5,4,6.3500000000000005,4.9,8.0,4.866666666666666,97.29166666666669,5.920833333333333,0.0,0.0,1028.4208333333331,1010.3833333333332,98.45833333333331,0.26,0.0283333333333333,6.8,9.2,231.33333333333331,209.625,11.2,6.495833333333334,6.608333333333333,0.3813333333333333,0.3847916666666666,18.875,3.7083333333333335,15.166666666666666,14.791666666666666,18.875,118.68333333333334
2020-12-19,45.90833333333333,55.8,34.3,15:00:00,07:00:00,1.0833333333333333,3.0,0.0,12:00:00,00:00:00,4.379166666666666,5.8,3.4,00:00:00,22:00:00,50.55833333333334,62.3,42.3,22:00:00,16:00:00,56.175,69.6,47.7,01:00:00,13:00:00,53.66197916666667,62.17847222222222,5,2,1,1,5,4,6.366666666666667,4.6,8.2,4.766666666666667,95.83333333333331,5.716666666666666,2.0,2.0,1026.475,1008.4666666666668,93.04166666666669,0.3,0.0416666666666666,6.1,10.8,273.4583333333333,271.25,13.7,6.641666666666667,6.870833333333334,0.3832083333333334,0.3835,22.375,6.083333333333333,16.291666666666668,23.92083333333333,22.375,118.55
2020-12-20,38.6875,44.5,32.8,19:00:00,04:00:00,1.75,5.0,0.0,14:00:00,17:00:00,2.75,3.3,2.3,00:00:00,13:00:00,37.37083333333333,58.5,24.8,01:00:00,08:00:00,41.5125,62.1,26.2,00:00:00,08:00:00,44.45086805555555,49.10625,4,1,1,1,4,3,6.929166666666667,6.4,8.0,5.441666666666666,96.41666666666669,6.3875,7.4,7.4,1025.9666666666667,1008.0041666666666,100.0,0.23,0.0370833333333333,7.2,12.1,132.625,120.0,12.6,7.016666666666667,7.125,0.4072499999999999,0.3926666666666666,13.375,0.0833333333333333,13.291666666666666,0.3374999999999999,13.375,118.475
2020-12-21,35.766666666666666,41.8,30.9,22:00:00,04:00:00,1.3333333333333333,5.0,0.0,13:00:00,00:00:00,3.591666666666667,6.3,2.2,22:00:00,02:00:00,46.6875,63.4,39.6,23:00:00,16:00:00,53.145833333333336,73.8,46.2,23:00:00,16:00:00,40.31909722222222,45.32256944444444,4,1,1,1,4,3,7.420833333333333,6.4,8.9,6.170833333333333,97.125,6.9875,0.4,0.4,1026.825,1008.8791666666666,100.0,0.29,0.0304166666666666,5.0,9.0,249.04166666666663,234.20833333333331,11.9,7.604166666666667,7.479166666666667,0.4003333333333334,0.3999166666666667,22.58333333333333,0.9583333333333334,21.625,3.4416666666666664,22.58333333333333,118.475
2020-12-22,38.2375,50.8,29.9,17:00:00,03:00:00,1.5416666666666667,6.0,0.0,13:00:00,00:00:00,4.670833333333333,6.3,3.4,22:00:00,09:00:00,41.5625,65.0,23.7,01:00:00,13:00:00,49.6875,71.1,28.7,01:00:00,13:00:00,46.56371527777778,54.29496527777778,4,1,1,1,4,4,7.579166666666667,6.3,10.5,6.008333333333333,93.41666666666669,6.541666666666667,0.0,0.0,1025.6416666666669,1007.7333333333332,90.08333333333331,0.46,0.07375,7.4,12.1,283.7083333333333,291.625,15.1,7.758333333333333,7.745833333333334,0.395375,0.3971666666666666,44.29166666666666,14.875,29.416666666666668,55.79166666666666,44.29166666666666,118.5625
2020-12-23,41.975,51.6,32.6,16:00:00,07:00:00,0.25,2.0,0.0,13:00:00,00:00:00,4.170833333333333,5.3,3.1,00:00:00,08:00:00,50.62083333333334,60.6,43.1,02:00:00,13:00:00,55.7875,64.1,49.2,11:00:00,16:00:00,45.01892361111111,51.839756944444446,4,2,1,1,4,4,8.508333333333333,7.8,9.5,7.454166666666667,94.125,7.608333333333333,3.4000000000000004,3.4000000000000004,1024.1958333333334,1006.35,100.0,0.26,0.0654166666666666,5.2,9.0,260.5416666666667,255.16666666666663,9.7,8.295833333333333,8.15,0.4013333333333333,0.3977083333333333,16.458333333333332,0.125,16.333333333333332,0.4083333333333334,16.458333333333332,118.69166666666666
2020-12-24,38.06666666666667,44.6,34.6,17:00:00,08:00:00,0.4583333333333333,2.0,0.0,13:00:00,00:00:00,3.6458333333333335,4.9,2.6,20:00:00,04:00:00,34.641666666666666,53.0,25.3,00:00:00,16:00:00,39.62083333333333,54.3,31.0,00:00:00,16:00:00,42.00121527777778,46.70885416666667,4,1,1,1,4,3,7.979166666666667,5.6,9.5,6.683333333333334,96.41666666666669,7.429166666666667,4.7,4.7,1014.275,996.5875,92.375,0.33,0.0404166666666666,8.6,14.1,161.29166666666666,155.04166666666666,15.1,8.479166666666666,8.6,0.41575,0.4092916666666666,23.625,4.083333333333333,19.541666666666668,14.654166666666669,23.625,118.88333333333333
2020-12-25,24.23333333333333,35.3,11.8,00:00:00,14:00:00,19.33333333333333,48.0,0.0,15:00:00,01:00:00,2.7541666666666664,4.2,1.7,02:00:00,13:00:00,16.920833333333334,48.0,3.2,00:00:00,14:00:00,18.854166666666668,55.9,4.1,00:00:00,11:00:00,28.198784722222225,32.569270833333334,4,1,1,1,4,2,5.041666666666667,2.8,7.1,1.9916666666666665,88.20833333333333,3.1666666666666665,11.8,11.8,1009.9333333333334,992.1416666666668,88.29166666666667,0.42,0.1045833333333333,25.2,40.6,281.625,290.125,49.7,6.208333333333333,7.708333333333333,0.4184583333333333,0.4156666666666666,13.041666666666666,3.1666666666666665,9.875,14.220833333333331,13.041666666666666,119.12916666666666
2020-12-26,25.96666666666667,48.1,11.4,23:00:00,04:00:00,16.125,33.0,0.0,16:00:00,21:00:00,2.8791666666666664,4.5,1.8,22:00:00,06:00:00,16.349999999999998,33.6,5.2,22:00:00,06:00:00,18.254166666666663,38.8,5.5,23:00:00,06:00:00,12.485416666666666,13.608333333333334,2,1,1,1,2,1,3.4458333333333333,-1.6,8.5,0.1708333333333333,76.20833333333333,-0.5833333333333334,0.0,0.0,1017.9833333333332,999.9583333333334,9.541666666666666,0.8200000000000001,0.205,11.3,25.1,138.33333333333334,147.25,22.3,4.425,5.966666666666666,0.4072083333333333,0.4110416666666667,76.375,60.333333333333336,16.041666666666668,221.3708333333333,76.375,119.43333333333334
2020-12-27,34.97083333333333,46.6,20.3,00:00:00,13:00:00,8.791666666666666,35.0,0.0,13:00:00,00:00:00,3.545833333333333,4.6,2.8,00:00:00,12:00:00,21.979166666666668,33.8,12.4,00:00:00,13:00:00,27.5125,36.4,15.3,20:00:00,13:00:00,20.69079861111111,24.64496527777777,3,1,1,1,3,2,-0.1291666666666666,-3.7,3.6,-3.608333333333333,82.04166666666667,-2.954166666666667,0.6000000000000001,0.0,1011.4958333333334,993.3416666666668,27.95833333333333,0.5700000000000001,0.1208333333333333,10.0,17.1,87.70833333333333,98.375,18.4,2.1416666666666666,4.241666666666666,0.3967916666666666,0.4015833333333333,73.20833333333333,51.375,21.83333333333333,182.67083333333332,73.20833333333333,119.77916666666664
2020-12-28,37.4875,56.7,21.9,22:00:00,06:00:00,11.916666666666666,26.0,0.0,16:00:00,00:00:00,3.533333333333333,6.0,1.6,22:00:00,05:00:00,19.379166666666663,36.1,7.7,22:00:00,06:00:00,21.5625,44.5,6.7,23:00:00,06:00:00,19.2890625,22.490972222222226,2,1,1,1,2,2,-0.7958333333333334,-4.3,0.9,-4.5875,94.20833333333331,-1.6083333333333334,27.2,0.1,990.7666666666668,972.9375,80.66666666666667,0.24,0.0325,14.4,26.6,199.20833333333331,204.54166666666663,31.3,2.9625,4.033333333333333,0.3974583333333333,0.3973333333333333,35.166666666666664,1.3333333333333333,33.833333333333336,8.383333333333333,35.166666666666664,120.18333333333334
2020-12-29,55.5,61.7,51.0,20:00:00,05:00:00,1.9166666666666667,8.0,0.0,13:00:00,02:00:00,4.9750000000000005,6.6,3.3,09:00:00,17:00:00,46.86666666666667,60.3,35.5,23:00:00,07:00:00,52.79583333333333,73.7,36.7,15:00:00,07:00:00,32.56909722222222,36.90815972222222,4,2,1,1,4,2,-2.0125,-4.3,1.0,-5.133333333333334,95.83333333333331,-2.5875,0.0,0.0,997.4583333333334,979.4333333333334,87.33333333333333,0.32,0.0233333333333333,9.3,17.3,217.75,137.04166666666666,16.9,2.795833333333333,4.333333333333333,0.3887916666666666,0.392375,43.75,9.125,34.625,35.5125,43.75,120.64583333333331
2020-12-30,51.7625,68.8,39.1,21:00:00,12:00:00,2.75,14.0,0.0,13:00:00,00:00:00,4.758333333333334,6.4,3.6,14:00:00,06:00:00,45.2375,58.9,33.3,02:00:00,07:00:00,51.90416666666667,66.8,39.6,01:00:00,18:00:00,48.95746527777778,56.06701388888889,4,2,1,1,4,4,-1.2208333333333334,-3.8,0.9,-4.279166666666667,98.54166666666669,-1.4291666666666665,0.0,0.0,1005.2625,987.15,90.0,0.31,0.0079166666666666,8.6,13.8,254.625,260.0416666666667,14.0,3.3833333333333333,4.779166666666667,0.3886666666666666,0.3902916666666667,54.75,20.95833333333333,33.791666666666664,78.1125,54.75,121.15416666666668
2020-12-31,62.24166666666667,82.5,48.1,20:00:00,07:00:00,3.7083333333333335,17.0,0.0,14:00:00,00:00:00,4.929166666666666,6.4,3.9,08:00:00,18:00:00,59.11666666666667,79.3,44.3,13:00:00,07:00:00,67.97083333333333,89.4,48.5,13:00:00,05:00:00,50.0890625,57.09322916666667,5,2,1,1,5,4,-1.6583333333333332,-3.4,0.3,-4.679166666666666,98.20833333333331,-1.9125,0.0,0.0,1010.5875,992.35,95.08333333333331,0.32,0.01,7.4,10.8,246.45833333333331,225.20833333333331,14.0,3.0875000000000004,4.729166666666667,0.388,0.3891666666666666,48.25,4.291666666666667,43.958333333333336,14.85,48.25,121.71666666666664
2021-01-01,53.49583333333334,72.0,40.0,02:00:00,13:00:00,6.708333333333333,16.0,0.0,14:00:00,00:00:00,3.9875,5.7,3.1,01:00:00,12:00:00,45.2875,74.6,19.6,04:00:00,15:00:00,48.64166666666667,83.0,21.6,04:00:00,16:00:00,58.76736111111112,65.77864583333333,5,2,1,1,5,4,0.65,-1.1,1.4,-2.704166666666667,95.79166666666669,0.0375,19.7,13.3,1010.15,992.0708333333332,100.0,0.15,0.0279166666666666,12.2,20.9,163.54166666666666,72.0,32.4,4.395833333333334,5.1,0.4154166666666667,0.404625,17.041666666666668,0.0,17.041666666666668,0.0,17.041666666666668,122.325
2021-01-02,45.60416666666666,61.4,24.8,20:00:00,06:00:00,9.291666666666666,23.0,0.0,06:00:00,20:00:00,3.4125,4.7,2.2,21:00:00,04:00:00,21.704166666666666,36.5,12.1,23:00:00,12:00:00,24.2625,39.8,12.8,23:00:00,13:00:00,27.11927083333333,29.33611111111111,4,2,1,1,4,2,2.1166666666666667,1.3,3.7,-1.0083333333333333,92.66666666666669,1.0541666666666667,12.2,12.2,1006.8958333333334,988.9666666666668,100.0,0.27,0.0533333333333333,13.7,29.6,183.0,62.29166666666666,35.6,4.2,5.058333333333333,0.4294583333333333,0.428625,21.541666666666668,0.9166666666666666,20.625,2.6375,21.541666666666668,122.98333333333332
2021-01-03,32.3875,53.6,22.3,00:00:00,06:00:00,14.583333333333334,26.0,1.0,04:00:00,21:00:00,2.8083333333333336,3.8,1.8,01:00:00,11:00:00,23.95,40.3,11.0,20:00:00,06:00:00,29.0375,51.0,12.4,20:00:00,06:00:00,22.1546875,25.463368055555552,3,1,1,1,3,2,4.066666666666666,2.8,6.2,1.2,94.79166666666669,3.3000000000000003,9.0,9.0,1008.7291666666666,990.8958333333334,94.0,0.39,0.0445833333333333,18.0,34.9,130.625,121.83333333333331,36.7,4.625,5.033333333333333,0.428125,0.4281666666666666,45.16666666666666,16.875,28.291666666666668,53.26666666666666,45.16666666666666,123.69583333333333
2021-01-04,44.00833333333333,57.0,27.5,18:00:00,04:00:00,6.083333333333333,20.0,1.0,14:00:00,08:00:00,3.583333333333333,4.9,2.8,10:00:00,23:00:00,34.67916666666667,47.3,24.0,21:00:00,15:00:00,38.42916666666667,50.0,26.0,21:00:00,15:00:00,30.273263888888888,35.49444444444445,4,2,1,1,4,2,3.8791666666666655,2.2,5.5,1.25,92.95833333333331,2.8041666666666667,5.9,5.9,1010.775,992.8791666666666,96.33333333333331,0.37,0.0595833333333333,14.7,24.3,80.41666666666667,70.16666666666667,27.4,4.283333333333333,5.0125,0.4267083333333333,0.4262916666666667,35.083333333333336,11.0,24.08333333333333,37.875,35.083333333333336,124.44583333333333
2021-01-05,42.25,53.5,32.3,16:00:00,02:00:00,7.416666666666667,24.0,0.0,21:00:00,09:00:00,3.533333333333333,5.3,2.5,10:00:00,22:00:00,31.854166666666668,45.9,19.0,01:00:00,15:00:00,35.925000000000004,46.1,22.4,09:00:00,15:00:00,34.38090277777778,38.27256944444444,4,2,1,1,4,2,3.704166666666667,1.9,5.9,1.2,93.70833333333331,2.75,7.3,7.3,1009.3875,991.5166666666668,95.16666666666669,0.29,0.0529166666666666,12.1,23.8,130.0,148.125,26.3,4.433333333333334,5.1625000000000005,0.4255833333333333,0.4251666666666667,26.041666666666668,1.9583333333333333,24.08333333333333,5.858333333333333,26.041666666666668,125.25416666666666
2021-01-06,30.195833333333336,43.1,22.5,19:00:00,03:00:00,19.791666666666668,32.0,4.0,03:00:00,22:00:00,3.391666666666667,4.4,2.9,23:00:00,11:00:00,26.691666666666663,47.2,18.1,22:00:00,16:00:00,29.95,51.6,22.7,23:00:00,03:00:00,26.95798611111111,30.436111111111117,4,1,1,1,4,2,2.3375,0.2,3.5,-0.1083333333333333,97.16666666666669,1.9291666666666665,6.5,6.5,1010.8041666666668,992.8208333333332,94.25,0.21,0.0216666666666666,6.1,9.8,235.58333333333331,253.08333333333331,15.1,3.783333333333333,4.770833333333333,0.4247916666666667,0.4260833333333333,18.08333333333333,1.7083333333333333,16.375,9.55,18.08333333333333,126.10833333333332
2021-01-07,46.395833333333336,63.3,32.8,22:00:00,05:00:00,5.291666666666667,16.0,0.0,15:00:00,22:00:00,4.2250000000000005,5.9,3.1,10:00:00,15:00:00,48.0375,80.0,32.7,23:00:00,15:00:00,51.325,83.5,39.5,23:00:00,16:00:00,37.946354166666666,41.10173611111112,4,2,1,1,4,3,1.325,-1.5,4.7,-1.4625,92.875,0.2458333333333333,0.0,0.0,1015.0125,996.8875,70.875,0.48,0.0525,7.9,12.0,238.875,238.0,16.2,3.3083333333333336,4.295833333333333,0.4103333333333332,0.4157083333333333,58.54166666666666,32.416666666666664,26.125,108.0875,58.54166666666666,127.00416666666666
2021-01-08,56.07916666666667,87.0,37.1,22:00:00,05:00:00,5.25,26.0,0.0,14:00:00,01:00:00,5.108333333333333,6.6,4.1,22:00:00,00:00:00,62.35,98.5,25.2,23:00:00,14:00:00,69.27499999999999,107.7,35.8,23:00:00,15:00:00,57.903298611111104,63.09809027777778,5,2,1,1,5,4,-0.3333333333333333,-4.5,4.8,-3.4875000000000003,85.45833333333333,-2.595833333333333,0.0,0.0,1014.8666666666668,996.6291666666666,11.083333333333334,0.61,0.0991666666666666,8.8,13.8,228.20833333333331,261.875,13.7,2.0500000000000003,3.583333333333333,0.402625,0.4081666666666666,82.25,63.66666666666666,18.58333333333333,220.9,82.25,127.95
2021-01-09,60.35,76.7,48.3,00:00:00,15:00:00,4.0,20.0,0.0,15:00:00,00:00:00,5.058333333333334,6.5,3.7,01:00:00,15:00:00,47.85416666666666,94.2,23.1,23:00:00,13:00:00,53.925,93.2,29.4,01:00:00,08:00:00,53.88524305555556,59.78177083333333,5,2,1,1,5,4,0.1249999999999999,-3.8,4.7,-3.1625,77.08333333333333,-3.5625,0.0,0.0,1018.6541666666668,1000.3875,65.58333333333333,0.49,0.1558333333333333,8.2,11.6,159.0,156.83333333333334,11.2,1.3333333333333333,2.770833333333333,0.3987916666666666,0.4035,49.833333333333336,15.625,34.208333333333336,49.79166666666666,49.833333333333336,128.95416666666668
2021-01-10,54.3625,71.9,34.6,19:00:00,15:00:00,7.708333333333333,34.0,0.0,15:00:00,18:00:00,4.5875,6.3,3.1,07:00:00,15:00:00,41.22083333333333,86.4,17.7,00:00:00,15:00:00,45.9375,94.9,21.4,00:00:00,15:00:00,45.88993055555556,51.91302083333334,4,2,1,1,4,4,0.6416666666666666,-3.3,5.0,-2.970833333333333,70.66666666666667,-4.3125,0.0,0.0,1019.2125,1000.975,30.45833333333333,0.72,0.2054166666666666,10.3,15.4,176.58333333333334,162.25,18.7,1.5125,2.7291666666666665,0.3927083333333334,0.398125,74.54166666666667,49.583333333333336,24.95833333333333,170.54583333333332,74.54166666666667,130.04583333333332
2021-01-11,62.925,79.5,44.9,09:00:00,14:00:00,4.958333333333333,25.0,0.0,14:00:00,00:00:00,5.779166666666666,7.3,4.2,10:00:00,14:00:00,50.5875,100.5,26.7,23:00:00,15:00:00,57.09166666666667,103.7,33.4,23:00:00,14:00:00,43.53038194444445,49.13420138888889,4,2,1,1,4,3,-1.3041666666666667,-4.7,4.3,-4.7375,78.25,-4.766666666666667,0.0,0.0,1020.1791666666668,1001.7875,0.0833333333333333,0.68,0.1379166666666666,10.1,13.7,266.25,262.5833333333333,15.1,1.1041666666666667,2.433333333333333,0.3885416666666667,0.394125,86.375,68.625,17.75,235.5625,86.375,131.25833333333333
2021-01-12,54.93333333333333,74.8,36.3,20:00:00,14:00:00,6.333333333333333,28.0,0.0,15:00:00,02:00:00,5.258333333333334,6.7,4.6,20:00:00,06:00:00,58.7375,93.4,34.1,00:00:00,14:00:00,65.9875,95.1,39.8,00:00:00,14:00:00,58.15399305555555,64.08559027777777,5,2,1,1,5,4,-0.8833333333333333,-4.4,4.6,-4.854166666666667,78.54166666666667,-4.279166666666667,0.0,0.0,1017.1291666666666,998.8166666666666,15.375,0.7000000000000001,0.1391666666666666,17.0,33.9,274.1666666666667,273.2916666666667,28.8,1.0083333333333333,2.220833333333333,0.3852916666666666,0.3907916666666666,78.125,54.66666666666666,23.45833333333333,176.20833333333334,78.125,132.52083333333334
2021-01-13,56.52916666666667,78.4,40.0,21:00:00,14:00:00,6.541666666666667,24.0,0.0,13:00:00,08:00:00,4.733333333333333,5.8,3.8,15:00:00,04:00:00,31.52916666666667,63.5,11.3,00:00:00,15:00:00,38.083333333333336,86.0,15.8,23:00:00,14:00:00,43.191493055555554,50.1421875,4,2,1,1,4,4,2.308333333333333,-2.1,11.7,-1.9125,72.08333333333333,-2.495833333333333,0.0,0.0,1014.025,995.975,2.958333333333333,1.06,0.2383333333333333,17.7,34.6,231.41666666666663,242.625,29.9,0.2541666666666666,1.7541666666666669,0.3830416666666666,0.388125,86.79166666666667,69.375,17.416666666666668,234.925,86.79166666666667,133.84166666666667
2021-01-14,57.41666666666666,65.6,50.5,00:00:00,14:00:00,6.0,17.0,0.0,13:00:00,00:00:00,4.9875,7.5,3.5,11:00:00,20:00:00,37.6,87.3,17.7,02:00:00,14:00:00,43.34166666666667,90.0,24.7,02:00:00,11:00:00,35.01128472222222,42.92447916666666,4,2,1,1,4,3,2.7625,-2.5,11.6,-1.3583333333333334,71.33333333333333,-2.3125,0.0,0.0,1011.5125,993.5333333333332,23.33333333333333,1.07,0.2570833333333333,17.1,32.0,175.25,180.66666666666663,29.5,0.0791666666666666,1.2916666666666667,0.3816666666666666,0.3862083333333333,85.54166666666667,67.66666666666667,17.875,226.25833333333333,85.54166666666667,135.23333333333332
2021-01-15,51.9625,75.0,32.3,21:00:00,13:00:00,12.208333333333334,33.0,0.0,14:00:00,22:00:00,3.8625,5.3,3.0,21:00:00,12:00:00,32.8375,74.1,18.0,23:00:00,06:00:00,38.94166666666667,82.0,22.8,23:00:00,15:00:00,31.583159722222224,37.08645833333333,4,2,1,1,4,2,2.770833333333333,-1.0,5.9,-0.6291666666666668,70.54166666666667,-2.254166666666667,0.0,0.0,1017.6041666666666,999.5208333333334,71.29166666666667,0.62,0.2341666666666666,12.7,26.9,88.45833333333333,94.08333333333331,22.3,2.3583333333333334,2.433333333333333,0.3828333333333333,0.3854583333333333,44.16666666666666,9.416666666666666,34.75,33.358333333333334,44.16666666666666,136.70000000000002
2021-01-16,56.48333333333333,74.4,37.1,22:00:00,15:00:00,7.041666666666667,33.0,0.0,14:00:00,04:00:00,5.2250000000000005,8.2,3.8,09:00:00,02:00:00,50.583333333333336,87.9,27.1,23:00:00,16:00:00,55.82083333333333,94.3,31.5,23:00:00,16:00:00,43.87378472222222,49.15173611111111,4,2,1,1,4,3,-0.0124999999999999,-3.4,5.3,-3.466666666666667,77.75,-3.6208333333333336,0.0,0.0,1021.9875,1003.6541666666668,17.0,0.77,0.155,9.2,17.6,124.5,149.79166666666666,13.7,0.7083333333333334,2.0375,0.380625,0.383625,91.41666666666669,73.41666666666667,18.0,242.525,91.41666666666669,138.21666666666667
2021-01-17,54.34166666666667,66.0,42.5,00:00:00,12:00:00,5.708333333333333,21.0,0.0,13:00:00,00:00:00,5.7250000000000005,7.6,4.6,09:00:00,22:00:00,82.72083333333333,111.1,58.5,23:00:00,15:00:00,89.61666666666667,119.1,65.0,23:00:00,16:00:00,69.04791666666667,74.95520833333333,5,2,1,1,5,4,0.0249999999999999,-3.9,4.3,-3.108333333333333,83.20833333333333,-2.595833333333333,0.0,0.0,1017.1208333333334,998.8666666666668,42.375,0.66,0.1141666666666666,8.3,11.2,159.375,172.91666666666666,16.6,-0.3166666666666666,1.225,0.3797083333333333,0.38275,80.41666666666667,55.25,25.166666666666668,171.96666666666667,80.41666666666667,139.78333333333333
2021-01-18,53.59166666666667,68.4,41.3,23:00:00,06:00:00,3.6666666666666665,16.0,0.0,14:00:00,03:00:00,5.783333333333334,7.8,4.3,09:00:00,00:00:00,78.95416666666667,121.2,43.3,01:00:00,16:00:00,92.15416666666664,129.2,51.7,00:00:00,16:00:00,82.32447916666666,92.26319444444444,6,2,1,1,6,4,-1.2708333333333333,-4.6,5.5,-4.5875,81.5,-4.229166666666667,0.0,0.0,1024.2,1005.7375,7.833333333333333,0.7100000000000001,0.1225,7.6,12.7,177.95833333333334,200.16666666666663,13.7,-0.5375,0.8375,0.37875,0.3819999999999999,89.33333333333333,67.83333333333333,21.5,220.47916666666663,89.33333333333333,141.4
2021-01-19,73.6375,85.0,58.1,19:00:00,23:00:00,1.125,4.0,0.0,12:00:00,00:00:00,7.883333333333333,9.5,6.6,10:00:00,00:00:00,79.45833333333333,112.9,55.6,00:00:00,15:00:00,91.19166666666666,124.8,64.2,00:00:00,07:00:00,77.42864583333333,89.878125,6,2,1,1,6,4,-0.7291666666666665,-4.2,3.2,-3.9791666666666665,77.70833333333333,-4.291666666666667,0.0,0.0,1024.8291666666669,1006.3875,65.33333333333333,0.41,0.1420833333333333,5.7,7.5,171.5,185.91666666666663,10.8,-1.4416666666666669,0.5625,0.3768333333333333,0.38075,34.041666666666664,9.208333333333334,24.83333333333333,32.03333333333333,34.041666666666664,143.15
2021-01-20,53.70416666666667,63.6,42.6,18:00:00,06:00:00,1.0,5.0,0.0,15:00:00,00:00:00,6.183333333333334,8.1,4.5,10:00:00,17:00:00,83.60416666666667,113.3,62.3,22:00:00,14:00:00,90.14166666666668,118.9,66.8,00:00:00,15:00:00,80.05347222222223,89.27864583333333,6,2,1,1,6,4,0.1333333333333333,-0.5,2.4,-2.825,88.70833333333333,-1.5625,1.5,1.5,1021.6583333333332,1003.35,98.0,0.26,0.0729166666666666,6.9,14.8,149.66666666666666,167.125,13.0,-0.85,0.3041666666666666,0.37875,0.38,21.791666666666668,6.5,15.291666666666666,18.883333333333333,21.791666666666668,144.96666666666667
2021-01-21,57.44583333333333,65.9,49.6,19:00:00,05:00:00,0.75,2.0,0.0,11:00:00,01:00:00,5.570833333333333,7.0,4.6,21:00:00,01:00:00,73.97083333333333,95.5,60.8,01:00:00,16:00:00,80.96666666666667,99.0,66.0,00:00:00,14:00:00,81.06597222222221,87.42291666666667,6,2,1,1,6,4,1.225,-0.1,2.2,-1.1708333333333332,98.25,0.9583333333333334,5.6,5.6,1016.0208333333334,997.8708333333334,100.0,0.22,0.0116666666666666,5.4,8.8,203.45833333333331,179.29166666666666,11.5,1.2791666666666666,0.9583333333333334,0.4032499999999999,0.388,15.208333333333334,1.25,13.958333333333334,3.391666666666667,15.208333333333334,146.82500000000002
2021-01-22,54.49166666666667,65.1,45.9,16:00:00,03:00:00,0.5833333333333334,3.0,0.0,12:00:00,00:00:00,4.645833333333333,5.9,3.7,15:00:00,19:00:00,39.77916666666667,61.3,20.7,00:00:00,21:00:00,48.68333333333334,66.9,25.1,09:00:00,21:00:00,57.39861111111111,66.55555555555556,5,2,1,1,5,4,3.1875,1.5,5.4,0.7125,96.91666666666669,2.725,29.4,29.4,1002.9375,985.1583333333332,99.45833333333331,0.21,0.0266666666666666,16.8,30.3,167.79166666666666,154.75,33.1,2.716666666666667,2.395833333333333,0.4222083333333333,0.4145416666666666,14.25,1.25,13.0,5.454166666666667,14.25,148.71666666666667
2021-01-23,37.5125,55.0,22.2,19:00:00,07:00:00,18.416666666666668,43.0,0.0,07:00:00,00:00:00,4.041666666666667,5.8,2.2,18:00:00,06:00:00,15.291666666666666,45.6,2.5,23:00:00,06:00:00,17.729166666666668,49.8,2.8,23:00:00,06:00:00,21.096006944444444,26.168229166666663,3,1,1,1,3,2,5.775,1.4,10.2,2.333333333333333,81.41666666666667,2.658333333333333,13.3,13.3,994.9,977.4083333333332,67.54166666666667,0.87,0.1908333333333333,27.7,47.0,221.25,215.625,49.3,4.454166666666667,3.858333333333333,0.420375,0.4227499999999999,64.66666666666667,26.375,38.29166666666666,90.44166666666666,64.66666666666667,150.64583333333334
2021-01-24,39.74166666666667,62.2,14.1,21:00:00,14:00:00,14.5,57.0,0.0,17:00:00,01:00:00,4.1125,6.0,1.9,04:00:00,15:00:00,22.6625,42.8,1.8,01:00:00,14:00:00,28.6125,49.6,4.6,00:00:00,14:00:00,24.17673611111111,29.226736111111112,3,1,1,1,3,2,2.8083333333333336,-1.1,10.5,-1.1625,62.41666666666666,-5.091666666666667,0.0,0.0,998.925,981.1875,29.75,1.45,0.3354166666666667,19.0,28.8,244.91666666666663,237.66666666666663,38.2,2.966666666666667,3.8125,0.4047083333333334,0.4102083333333333,98.54166666666669,72.625,25.916666666666668,222.20833333333331,98.54166666666669,152.61249999999998
2021-01-25,49.48333333333333,74.8,27.3,09:00:00,23:00:00,15.375,37.0,0.0,15:00:00,06:00:00,4.925,8.1,2.6,10:00:00,18:00:00,15.916666666666666,27.9,6.4,01:00:00,16:00:00,20.1875,31.8,10.3,00:00:00,15:00:00,17.775520833333335,22.26388888888889,2,2,1,1,2,2,3.108333333333333,-0.5,8.3,-1.5541666666666665,47.625,-7.133333333333333,1.3,0.1,1002.8458333333332,985.0541666666668,33.583333333333336,1.6,0.4066666666666667,20.5,39.6,213.95833333333331,211.70833333333331,34.6,2.7291666666666665,3.2625,0.3968333333333333,0.4026666666666667,76.29166666666667,43.79166666666666,32.5,140.97083333333333,76.29166666666667,154.62083333333334
2021-01-26,31.5125,62.6,15.3,09:00:00,15:00:00,39.91666666666666,65.0,11.0,15:00:00,09:00:00,3.1666666666666665,4.7,2.3,08:00:00,14:00:00,10.904166666666669,28.7,2.9,20:00:00,14:00:00,13.583333333333334,30.0,4.6,19:00:00,15:00:00,10.811631944444445,14.414409722222222,2,1,1,1,2,1,3.158333333333333,-1.8,9.5,-1.9416666666666669,38.5,-9.85,0.0,0.0,1016.3583333333332,998.3291666666668,1.7083333333333333,2.07,0.4945833333333333,18.9,34.9,318.125,331.875,35.6,3.2125,3.5666666666666664,0.3913333333333333,0.3997916666666667,106.75,86.70833333333333,20.041666666666668,265.5875,106.75,156.64166666666668
2021-01-27,55.55416666666667,83.2,27.6,09:00:00,00:00:00,14.916666666666666,43.0,0.0,00:00:00,07:00:00,5.579166666666667,8.5,2.9,10:00:00,01:00:00,28.883333333333336,62.7,12.8,21:00:00,02:00:00,35.6375,70.4,16.1,20:00:00,02:00:00,18.243402777777774,22.34913194444444,2,2,1,1,2,2,1.0375,-4.1,6.4,-2.6833333333333336,62.958333333333336,-5.533333333333332,0.4,0.4,1017.9916666666668,999.7875,57.625,0.95,0.2579166666666667,10.8,25.2,243.375,230.5,21.2,2.120833333333333,3.1,0.385625,0.3915416666666667,73.83333333333333,39.75,34.083333333333336,100.50416666666666,73.83333333333333,158.69583333333333
2021-01-28,49.09583333333333,65.7,24.0,21:00:00,03:00:00,13.458333333333334,37.0,0.0,01:00:00,22:00:00,5.104166666666667,6.5,3.1,20:00:00,00:00:00,42.81666666666666,79.6,25.5,22:00:00,16:00:00,48.82916666666667,82.2,31.6,22:00:00,16:00:00,37.38975694444444,44.232638888888886,4,2,1,1,4,3,2.5875,-1.7,8.3,-0.6416666666666667,83.875,0.0083333333333333,0.2,0.2,1013.7041666666668,995.6916666666666,41.583333333333336,0.65,0.135,13.0,26.3,277.5833333333333,284.3333333333333,23.4,2.775,3.1041666666666665,0.3839583333333333,0.3885833333333333,54.625,12.666666666666666,41.958333333333336,36.9375,54.625,160.85
2021-01-29,54.62916666666666,68.3,43.9,19:00:00,04:00:00,4.875,18.0,0.0,16:00:00,06:00:00,5.604166666666667,7.9,4.5,19:00:00,04:00:00,42.4625,62.8,25.2,00:00:00,16:00:00,49.4875,65.4,29.4,00:00:00,16:00:00,44.83368055555555,51.53923611111111,4,2,1,1,4,4,3.9333333333333336,0.5,9.0,0.9041666666666668,87.45833333333333,2.004166666666667,0.3,0.3,1006.2916666666666,988.5,40.875,0.76,0.1104166666666666,14.6,31.4,247.29166666666663,251.0,29.2,3.6375,3.6791666666666663,0.382125,0.3865833333333333,75.54166666666667,43.75,31.791666666666668,134.15,75.54166666666667,163.06666666666666
2021-01-30,49.15416666666667,60.2,37.5,18:00:00,06:00:00,7.0,17.0,0.0,12:00:00,00:00:00,4.55,6.9,2.3,11:00:00,02:00:00,22.004166666666663,41.5,10.9,20:00:00,03:00:00,28.079166666666666,54.8,12.4,22:00:00,03:00:00,29.937673611111112,35.52569444444445,4,2,1,1,4,2,5.579166666666667,1.6,10.4,2.566666666666667,79.54166666666667,2.1958333333333333,3.0,3.0,1001.475,983.8666666666668,49.625,0.86,0.2025,17.3,34.9,202.20833333333331,213.95833333333331,29.5,4.358333333333333,4.279166666666667,0.38275,0.3845416666666667,68.04166666666667,29.541666666666668,38.5,90.625,68.04166666666667,165.35416666666666
2021-01-31,34.17916666666667,51.7,22.6,21:00:00,15:00:00,19.291666666666668,54.0,4.0,16:00:00,08:00:00,3.954166666666667,5.0,3.1,12:00:00,22:00:00,26.1625,37.0,15.6,01:00:00,16:00:00,29.1125,44.1,15.0,00:00:00,16:00:00,27.406423611111112,33.14079861111111,4,1,1,1,4,2,5.908333333333334,3.7,10.4,3.4125,87.29166666666667,3.875,9.1,9.1,998.0666666666666,980.5375,57.79166666666666,0.97,0.1295833333333333,14.8,26.6,174.29166666666666,170.54166666666666,24.8,5.745833333333334,5.25,0.4038333333333333,0.3974166666666667,94.16666666666669,62.29166666666666,31.875,177.92916666666667,94.16666666666669,167.675
2021-02-01,37.68333333333333,61.9,17.1,20:00:00,05:00:00,17.291666666666668,32.0,0.0,05:00:00,19:00:00,4.083333333333333,6.5,2.7,23:00:00,03:00:00,25.941666666666663,62.6,16.6,23:00:00,04:00:00,29.266666666666666,65.8,18.9,23:00:00,00:00:00,22.19618055555556,24.54392361111111,3,1,1,1,3,2,4.745833333333333,0.7,7.5,1.5875,78.95833333333333,1.35,1.0,1.0,1000.9875,983.3208333333332,68.125,0.72,0.1854166666666666,15.6,28.4,79.04166666666667,90.95833333333331,27.0,5.241666666666666,5.654166666666666,0.3780833333333333,0.38225,41.25,7.833333333333333,33.416666666666664,24.066666666666663,41.25,170.07500000000002
2021-02-02,48.63333333333333,61.6,37.0,19:00:00,05:00:00,3.7083333333333335,13.0,0.0,15:00:00,21:00:00,6.095833333333334,7.2,4.8,22:00:00,16:00:00,57.02916666666667,78.4,28.4,23:00:00,15:00:00,64.03333333333333,95.5,40.3,22:00:00,15:00:00,45.13975694444445,49.78697916666667,4,2,1,1,4,3,3.8083333333333336,-0.1,8.3,1.5416666666666667,91.79166666666669,2.5291666666666663,0.0,0.0,1011.575,993.6583333333332,57.083333333333336,0.83,0.0779166666666666,7.2,8.5,247.29166666666663,216.41666666666663,15.1,3.983333333333333,4.379166666666666,0.37575,0.3797916666666667,85.04166666666667,46.125,38.91666666666666,128.47916666666666,85.04166666666667,172.4958333333333
2021-02-03,50.46666666666667,54.5,42.9,09:00:00,06:00:00,1.375,6.0,0.0,14:00:00,01:00:00,4.641666666666667,5.9,3.2,08:00:00,15:00:00,61.2875,85.1,36.0,01:00:00,16:00:00,71.20833333333333,104.3,44.3,02:00:00,16:00:00,62.32135416666666,71.88177083333333,5,2,1,1,5,4,5.391666666666667,4.2,6.4,3.454166666666667,94.875,4.641666666666667,6.5,6.5,1014.6791666666668,996.8291666666668,98.08333333333331,0.34,0.0470833333333333,9.2,12.5,107.66666666666669,108.5,17.6,5.329166666666667,5.125,0.39675,0.3847083333333334,24.416666666666668,1.4583333333333333,22.95833333333333,3.983333333333333,24.416666666666668,174.9625
2021-02-04,42.70416666666667,52.4,37.4,02:00:00,15:00:00,1.125,4.0,0.0,14:00:00,00:00:00,4.654166666666667,5.9,4.1,12:00:00,05:00:00,43.90416666666667,69.6,26.0,02:00:00,15:00:00,51.7875,92.1,31.8,01:00:00,14:00:00,50.43090277777778,59.59479166666667,5,2,1,1,5,4,7.345833333333334,4.8,10.3,5.554166666666667,91.16666666666669,5.958333333333333,1.4,1.4,1017.1916666666666,999.4208333333332,90.70833333333331,0.71,0.09625,9.3,16.1,249.25,257.125,17.6,6.720833333333334,6.0125,0.4035833333333333,0.3984583333333333,64.41666666666667,25.75,38.66666666666666,72.70416666666667,64.41666666666667,177.46666666666667
2021-02-05,43.925,48.7,35.6,10:00:00,04:00:00,1.1666666666666667,5.0,0.0,12:00:00,00:00:00,4.245833333333334,5.2,3.1,23:00:00,06:00:00,46.56666666666666,53.0,32.8,01:00:00,17:00:00,57.65416666666667,67.2,46.2,21:00:00,16:00:00,44.34184027777778,52.835590277777776,4,2,1,1,4,4,7.899999999999999,7.0,9.3,6.741666666666667,95.20833333333331,7.166666666666667,2.0,2.0,1018.2333333333332,1000.4791666666666,97.41666666666669,0.46,0.0520833333333333,5.5,10.6,158.29166666666666,181.75,13.0,7.733333333333333,7.245833333333334,0.4024166666666667,0.398375,33.5,2.9166666666666665,30.58333333333333,8.3875,33.5,180.01666666666665
2021-02-06,39.47916666666666,50.1,30.3,01:00:00,23:00:00,4.791666666666667,17.0,0.0,15:00:00,00:00:00,3.395833333333333,5.5,2.5,00:00:00,14:00:00,49.74166666666667,61.6,31.6,01:00:00,17:00:00,56.3,63.8,38.5,20:00:00,17:00:00,49.302083333333336,57.68246527777777,4,1,1,1,4,4,7.954166666666667,6.8,9.4,6.358333333333333,94.16666666666669,7.033333333333334,2.2,2.2,1013.7958333333332,996.1125,100.0,0.49,0.06625,15.7,26.2,63.0,79.45833333333333,27.0,7.879166666666666,7.458333333333333,0.395875,0.393375,36.583333333333336,3.083333333333333,33.5,9.070833333333333,36.583333333333336,182.59583333333333
2021-02-07,28.15833333333333,39.1,12.8,19:00:00,04:00:00,13.916666666666666,33.0,1.0,05:00:00,21:00:00,3.1875,4.5,1.9,18:00:00,03:00:00,18.2625,33.0,10.4,00:00:00,17:00:00,24.6,44.1,13.2,00:00:00,07:00:00,31.46302083333333,39.07413194444444,4,1,1,1,4,2,7.279166666666666,5.3,8.5,5.2125,94.70833333333331,6.483333333333333,27.1,27.1,999.575,982.0958333333332,94.0,0.33,0.055,16.3,27.4,178.625,177.5,30.2,7.441666666666666,7.533333333333334,0.4227499999999999,0.4170833333333333,17.833333333333332,2.0,15.833333333333334,6.104166666666667,17.833333333333332,185.20833333333331
2021-02-08,38.079166666666666,73.3,19.9,19:00:00,06:00:00,16.958333333333332,50.0,0.0,16:00:00,20:00:00,4.383333333333334,6.5,3.1,11:00:00,02:00:00,22.03333333333333,46.2,7.1,23:00:00,16:00:00,27.34166666666667,53.0,11.0,23:00:00,16:00:00,19.48038194444444,24.900347222222223,2,1,1,1,2,2,6.754166666666666,2.4,12.1,4.091666666666667,79.91666666666667,3.083333333333333,1.2000000000000002,1.2000000000000002,994.3583333333332,976.9375,37.208333333333336,1.33,0.2312499999999999,11.4,23.7,210.16666666666663,216.58333333333331,21.2,7.0125,6.95,0.4130833333333333,0.4156666666666666,124.04166666666669,99.375,24.666666666666668,267.6125,124.04166666666669,187.84166666666667
2021-02-09,48.19583333333333,69.7,34.6,20:00:00,05:00:00,9.833333333333334,32.0,0.0,16:00:00,08:00:00,4.5375000000000005,5.6,3.3,19:00:00,04:00:00,33.09583333333333,57.3,19.4,23:00:00,16:00:00,38.675,65.4,24.4,23:00:00,16:00:00,27.808159722222225,33.50763888888889,4,2,1,1,4,2,7.3,5.2,10.0,5.391666666666667,84.25,4.745833333333334,1.4,1.4,999.6333333333332,982.1666666666666,92.54166666666669,0.73,0.1675,10.2,20.5,106.29166666666669,96.29166666666669,17.6,7.479166666666667,7.2,0.4032083333333333,0.4056666666666667,57.25,21.33333333333333,35.916666666666664,56.525,57.25,190.5
2021-02-10,38.53333333333333,52.1,18.4,19:00:00,05:00:00,16.833333333333332,33.0,2.0,06:00:00,00:00:00,4.0125,7.0,2.3,20:00:00,05:00:00,22.079166666666666,58.0,9.8,00:00:00,13:00:00,27.8125,70.5,12.4,00:00:00,13:00:00,29.29652777777778,34.98576388888889,4,1,1,1,4,2,6.566666666666666,3.2,8.1,3.9916666666666663,91.625,5.266666666666667,17.6,17.6,999.7333333333332,982.2291666666666,77.375,0.49,0.085,15.6,26.6,169.91666666666666,130.54166666666666,28.8,7.141666666666667,7.604166666666667,0.422625,0.42025,35.166666666666664,2.75,32.416666666666664,8.704166666666667,35.166666666666664,193.175
2021-02-11,35.09583333333333,53.5,16.8,09:00:00,23:00:00,20.041666666666668,44.0,1.0,16:00:00,07:00:00,3.75,5.3,2.7,09:00:00,23:00:00,18.15,34.8,10.7,02:00:00,05:00:00,21.933333333333334,39.0,12.0,00:00:00,06:00:00,19.76892361111111,24.238541666666663,2,1,1,1,2,2,6.695833333333333,1.5,13.3,3.220833333333333,74.83333333333333,1.6583333333333334,0.5,0.5,1011.3916666666668,993.675,27.0,1.43,0.3058333333333333,24.9,38.5,122.83333333333331,124.25,43.9,6.758333333333333,6.879166666666666,0.40575,0.4107499999999999,113.95833333333331,83.33333333333333,30.625,223.77916666666667,113.95833333333331,195.875
2021-02-12,22.58333333333333,34.6,11.7,19:00:00,04:00:00,45.958333333333336,54.0,36.0,14:00:00,00:00:00,2.7291666666666665,3.0,2.4,10:00:00,00:00:00,13.95,21.7,10.9,22:00:00,13:00:00,18.829166666666666,24.6,15.0,19:00:00,12:00:00,14.538541666666667,19.256944444444446,2,1,1,1,2,1,3.0041666666666664,-0.3,5.4,-2.391666666666667,55.208333333333336,-5.2625,1.1,0.0,1024.3291666666669,1006.1583333333332,95.79166666666669,1.52,0.3429166666666667,23.9,36.4,86.79166666666667,89.66666666666667,43.9,5.658333333333334,6.65,0.39975,0.40525,47.0,7.583333333333333,39.41666666666666,16.8,47.0,198.58333333333331
2021-02-13,28.3,71.7,13.3,21:00:00,03:00:00,47.29166666666666,68.0,4.0,16:00:00,21:00:00,3.079166666666667,4.9,2.3,19:00:00,01:00:00,21.47083333333333,63.8,8.9,23:00:00,12:00:00,24.433333333333334,64.9,11.0,21:00:00,13:00:00,15.1140625,18.83767361111111,2,1,1,1,2,1,-0.9291666666666668,-4.4,1.6,-5.7375,52.04166666666666,-10.0125,0.3,0.0,1031.0291666666667,1012.4583333333334,69.625,1.23,0.2833333333333333,16.4,24.6,133.625,124.33333333333331,31.7,2.845833333333333,4.654166666666667,0.3944166666666667,0.39975,82.75,30.791666666666668,51.958333333333336,86.25833333333333,82.75,201.30416666666667
2021-02-14,39.97916666666666,69.8,15.1,23:00:00,16:00:00,25.875,69.0,2.0,15:00:00,23:00:00,3.8625,4.7,3.0,21:00:00,04:00:00,32.44583333333333,77.0,7.9,22:00:00,16:00:00,36.10416666666666,78.0,9.8,22:00:00,16:00:00,30.15364583333333,33.286631944444444,4,1,1,1,4,2,-0.5458333333333333,-4.5,5.8,-4.933333333333334,60.333333333333336,-7.679166666666667,0.0,0.0,1038.5666666666666,1019.8916666666668,7.208333333333333,1.44,0.2616666666666666,13.8,28.0,291.0833333333333,290.0833333333333,25.6,1.95,3.3833333333333333,0.3919583333333333,0.3960000000000001,142.29166666666666,117.125,25.166666666666668,302.06666666666666,142.29166666666666,204.02916666666667
2021-02-15,59.18333333333334,78.2,29.0,21:00:00,16:00:00,14.375,57.0,0.0,16:00:00,04:00:00,5.520833333333333,6.9,4.1,09:00:00,14:00:00,44.98333333333333,79.8,15.2,22:00:00,16:00:00,49.97916666666666,86.3,19.9,22:00:00,16:00:00,39.721875,43.79079861111112,4,2,1,1,4,3,0.2708333333333333,-5.6,6.8,-3.2583333333333333,65.45833333333333,-5.945833333333333,0.0,0.0,1037.7958333333331,1019.1916666666666,23.5,1.26,0.2570833333333333,7.0,13.4,276.5,260.5,15.8,2.375,3.2916666666666665,0.3824166666666667,0.3887083333333334,129.29166666666666,91.5,37.79166666666666,228.52916666666667,129.29166666666666,206.75833333333333
2021-02-16,51.94166666666666,79.5,26.4,20:00:00,14:00:00,15.375,54.0,0.0,14:00:00,06:00:00,4.0375000000000005,5.1,2.9,11:00:00,04:00:00,44.55416666666667,84.0,17.7,23:00:00,16:00:00,52.31666666666666,95.4,22.4,23:00:00,16:00:00,44.45677083333334,50.84288194444444,4,2,1,1,4,4,3.7416666666666663,-2.0,10.1,0.4708333333333332,68.0,-1.7333333333333334,0.0,0.0,1027.5166666666669,1009.3166666666666,45.0,1.41,0.2675,13.7,17.8,248.625,257.7083333333333,28.1,3.8083333333333336,3.8041666666666663,0.3777083333333333,0.3844583333333333,130.375,97.83333333333331,32.541666666666664,232.1916666666667,130.375,209.4875
2021-02-17,46.825,78.3,22.9,21:00:00,15:00:00,15.666666666666666,58.0,1.0,16:00:00,00:00:00,4.379166666666666,5.8,3.4,10:00:00,01:00:00,51.80416666666667,78.5,21.8,00:00:00,16:00:00,62.62916666666666,87.6,34.3,23:00:00,17:00:00,49.935763888888886,59.65642361111111,4,2,1,1,4,4,7.533333333333334,2.9,13.4,5.245833333333334,83.33333333333333,4.629166666666666,0.6000000000000001,0.6000000000000001,1021.9666666666668,1004.1083333333332,35.666666666666664,1.47,0.20625,11.3,14.8,237.83333333333331,242.5,23.4,7.283333333333334,6.304166666666667,0.375875,0.3805,135.33333333333334,105.08333333333331,30.25,257.9458333333333,135.33333333333334,212.22083333333333
2021-02-18,52.325,62.1,36.3,10:00:00,05:00:00,7.125,19.0,0.0,05:00:00,19:00:00,4.525,7.8,2.7,23:00:00,02:00:00,79.50833333333334,106.0,66.9,01:00:00,06:00:00,90.3375,107.8,75.4,01:00:00,14:00:00,64.6439236111111,74.95017361111111,5,2,1,1,5,4,6.241666666666667,3.1,7.9,4.291666666666667,89.16666666666667,4.570833333333334,0.9,0.9,1023.9166666666666,1005.9583333333334,92.29166666666669,0.42,0.1045833333333333,9.0,19.9,193.95833333333331,190.95833333333331,15.8,6.558333333333334,6.5625,0.3783333333333333,0.3801666666666667,26.08333333333333,1.25,24.83333333333333,3.525,26.08333333333333,214.9875
2021-02-19,45.87916666666666,57.2,34.9,20:00:00,13:00:00,4.291666666666667,25.0,0.0,16:00:00,00:00:00,4.5375000000000005,5.2,4.1,01:00:00,05:00:00,72.74166666666666,99.1,40.2,01:00:00,17:00:00,83.09583333333333,109.3,45.8,00:00:00,16:00:00,79.08177083333334,89.29166666666667,6,2,1,1,6,4,8.424999999999999,6.5,12.0,6.95,90.08333333333331,6.833333333333333,0.2,0.2,1024.2541666666666,1006.4291666666668,96.04166666666669,0.88,0.1208333333333333,6.5,9.4,210.16666666666663,228.29166666666663,17.6,8.025,7.25,0.37975,0.3811666666666666,72.75,29.33333333333333,43.41666666666666,74.7625,72.75,217.77916666666667
2021-02-20,39.47083333333333,50.1,30.7,20:00:00,07:00:00,4.208333333333333,18.0,0.0,16:00:00,00:00:00,4.241666666666666,5.4,3.1,13:00:00,04:00:00,55.34166666666667,83.3,31.7,00:00:00,16:00:00,61.17916666666667,88.3,38.7,00:00:00,16:00:00,62.79340277777778,71.09722222222221,5,1,1,1,5,4,8.783333333333333,7.6,10.8,7.283333333333334,87.41666666666667,6.775,0.3,0.3,1025.7708333333333,1007.9333333333334,100.0,0.6,0.1475,6.8,12.1,265.25,263.2916666666667,15.5,8.424999999999999,7.904166666666666,0.3765833333333333,0.3796666666666666,39.54166666666666,4.541666666666667,35.0,12.870833333333332,39.54166666666666,220.60416666666663
2021-02-21,38.02916666666667,53.1,20.2,23:00:00,16:00:00,20.791666666666668,60.0,0.0,16:00:00,00:00:00,3.1791666666666667,4.3,2.5,00:00:00,19:00:00,51.27916666666667,69.5,36.5,22:00:00,16:00:00,61.425,79.3,47.1,23:00:00,17:00:00,51.17864583333334,59.57673611111111,5,1,1,1,5,4,8.9625,6.1,12.1,7.470833333333334,87.45833333333333,6.9125000000000005,0.0,0.0,1027.1666666666667,1009.3166666666666,74.45833333333333,1.09,0.1570833333333333,9.6,17.7,125.33333333333331,154.83333333333334,16.6,8.975,8.225,0.3730833333333334,0.3776666666666666,88.95833333333333,36.833333333333336,52.125,80.52916666666665,88.95833333333333,223.44166666666663
2021-02-22,41.94166666666667,60.4,27.5,19:00:00,15:00:00,15.833333333333334,43.0,0.0,14:00:00,07:00:00,3.3166666666666664,4.3,2.5,09:00:00,05:00:00,58.22916666666666,77.0,36.8,03:00:00,16:00:00,74.47500000000001,95.0,45.4,02:00:00,16:00:00,56.321875,69.97222222222221,5,2,1,1,5,4,8.254166666666666,3.9,13.1,6.566666666666666,86.41666666666667,5.9750000000000005,0.0,0.0,1031.2458333333334,1013.2791666666668,41.458333333333336,1.42,0.1754166666666666,8.8,15.0,109.75,124.83333333333331,15.8,8.924999999999999,8.504166666666666,0.3676666666666666,0.37375,123.25,65.16666666666667,58.083333333333336,155.60833333333332,123.25,226.34583333333333
2021-02-23,46.25416666666666,87.7,28.4,21:00:00,15:00:00,14.916666666666666,61.0,0.0,16:00:00,03:00:00,4.020833333333333,5.1,2.8,21:00:00,05:00:00,48.2375,83.6,28.4,01:00:00,16:00:00,65.71249999999999,98.0,45.0,21:00:00,10:00:00,52.80121527777778,67.94895833333334,5,2,1,1,5,4,9.183333333333334,3.1,16.0,7.195833333333333,76.54166666666667,4.879166666666666,0.0,0.0,1035.8958333333333,1017.9,4.375,1.78,0.3458333333333334,10.4,20.1,278.2916666666667,281.8333333333333,18.4,8.779166666666667,8.487499999999999,0.368,0.3740416666666666,151.29166666666666,121.04166666666669,30.25,286.40416666666664,151.29166666666666,229.3375
2021-02-24,54.45,87.3,36.2,20:00:00,06:00:00,11.375,43.0,0.0,16:00:00,00:00:00,4.733333333333333,6.0,3.2,11:00:00,04:00:00,56.6625,82.4,44.4,23:00:00,14:00:00,91.69583333333333,119.5,69.7,23:00:00,06:00:00,50.5625,76.36128472222222,5,2,1,1,5,4,9.566666666666666,2.5,17.9,7.708333333333333,77.66666666666667,5.375,0.0,0.0,1035.7166666666667,1017.7583333333332,0.0,1.96,0.3633333333333333,10.0,17.3,284.8333333333333,275.2083333333333,16.9,9.004166666666666,8.575000000000001,0.3624166666666666,0.369625,157.875,129.66666666666666,28.20833333333333,304.1333333333333,157.875,232.34166666666667
2021-02-25,61.69166666666666,85.1,43.5,22:00:00,15:00:00,11.208333333333334,40.0,0.0,15:00:00,00:00:00,5.104166666666667,6.8,3.4,12:00:00,05:00:00,57.645833333333336,81.8,39.7,00:00:00,05:00:00,95.69166666666666,113.3,64.4,00:00:00,08:00:00,57.79670138888889,95.38003472222222,5,2,1,1,5,4,9.4375,2.2,17.7,7.712499999999999,76.58333333333333,5.154166666666667,0.0,0.0,1032.1458333333333,1014.2416666666668,0.0,2.0,0.3566666666666667,6.7,8.8,281.625,268.625,13.7,9.166666666666666,8.870833333333334,0.3535416666666666,0.3617916666666667,160.70833333333334,132.33333333333334,28.375,307.9833333333333,160.70833333333334,235.3625
2021-02-26,61.8875,91.8,40.0,22:00:00,14:00:00,13.333333333333334,53.0,0.0,16:00:00,00:00:00,5.366666666666667,7.4,4.0,12:00:00,00:00:00,49.55833333333334,73.4,27.4,00:00:00,15:00:00,77.83333333333333,109.5,48.9,23:00:00,15:00:00,55.11822916666667,88.89791666666666,5,2,1,1,5,4,9.558333333333334,1.9,17.7,7.858333333333333,76.25,5.133333333333334,0.0,0.0,1027.8833333333334,1010.05,1.8333333333333333,2.0,0.3729166666666666,6.1,8.2,291.1666666666667,260.4166666666667,15.8,9.033333333333331,8.825000000000001,0.3476666666666666,0.3565,162.16666666666666,133.5,28.666666666666668,307.81666666666666,162.16666666666666,238.38333333333333
2021-02-27,45.19166666666666,83.4,18.9,00:00:00,15:00:00,31.916666666666668,79.0,0.0,15:00:00,00:00:00,3.9291666666666663,6.0,2.6,11:00:00,23:00:00,45.675,66.3,28.1,01:00:00,23:00:00,66.3,108.3,38.1,00:00:00,23:00:00,48.99583333333333,74.67482638888889,4,2,1,1,4,4,10.6875,3.9,17.8,8.266666666666667,72.83333333333333,5.65,0.0,0.0,1025.625,1007.9166666666666,18.33333333333333,2.22,0.415,17.4,27.2,167.95833333333334,156.70833333333334,33.1,9.841666666666669,9.075,0.3447083333333333,0.3541666666666667,158.95833333333334,126.79166666666669,32.166666666666664,284.7416666666667,158.95833333333334,241.40833333333333
2021-02-28,23.5,75.1,10.4,23:00:00,14:00:00,53.458333333333336,81.0,0.0,16:00:00,23:00:00,2.520833333333333,3.4,2.0,22:00:00,10:00:00,20.279166666666665,51.2,10.7,23:00:00,13:00:00,28.84583333333333,61.6,15.7,23:00:00,11:00:00,27.54861111111111,41.05416666666667,4,1,2,1,4,3,8.666666666666666,3.5,12.1,5.3625,61.5,1.4416666666666669,0.0,0.0,1032.8416666666667,1014.8666666666668,20.541666666666668,2.11,0.4541666666666666,19.2,33.8,81.79166666666667,90.625,33.5,10.125,9.895833333333334,0.3400416666666667,0.3505833333333333,147.79166666666666,109.0,38.79166666666666,237.14166666666665,147.79166666666666,244.44166666666663
2021-03-01,57.7,99.4,28.9,22:00:00,14:00:00,20.20833333333333,70.0,0.0,16:00:00,01:00:00,4.075,5.5,3.1,11:00:00,16:00:00,44.09166666666667,64.7,20.5,03:00:00,16:00:00,53.10416666666666,72.4,33.6,23:00:00,16:00:00,35.71510416666667,44.23020833333334,4,2,1,1,4,3,7.220833333333334,0.3,14.4,4.933333333333334,72.54166666666667,2.033333333333333,0.0,0.0,1031.6458333333333,1013.5958333333332,0.0,2.01,0.3641666666666667,6.4,12.0,239.0,194.0,15.1,8.262500000000001,8.645833333333334,0.3367083333333334,0.34725,172.125,141.83333333333334,30.291666666666668,318.93333333333334,172.125,247.53333333333333
2021-03-02,59.94166666666666,102.7,26.8,22:00:00,14:00:00,21.33333333333333,73.0,0.0,16:00:00,00:00:00,4.095833333333333,5.1,2.9,12:00:00,16:00:00,45.4625,73.5,24.8,00:00:00,16:00:00,57.87916666666666,91.0,32.4,23:00:00,15:00:00,44.65902777777777,55.05520833333333,4,2,1,1,4,4,7.366666666666667,1.1,14.6,4.9125000000000005,71.66666666666667,1.9958333333333331,0.0,0.0,1034.0666666666666,1015.9916666666668,8.416666666666666,2.02,0.37375,7.6,10.9,134.83333333333334,102.83333333333331,20.2,7.991666666666667,8.241666666666667,0.3351666666666666,0.3451249999999999,170.83333333333334,136.66666666666666,34.166666666666664,305.6,170.83333333333334,250.7125
2021-03-03,65.36666666666666,91.9,45.1,21:00:00,16:00:00,10.291666666666666,44.0,0.0,16:00:00,00:00:00,5.525,8.5,3.8,11:00:00,00:00:00,64.15416666666667,92.7,39.0,23:00:00,16:00:00,75.36666666666666,109.3,47.9,23:00:00,16:00:00,54.55572916666667,66.38524305555556,5,2,1,1,5,4,7.075,-0.1,14.6,4.791666666666667,75.125,2.4291666666666667,0.0,0.0,1031.6166666666666,1013.5541666666668,16.5,2.06,0.32875,7.6,8.4,299.75,243.25,16.2,8.079166666666667,8.158333333333333,0.3314166666666667,0.3422083333333334,172.54166666666666,135.83333333333334,36.708333333333336,298.8541666666667,172.54166666666666,254.0
2021-03-04,43.15,74.4,19.1,00:00:00,15:00:00,33.625,81.0,0.0,16:00:00,00:00:00,4.495833333333334,6.2,3.1,08:00:00,13:00:00,46.35416666666666,89.5,17.0,00:00:00,16:00:00,60.34166666666667,112.3,27.1,01:00:00,16:00:00,61.39409722222222,75.5765625,5,2,1,1,5,4,7.85,0.8,14.8,4.958333333333333,75.75,3.475,0.0,0.0,1023.0083333333332,1005.1625,31.875,2.08,0.32,16.5,31.6,270.2083333333333,251.79166666666663,28.4,8.070833333333333,7.958333333333333,0.32975,0.341,157.375,113.33333333333331,44.04166666666666,238.6375,157.375,257.2875
2021-03-05,38.47083333333333,61.5,19.0,08:00:00,15:00:00,40.625,91.0,1.0,16:00:00,08:00:00,4.5,6.9,3.4,12:00:00,17:00:00,37.42083333333333,49.5,26.4,07:00:00,16:00:00,48.42083333333333,56.6,38.8,21:00:00,16:00:00,35.046527777777776,46.65052083333333,4,1,1,1,4,3,9.6,3.7,15.4,7.470833333333334,77.29166666666667,5.416666666666667,0.0,0.0,1017.05,999.4166666666666,30.0,2.13,0.3270833333333333,13.9,28.7,260.7916666666667,258.0,23.8,10.070833333333333,9.258333333333336,0.3270416666666667,0.3384166666666666,168.91666666666666,131.29166666666666,37.625,277.1333333333333,168.91666666666666,260.5416666666667
2021-03-06,22.808333333333334,50.1,10.8,23:00:00,06:00:00,44.04166666666666,62.0,19.0,05:00:00,21:00:00,2.4,3.3,1.9,00:00:00,11:00:00,17.974999999999998,39.6,8.6,01:00:00,15:00:00,24.204166666666666,44.5,12.0,00:00:00,06:00:00,27.79965277777778,36.46857638888889,4,1,1,1,4,2,6.995833333333334,4.4,9.4,3.033333333333333,71.5,1.8958333333333333,2.1,2.1,1027.4666666666667,1009.4875,64.08333333333333,1.3,0.2879166666666666,27.1,41.4,92.5,98.20833333333331,48.2,8.529166666666667,9.2625,0.33675,0.3375000000000001,78.16666666666667,23.45833333333333,54.708333333333336,58.16666666666666,78.16666666666667,263.7875
2021-03-07,35.020833333333336,65.8,13.4,22:00:00,14:00:00,35.208333333333336,75.0,1.0,15:00:00,23:00:00,3.329166666666667,4.6,2.5,21:00:00,02:00:00,29.7375,46.2,15.4,23:00:00,12:00:00,36.49583333333333,57.7,19.3,23:00:00,12:00:00,24.10642361111111,30.21961805555556,3,1,1,1,3,2,6.175,1.6,10.9,3.4,65.0,-0.15,0.0,0.0,1024.9416666666666,1006.9541666666668,29.58333333333333,1.96,0.3579166666666666,8.2,14.1,128.54166666666666,135.33333333333334,15.8,7.858333333333333,8.166666666666666,0.3332916666666667,0.338,174.70833333333334,133.04166666666666,41.66666666666666,279.7875,174.70833333333334,267.0125
2021-03-08,43.7875,66.7,19.5,01:00:00,15:00:00,28.75,75.0,0.0,17:00:00,00:00:00,3.5541666666666667,3.8,3.3,08:00:00,06:00:00,50.9,77.2,29.0,04:00:00,16:00:00,57.05833333333334,79.4,35.8,04:00:00,14:00:00,42.53142361111112,48.82586805555555,4,2,1,1,4,3,5.791666666666667,0.7,11.6,3.141666666666667,77.875,1.9291666666666665,0.0,0.0,1017.4916666666668,999.6125,12.416666666666666,1.89,0.2458333333333333,9.5,20.7,66.875,94.5,19.1,7.558333333333334,7.841666666666666,0.3266666666666666,0.3352083333333333,170.66666666666666,124.54166666666669,46.125,270.90416666666664,170.66666666666666,270.3583333333333
2021-03-09,42.7375,82.9,17.1,23:00:00,13:00:00,38.208333333333336,82.0,2.0,15:00:00,23:00:00,3.7708333333333335,5.1,3.0,22:00:00,02:00:00,42.7125,63.2,24.2,00:00:00,12:00:00,52.32916666666667,72.6,29.6,01:00:00,14:00:00,45.183680555555554,53.85746527777778,4,2,1,1,4,4,7.158333333333332,2.6,12.1,4.5125,74.16666666666667,2.4125,0.2,0.2,1015.7666666666668,997.9916666666668,36.083333333333336,1.92,0.3083333333333333,12.2,20.0,90.125,112.83333333333331,26.6,8.404166666666667,8.299999999999999,0.3242916666666667,0.333625,168.33333333333334,120.58333333333331,47.75,244.45,168.33333333333334,273.6875
2021-03-10,48.17916666666667,80.9,22.9,22:00:00,15:00:00,27.416666666666668,74.0,0.0,16:00:00,07:00:00,4.433333333333334,5.9,3.4,09:00:00,03:00:00,40.29583333333333,57.1,21.7,01:00:00,16:00:00,45.7375,62.7,26.6,01:00:00,15:00:00,41.90295138888889,49.550868055555554,4,2,1,1,4,3,7.408333333333334,1.7,13.5,4.958333333333333,70.91666666666667,1.9,0.0,0.0,1018.1791666666668,1000.3958333333334,5.916666666666667,2.24,0.36,10.3,20.5,125.25,156.5,16.9,8.450000000000001,8.5,0.32225,0.3315833333333333,190.83333333333331,155.25,35.583333333333336,322.9208333333333,190.83333333333331,277.03333333333336
2021-03-11,65.05416666666666,81.4,52.1,19:00:00,15:00:00,10.291666666666666,40.0,0.0,15:00:00,01:00:00,4.9750000000000005,5.9,4.3,15:00:00,02:00:00,50.03333333333333,60.4,34.2,02:00:00,16:00:00,61.44166666666666,75.9,43.6,21:00:00,17:00:00,44.7046875,52.05711805555556,4,2,1,1,4,4,7.470833333333334,2.6,11.9,5.141666666666667,72.0,2.583333333333333,0.0,0.0,1018.4,1000.6125,78.125,1.16,0.3145833333333333,7.6,12.6,61.375,72.33333333333333,14.8,8.166666666666666,8.404166666666667,0.3092083333333333,0.3260416666666667,80.33333333333333,17.958333333333332,62.375,35.75416666666667,80.33333333333333,280.3833333333333
2021-03-12,46.23333333333333,74.6,19.7,00:00:00,15:00:00,28.75,78.0,0.0,17:00:00,00:00:00,4.695833333333334,6.8,3.4,09:00:00,19:00:00,33.1875,58.9,9.3,00:00:00,15:00:00,42.1125,72.7,14.5,00:00:00,19:00:00,45.276388888888896,56.67083333333334,4,2,1,1,4,4,10.204166666666667,4.9,15.4,8.475,78.0,6.195833333333333,0.1,0.1,1012.5625,995.0333333333332,32.958333333333336,2.2,0.3225,10.3,22.7,267.7916666666667,258.0833333333333,21.2,10.5875,9.379166666666666,0.30375,0.3216666666666667,178.33333333333334,129.375,48.958333333333336,261.45416666666665,178.33333333333334,283.7333333333333
2021-03-13,38.9,62.4,17.3,23:00:00,15:00:00,32.041666666666664,82.0,1.0,16:00:00,04:00:00,4.4750000000000005,5.4,3.7,19:00:00,00:00:00,25.570833333333336,48.5,14.8,23:00:00,16:00:00,34.24166666666667,57.5,20.6,23:00:00,15:00:00,23.14826388888889,32.20034722222223,3,1,1,1,3,2,9.779166666666669,5.1,14.5,8.104166666666666,81.08333333333333,6.345833333333334,0.0,0.0,1012.05,994.525,44.29166666666666,2.1,0.2725,9.0,16.6,147.5,116.125,20.2,10.591666666666669,9.7875,0.2860416666666666,0.31375,170.875,117.25,53.625,219.89166666666665,170.875,287.07916666666665
2021-03-14,21.48333333333333,63.1,4.7,00:00:00,15:00:00,53.458333333333336,84.0,9.0,15:00:00,00:00:00,3.1333333333333333,4.7,1.6,05:00:00,13:00:00,18.35833333333333,52.5,2.4,03:00:00,14:00:00,23.5125,62.4,5.3,01:00:00,12:00:00,27.14583333333333,33.94722222222222,4,1,2,1,4,2,8.858333333333333,4.0,13.7,3.883333333333333,49.66666666666666,-3.170833333333333,0.0,0.0,1009.3583333333332,991.8125,6.541666666666667,3.51,0.6408333333333334,33.1,45.6,311.2083333333333,285.6666666666667,61.2,9.7,9.6125,0.278875,0.3112499999999999,203.54166666666663,165.29166666666666,38.25,333.40416666666664,203.54166666666663,290.40833333333336
2021-03-15,22.879166666666663,43.4,10.2,08:00:00,14:00:00,53.25,81.0,9.0,16:00:00,07:00:00,3.7541666666666655,6.1,2.6,10:00:00,22:00:00,9.108333333333333,15.1,3.6,08:00:00,16:00:00,12.175,21.1,6.6,08:00:00,15:00:00,9.588541666666666,12.912326388888888,2,1,2,1,1,1,8.079166666666667,1.1,14.8,3.8958333333333335,48.958333333333336,-2.6375,0.0,0.0,1011.9458333333332,994.3083333333334,2.6666666666666665,3.23,0.6195833333333334,17.6,34.6,296.0,304.7083333333333,36.0,9.0,9.016666666666667,0.27,0.3025833333333333,203.08333333333331,164.08333333333334,39.0,332.5125,203.08333333333331,293.75416666666666
2021-03-16,14.983333333333334,28.1,7.0,08:00:00,13:00:00,71.625,85.0,55.0,15:00:00,08:00:00,2.533333333333333,3.6,1.7,20:00:00,02:00:00,5.675,14.0,2.1,23:00:00,13:00:00,8.1625,18.9,4.2,22:00:00,03:00:00,6.329166666666667,9.01996527777778,2,1,2,1,1,1,9.495833333333334,5.9,14.5,3.333333333333333,27.95833333333333,-8.345833333333333,0.0,0.0,1016.5958333333332,998.9666666666668,4.958333333333333,4.58,0.87875,29.5,44.5,340.9583333333333,299.6666666666667,54.7,10.0375,9.704166666666667,0.2533333333333333,0.2851666666666666,213.54166666666663,177.20833333333334,36.333333333333336,356.4208333333333,213.54166666666663,297.07916666666665
2021-03-17,27.512500000000003,64.7,13.3,08:00:00,02:00:00,55.25,79.0,2.0,16:00:00,07:00:00,3.8041666666666663,6.7,2.6,09:00:00,19:00:00,9.875,16.0,3.4,08:00:00,15:00:00,12.741666666666667,23.0,4.6,09:00:00,17:00:00,8.895138888888889,11.965625,2,1,2,1,1,1,8.683333333333334,3.7,14.5,4.154166666666667,34.125,-6.845833333333334,0.0,0.0,1016.6625,998.9708333333332,29.08333333333333,3.47,0.78375,21.2,36.8,232.0,189.125,39.6,9.733333333333333,9.491666666666667,0.239375,0.2735416666666667,184.45833333333331,126.83333333333331,57.625,255.9125,184.45833333333331,300.40000000000003
2021-03-18,30.804166666666664,64.5,13.3,22:00:00,14:00:00,49.625,77.0,11.0,14:00:00,23:00:00,3.7458333333333336,4.7,2.8,07:00:00,15:00:00,14.579166666666666,36.3,7.4,23:00:00,14:00:00,17.916666666666668,43.9,9.8,22:00:00,14:00:00,11.040104166666666,13.744270833333331,2,1,1,1,2,1,6.183333333333334,3.0,9.7,2.3291666666666666,54.458333333333336,-2.5375,0.4,0.4,1017.7125,999.8541666666666,22.916666666666668,2.33,0.4470833333333333,15.1,25.5,71.375,80.45833333333333,33.1,8.833333333333334,9.241666666666667,0.2500416666666666,0.2795416666666667,175.91666666666666,121.0,54.91666666666666,246.52916666666667,175.91666666666666,303.7
2021-03-19,34.108333333333334,59.1,12.3,00:00:00,13:00:00,42.625,78.0,6.0,15:00:00,00:00:00,3.675,4.2,3.2,20:00:00,04:00:00,22.40833333333333,40.7,14.0,22:00:00,12:00:00,25.89583333333333,39.8,17.5,23:00:00,16:00:00,19.231944444444444,22.977951388888886,2,1,1,1,2,2,5.3500000000000005,2.1,9.8,1.8208333333333333,65.29166666666667,-1.0583333333333331,0.1,0.1,1016.0583333333334,998.1666666666666,43.16666666666666,2.06,0.3433333333333333,12.2,25.2,68.58333333333333,76.33333333333333,29.9,7.641666666666667,8.283333333333333,0.2545416666666666,0.2775416666666667,179.75,116.66666666666669,63.083333333333336,232.10416666666663,179.75,306.9833333333333
2021-03-20,32.90833333333333,50.9,10.8,02:00:00,15:00:00,43.16666666666666,88.0,1.0,16:00:00,07:00:00,3.525,4.4,2.8,10:00:00,17:00:00,25.441666666666663,38.6,12.5,01:00:00,16:00:00,28.504166666666663,41.3,15.1,01:00:00,17:00:00,25.580381944444444,28.65017361111111,4,1,1,1,4,2,5.241666666666666,0.6,10.7,1.975,62.54166666666666,-2.2125,0.3,0.3,1018.5333333333332,1000.6,14.708333333333334,2.41,0.3854166666666667,9.7,20.2,166.33333333333334,149.625,22.3,7.408333333333334,7.879166666666666,0.254125,0.2759166666666667,208.0,159.41666666666666,48.583333333333336,311.925,208.0,310.2291666666667
2021-03-21,22.8125,48.8,9.3,21:00:00,14:00:00,57.708333333333336,84.0,29.0,15:00:00,07:00:00,3.5375,4.6,3.0,21:00:00,11:00:00,17.599999999999998,27.9,10.1,01:00:00,12:00:00,21.154166666666665,39.5,12.8,21:00:00,12:00:00,20.6984375,24.06631944444445,3,1,2,1,3,2,4.383333333333334,-0.4,9.0,0.6625,53.375,-4.795833333333333,0.0,0.0,1016.6666666666666,998.7041666666668,14.333333333333334,2.44,0.4191666666666667,11.5,18.9,128.04166666666666,137.16666666666666,25.6,7.016666666666667,7.6125,0.2392916666666666,0.2630416666666667,212.66666666666663,166.45833333333334,46.208333333333336,316.21250000000003,212.66666666666663,313.47083333333336
2021-03-22,42.18333333333333,68.9,18.0,07:00:00,15:00:00,32.666666666666664,77.0,3.0,16:00:00,08:00:00,4.079166666666667,6.2,3.0,09:00:00,22:00:00,11.625,21.9,4.6,23:00:00,15:00:00,16.150000000000002,31.2,7.6,23:00:00,15:00:00,13.685416666666669,17.528125,2,2,1,1,2,1,7.595833333333334,-0.5,15.7,3.6916666666666655,46.75,-4.054166666666666,0.0,0.0,1013.275,995.5708333333332,16.208333333333332,3.27,0.6583333333333333,18.8,34.3,45.625,72.375,32.0,7.870833333333334,7.4875,0.2362916666666666,0.2640833333333333,211.41666666666663,157.91666666666666,53.5,295.7,211.41666666666663,316.675
2021-03-23,31.77916666666667,61.3,12.1,21:00:00,13:00:00,52.16666666666666,87.0,19.0,16:00:00,00:00:00,3.5041666666666664,4.4,3.0,21:00:00,12:00:00,20.8,35.8,12.7,23:00:00,13:00:00,27.09583333333333,46.5,15.5,23:00:00,13:00:00,16.108333333333334,21.64357638888889,2,1,2,1,2,2,8.016666666666667,3.7,13.3,4.4875,52.708333333333336,-1.3125,0.0,0.0,1021.9416666666666,1004.1208333333334,8.916666666666666,3.03,0.5408333333333334,15.1,29.5,101.91666666666669,113.54166666666669,26.6,9.475,8.883333333333333,0.23675,0.269375,221.45833333333331,180.83333333333331,40.625,343.18333333333334,221.45833333333331,319.85
2021-03-24,50.21666666666667,79.4,18.1,21:00:00,14:00:00,41.91666666666666,103.0,0.0,17:00:00,03:00:00,4.879166666666666,7.5,3.5,09:00:00,00:00:00,40.50833333333333,62.3,19.2,06:00:00,15:00:00,48.78333333333333,71.4,26.6,08:00:00,13:00:00,34.05399305555556,41.11388888888889,4,2,1,1,4,3,9.508333333333333,1.6,16.3,7.279166666666666,62.41666666666666,2.245833333333333,0.0,0.0,1022.5666666666666,1004.8333333333334,0.0416666666666666,2.81,0.5120833333333333,11.4,23.7,176.83333333333334,192.5,19.4,9.633333333333333,9.141666666666667,0.2448749999999999,0.2778333333333334,224.45833333333331,185.125,39.333333333333336,350.1541666666667,224.45833333333331,322.99583333333334
2021-03-25,43.3625,66.1,21.2,08:00:00,23:00:00,50.25,107.0,0.0,17:00:00,06:00:00,4.870833333333333,6.4,2.4,08:00:00,23:00:00,37.48333333333333,54.7,26.1,04:00:00,23:00:00,46.208333333333336,68.1,33.8,05:00:00,14:00:00,37.851909722222224,46.934375,4,2,2,1,4,3,10.35,2.7,17.1,8.483333333333333,72.04166666666667,4.925,0.0,0.0,1021.7,1004.025,7.166666666666667,2.85,0.4508333333333333,13.4,27.2,233.75,224.83333333333331,23.0,11.004166666666668,10.020833333333334,0.2397916666666666,0.272375,220.25,171.91666666666666,48.333333333333336,325.09583333333336,220.25,326.1083333333333
2021-03-26,28.729166666666668,56.9,19.1,08:00:00,00:00:00,66.25,110.0,5.0,16:00:00,07:00:00,3.075,4.0,2.3,03:00:00,16:00:00,26.70833333333333,35.2,19.4,08:00:00,20:00:00,34.8875,40.7,26.8,08:00:00,21:00:00,30.97986111111111,39.14201388888889,4,1,2,1,4,2,11.25,4.6,17.1,9.6,74.79166666666667,6.458333333333333,0.0,0.0,1023.4125,1005.7541666666666,26.58333333333333,2.88,0.4116666666666666,13.1,26.4,244.70833333333331,231.95833333333331,22.7,12.154166666666669,10.895833333333334,0.2448749999999999,0.2760416666666667,214.875,160.25,54.625,285.2625,214.875,329.1791666666667
2021-03-27,29.6,46.6,18.7,08:00:00,02:00:00,55.375,83.0,25.0,16:00:00,07:00:00,3.091666666666667,3.8,2.6,09:00:00,18:00:00,22.90833333333333,29.0,13.5,07:00:00,15:00:00,32.175000000000004,44.7,19.6,04:00:00,16:00:00,24.763541666666665,34.660069444444446,3,1,2,1,3,2,12.0375,9.7,15.1,10.783333333333331,77.54166666666667,8.1625,0.2,0.2,1024.4375,1006.8291666666668,78.29166666666667,1.5,0.3279166666666667,11.6,23.8,235.54166666666663,225.5,25.9,12.525,11.645833333333334,0.2483333333333333,0.2755833333333333,102.45833333333331,41.625,60.833333333333336,84.1875,102.45833333333331,332.21250000000003
2021-03-28,22.91304347826087,49.4,9.0,23:00:00,17:00:00,58.69565217391305,101.0,5.0,17:00:00,08:00:00,3.082608695652174,3.7,2.5,09:00:00,18:00:00,19.35652173913044,32.3,14.6,23:00:00,12:00:00,26.12608695652174,37.7,22.0,23:00:00,12:00:00,20.142572463768115,27.06503623188405,3,1,2,1,3,2,12.708695652173914,7.8,17.7,11.130434782608695,74.95652173913044,8.060869565217391,0.2,0.2,1029.986956521739,1012.3086956521738,36.65217391304348,2.2,0.4191304347826087,11.4,24.1,256.4782608695652,249.6086956521739,21.6,12.826086956521738,11.713043478260868,0.2511739130434782,0.2765652173913043,160.91304347826087,97.0,63.91304347826087,194.45652173913044,160.91304347826087,349.7782608695652
2021-03-29,39.62083333333333,60.6,15.9,09:00:00,16:00:00,46.625,106.0,2.0,17:00:00,07:00:00,3.595833333333333,5.6,2.7,11:00:00,01:00:00,31.5,45.0,14.8,09:00:00,16:00:00,38.9125,54.5,23.0,23:00:00,16:00:00,27.82239583333333,33.604687500000004,4,1,1,1,4,2,12.995833333333332,5.4,20.4,11.745833333333332,72.20833333333333,7.575,0.0,0.0,1032.4208333333331,1014.7333333333332,7.375,3.2,0.5216666666666666,10.7,17.6,190.875,200.83333333333331,18.0,13.554166666666667,12.129166666666668,0.2526666666666666,0.2705416666666667,230.375,187.875,42.5,343.8541666666667,230.375,338.1625
2021-03-30,44.95416666666667,71.3,23.8,09:00:00,17:00:00,56.75,125.0,2.0,18:00:00,07:00:00,3.4375,5.3,2.5,11:00:00,07:00:00,49.25833333333333,64.6,34.0,11:00:00,18:00:00,57.575,70.2,39.9,23:00:00,18:00:00,39.743229166666666,48.51510416666667,4,2,2,1,4,3,14.620833333333332,7.3,21.5,13.841666666666669,70.75,8.879166666666666,0.0,0.0,1030.6791666666666,1013.125,6.666666666666667,3.36,0.59375,8.6,13.9,106.54166666666669,136.25,14.4,14.591666666666669,12.979166666666666,0.2368333333333333,0.2621666666666666,232.25,189.875,42.375,344.8458333333333,232.25,341.09166666666664
2021-03-31,45.49583333333334,73.8,18.0,09:00:00,17:00:00,66.16666666666667,146.0,4.0,17:00:00,08:00:00,3.4291666666666667,4.9,2.4,10:00:00,05:00:00,58.67916666666667,70.7,34.7,08:00:00,18:00:00,63.4125,76.2,46.4,23:00:00,17:00:00,55.33767361111112,61.38819444444445,5,2,2,1,5,4,16.266666666666666,8.6,22.7,15.7125,66.41666666666667,9.2125,0.0,0.0,1025.35,1007.9625,1.2916666666666667,3.43,0.7708333333333334,6.6,15.2,144.45833333333334,140.625,17.6,15.466666666666669,13.808333333333332,0.2365416666666666,0.267125,235.16666666666663,193.54166666666663,41.625,350.7291666666667,235.16666666666663,344.01666666666665
2021-04-01,42.30416666666667,77.5,16.3,00:00:00,17:00:00,63.833333333333336,134.0,3.0,16:00:00,08:00:00,4.5375000000000005,8.3,2.8,12:00:00,00:00:00,42.12916666666667,73.6,10.9,07:00:00,22:00:00,48.275,75.7,18.5,07:00:00,22:00:00,54.09809027777778,60.414409722222224,5,2,2,1,5,4,16.224999999999998,8.3,24.2,14.991666666666667,62.91666666666666,8.166666666666666,0.0,0.0,1018.2958333333332,1001.0416666666666,9.708333333333334,3.93,0.8591666666666667,14.5,29.6,269.8333333333333,225.70833333333331,25.6,15.991666666666667,14.3375,0.2286666666666666,0.2619166666666667,234.875,186.0,48.875,331.175,234.875,346.9041666666667
2021-04-02,22.979166666666668,46.2,13.0,09:00:00,16:00:00,73.45833333333333,113.0,16.0,17:00:00,08:00:00,4.325,7.5,2.9,11:00:00,18:00:00,17.404166666666665,25.6,12.0,10:00:00,22:00:00,26.1125,36.0,19.1,15:00:00,02:00:00,23.602951388888886,30.281770833333336,3,1,2,1,3,2,16.466666666666665,10.7,24.7,14.054166666666667,55.875,7.116666666666667,0.0,0.0,1012.7875,995.6375,1.375,4.49,0.935,20.4,30.0,258.0,252.54166666666663,38.2,16.6375,15.029166666666669,0.2202083333333333,0.2562083333333333,239.79166666666663,197.20833333333331,42.583333333333336,351.4083333333333,239.79166666666663,349.7875
2021-04-03,14.908333333333331,34.2,8.9,09:00:00,15:00:00,84.33333333333333,102.0,59.0,15:00:00,09:00:00,3.3166666666666664,5.0,1.6,05:00:00,17:00:00,13.325,18.9,9.0,09:00:00,19:00:00,19.066666666666663,24.3,13.2,10:00:00,19:00:00,15.232291666666669,23.35052083333333,2,1,2,1,2,2,13.9125,9.5,18.7,10.829166666666666,64.16666666666667,7.0625,0.7,0.7,1011.4,994.125,26.70833333333333,3.24,0.6008333333333333,22.9,35.3,166.125,166.16666666666666,47.2,15.404166666666669,14.933333333333332,0.2096249999999999,0.2474999999999999,190.08333333333331,127.91666666666669,62.16666666666666,241.6,190.08333333333331,352.6666666666667
2021-04-04,12.558333333333332,22.5,7.4,21:00:00,14:00:00,75.95833333333333,95.0,58.0,18:00:00,08:00:00,2.1791666666666667,2.6,1.8,08:00:00,13:00:00,11.7875,21.6,7.0,23:00:00,13:00:00,16.191666666666666,28.8,10.3,22:00:00,14:00:00,12.153993055555556,16.90173611111111,2,1,2,1,2,1,11.829166666666666,9.0,15.2,8.65,51.333333333333336,1.8583333333333332,0.0,0.0,1018.0333333333332,1000.5208333333334,43.625,2.77,0.69875,14.9,27.4,100.0,105.375,26.6,13.829166666666666,13.825,0.208125,0.2489583333333333,151.70833333333334,74.875,76.83333333333333,145.75416666666666,151.70833333333334,355.65000000000003
2021-04-05,14.983333333333334,32.2,9.1,08:00:00,16:00:00,76.08333333333333,101.0,41.0,16:00:00,08:00:00,2.966666666666667,4.0,2.1,17:00:00,05:00:00,16.162499999999998,28.7,8.4,01:00:00,19:00:00,19.8375,31.6,12.0,01:00:00,20:00:00,15.822222222222225,19.91927083333333,2,1,2,1,2,1,10.795833333333334,5.3,17.3,7.516666666666667,50.41666666666666,0.6541666666666667,0.0,0.0,1012.9916666666668,995.5,16.958333333333332,3.66,0.6841666666666667,19.6,33.3,146.45833333333334,151.29166666666666,34.2,12.933333333333332,12.779166666666669,0.2115416666666666,0.2539166666666667,234.45833333333331,168.5,65.95833333333333,289.85,234.45833333333331,358.6166666666666
2021-04-06,16.166666666666668,29.1,8.2,08:00:00,14:00:00,73.08333333333333,105.0,39.0,13:00:00,06:00:00,2.6750000000000003,3.7,1.5,02:00:00,11:00:00,7.7375,14.1,2.6,23:00:00,08:00:00,12.475,19.8,5.3,23:00:00,07:00:00,9.97829861111111,14.252430555555556,2,1,2,1,1,1,8.783333333333333,2.7,14.1,3.920833333333333,54.333333333333336,-2.6875,4.7,4.7,1005.2416666666668,987.7625,23.666666666666668,3.75,0.58,38.6,53.4,252.5,252.91666666666663,69.8,11.758333333333333,12.65,0.2142083333333333,0.2508333333333333,247.70833333333331,200.29166666666663,47.41666666666666,334.8541666666667,247.70833333333331,361.5541666666666
2021-04-07,19.570833333333333,41.1,7.3,08:00:00,16:00:00,62.0,89.0,19.0,15:00:00,08:00:00,2.6375,3.8,1.4,06:00:00,18:00:00,8.8125,17.6,2.6,01:00:00,15:00:00,12.691666666666668,22.4,4.9,00:00:00,15:00:00,8.934548611111111,13.209375,2,1,2,1,1,1,5.770833333333333,1.5,10.7,0.8458333333333333,48.5,-7.345833333333334,0.0,0.0,1016.2666666666668,998.4,27.041666666666668,3.26,0.5479166666666667,28.7,38.5,226.375,234.66666666666663,54.0,8.216666666666667,10.0125,0.226125,0.249375,232.875,156.375,76.5,276.6625,232.875,364.45
2021-04-08,27.691666666666663,63.8,11.2,08:00:00,16:00:00,61.208333333333336,102.0,6.0,18:00:00,07:00:00,3.4250000000000003,5.1,2.6,22:00:00,03:00:00,10.45,15.7,7.3,23:00:00,12:00:00,16.070833333333333,28.2,11.9,09:00:00,02:00:00,9.071006944444443,13.663194444444445,2,1,2,1,1,1,7.941666666666666,0.3,14.9,4.25,40.0,-5.366666666666667,0.0,0.0,1023.9,1006.0375,0.375,3.73,0.7062499999999999,15.9,29.5,273.9583333333333,280.0416666666667,27.4,9.566666666666666,9.420833333333333,0.2102499999999999,0.2305416666666666,264.4583333333333,218.125,46.333333333333336,382.0958333333333,264.4583333333333,367.3625
2021-04-09,33.670833333333334,68.2,18.6,08:00:00,00:00:00,55.458333333333336,90.0,6.0,17:00:00,08:00:00,3.633333333333333,4.9,2.7,10:00:00,18:00:00,17.0,28.7,6.6,09:00:00,16:00:00,25.10833333333333,42.0,14.9,09:00:00,17:00:00,14.89826388888889,22.326215277777777,2,1,2,1,2,2,9.604166666666666,4.7,13.5,6.933333333333334,64.0,2.8041666666666667,0.0,0.0,1025.7708333333333,1007.9916666666668,55.5,2.32,0.4704166666666667,14.9,28.0,227.95833333333331,212.16666666666663,27.7,10.8875,10.491666666666667,0.2015,0.2333333333333333,156.41666666666666,75.41666666666667,81.0,124.825,156.41666666666666,370.4333333333333
2021-04-10,26.15,47.7,14.1,08:00:00,01:00:00,64.41666666666667,88.0,14.0,13:00:00,08:00:00,3.5125,4.6,2.7,07:00:00,15:00:00,14.35,22.1,9.8,08:00:00,14:00:00,20.1625,27.4,15.4,08:00:00,12:00:00,14.363888888888887,20.99114583333333,2,1,2,1,2,2,10.804166666666667,6.8,15.3,8.595833333333333,64.08333333333333,4.045833333333333,2.2,2.2,1022.0333333333332,1004.3833333333332,75.33333333333333,2.18,0.4854166666666666,10.4,23.1,217.54166666666663,210.16666666666663,19.8,12.004166666666668,11.345833333333331,0.197125,0.229375,141.33333333333334,77.45833333333333,63.875,135.05416666666667,141.33333333333334,373.4916666666666
2021-04-11,20.90833333333333,31.6,15.3,00:00:00,05:00:00,55.333333333333336,74.0,41.0,17:00:00,04:00:00,2.2583333333333333,3.0,1.8,00:00:00,06:00:00,11.245833333333332,22.1,5.6,23:00:00,12:00:00,15.633333333333333,30.7,8.9,00:00:00,12:00:00,13.39826388888889,18.600868055555555,2,1,2,1,2,1,9.841666666666669,9.0,11.1,7.8625,84.41666666666667,7.270833333333333,17.8,17.8,1018.6333333333332,1000.9791666666666,100.0,0.92,0.19375,14.8,25.1,62.5,66.70833333333333,25.6,10.466666666666669,10.954166666666666,0.3589583333333333,0.2566666666666666,56.375,2.708333333333333,53.66666666666666,4.441666666666666,56.375,376.5125
2021-04-12,24.95833333333333,43.0,13.2,09:00:00,03:00:00,45.54166666666666,61.0,29.0,00:00:00,09:00:00,2.3125,3.0,1.6,10:00:00,02:00:00,13.295833333333334,24.9,2.8,04:00:00,17:00:00,17.108333333333334,33.0,4.3,08:00:00,17:00:00,14.199131944444446,18.44861111111111,2,1,1,1,2,1,9.733333333333333,7.9,11.9,7.158333333333334,77.5,5.629166666666666,13.7,13.7,1016.5375,998.9125,97.20833333333331,1.31,0.27125,23.4,37.8,228.66666666666663,208.45833333333331,40.0,10.1625,10.633333333333333,0.380875,0.3032499999999999,58.125,9.041666666666666,49.083333333333336,16.808333333333334,58.125,379.4666666666667
2021-04-13,20.883333333333333,35.4,10.5,09:00:00,02:00:00,65.875,90.0,42.0,17:00:00,08:00:00,2.4166666666666665,3.2,1.6,10:00:00,20:00:00,6.991666666666667,15.5,3.8,23:00:00,02:00:00,9.033333333333331,17.8,5.0,22:00:00,01:00:00,7.203472222222222,9.734027777777778,2,1,2,1,1,1,9.354166666666666,6.1,14.8,5.058333333333334,44.29166666666666,-2.875,0.4,0.4,1019.7166666666668,1002.0208333333334,46.333333333333336,3.39,0.6804166666666666,24.2,41.9,241.875,247.08333333333331,40.7,10.0375,10.0,0.3501666666666667,0.322875,173.95833333333334,117.04166666666669,56.91666666666666,216.53333333333333,173.95833333333334,382.39166666666665
2021-04-14,27.8375,52.5,12.8,08:00:00,16:00:00,56.91666666666666,97.0,5.0,17:00:00,07:00:00,2.5125,3.5,1.8,08:00:00,14:00:00,16.958333333333332,28.2,10.2,23:00:00,14:00:00,20.67083333333333,30.9,14.3,23:00:00,15:00:00,12.751388888888888,15.825694444444444,2,1,2,1,2,1,8.370833333333334,2.6,12.8,5.329166666666667,64.75,1.1708333333333334,0.3,0.3,1022.8791666666666,1005.0666666666666,25.625,2.86,0.4541666666666666,13.4,24.2,59.25,69.83333333333333,24.1,10.3125,10.170833333333333,0.324,0.3205,223.125,152.375,70.75,272.49583333333334,223.125,385.2625
2021-04-15,23.041666666666668,38.3,13.5,23:00:00,16:00:00,68.83333333333333,91.0,43.0,16:00:00,23:00:00,2.6625,3.4,2.0,06:00:00,16:00:00,18.17083333333333,28.3,12.1,01:00:00,15:00:00,22.3,33.8,15.1,00:00:00,18:00:00,18.337847222222223,22.181597222222223,2,1,2,1,2,2,7.2,4.5,9.9,3.716666666666667,71.54166666666667,2.3125,2.8000000000000003,2.8000000000000003,1022.2208333333332,1004.35,62.708333333333336,1.7,0.2966666666666667,18.4,25.9,54.625,62.41666666666666,38.5,9.25,10.15,0.3252916666666667,0.319,121.04166666666669,32.833333333333336,88.20833333333333,68.17083333333333,121.04166666666669,388.0875
2021-04-16,34.2125,66.4,13.5,23:00:00,13:00:00,56.333333333333336,99.0,7.0,17:00:00,07:00:00,2.958333333333333,4.5,2.1,09:00:00,16:00:00,21.866666666666664,42.0,13.2,23:00:00,12:00:00,25.775,45.7,18.7,23:00:00,12:00:00,19.367708333333333,23.151909722222225,2,1,2,1,2,2,8.204166666666667,3.6,12.8,5.183333333333334,61.875,0.6958333333333333,0.1,0.1,1020.2375,1002.4583333333334,48.66666666666666,2.81,0.4691666666666667,13.8,21.0,89.83333333333333,93.08333333333331,30.6,9.575,9.4875,0.3164583333333333,0.3151666666666666,219.54166666666663,130.83333333333334,88.70833333333333,193.44583333333333,219.54166666666663,390.94166666666666
2021-04-17,35.075,70.3,12.2,01:00:00,16:00:00,57.54166666666666,116.0,5.0,18:00:00,01:00:00,2.904166666666667,3.9,2.0,01:00:00,18:00:00,33.108333333333334,55.1,21.9,02:00:00,17:00:00,37.04166666666666,59.2,23.6,03:00:00,17:00:00,30.36423611111111,34.65850694444445,4,1,2,1,4,2,8.579166666666667,1.7,13.6,5.979166666666667,64.5,1.7958333333333334,0.1,0.1,1016.8958333333334,999.1958333333332,19.0,3.1,0.4579166666666667,9.4,17.6,85.33333333333333,127.41666666666669,23.4,10.416666666666666,10.054166666666667,0.2985833333333333,0.307125,249.54166666666663,182.66666666666663,66.875,303.4208333333333,249.54166666666663,393.75416666666666
2021-04-18,25.925,44.1,10.0,00:00:00,14:00:00,66.75,99.0,35.0,15:00:00,03:00:00,2.404166666666667,3.0,1.9,09:00:00,17:00:00,27.379166666666663,47.4,17.9,03:00:00,11:00:00,31.65416666666667,49.3,22.7,02:00:00,12:00:00,29.141493055555557,33.07170138888889,4,1,2,1,4,2,9.7,6.4,14.1,7.3875,68.08333333333333,3.875,0.9,0.9,1016.625,999.0,40.583333333333336,2.8000000000000003,0.4104166666666666,11.6,20.0,77.79166666666667,96.16666666666669,24.8,11.283333333333331,10.770833333333334,0.2942083333333333,0.302625,219.83333333333331,143.5,76.33333333333333,227.15833333333333,219.83333333333331,396.51666666666665
2021-04-19,34.829166666666666,61.8,15.3,08:00:00,16:00:00,52.54166666666666,96.0,2.0,19:00:00,07:00:00,2.825,4.0,2.1,09:00:00,00:00:00,32.02916666666667,43.5,17.9,23:00:00,18:00:00,36.7375,47.5,21.2,09:00:00,19:00:00,29.125173611111112,34.20538194444445,4,1,2,1,4,2,10.191666666666666,6.0,14.9,8.204166666666667,70.625,4.691666666666667,0.2,0.2,1016.4958333333334,998.9125,36.66666666666666,3.06,0.4141666666666666,11.3,17.5,134.375,140.04166666666666,31.0,11.991666666666667,11.3125,0.2770833333333333,0.299875,239.20833333333331,165.58333333333334,73.625,274.9583333333333,239.20833333333331,399.2416666666666
2021-04-20,35.141666666666666,58.7,13.7,00:00:00,15:00:00,61.833333333333336,118.0,3.0,17:00:00,07:00:00,3.733333333333333,5.4,2.5,11:00:00,17:00:00,30.004166666666663,45.9,11.6,08:00:00,20:00:00,34.5,58.2,16.7,01:00:00,17:00:00,33.50694444444444,37.69618055555556,4,1,2,1,4,2,11.45,4.9,18.4,9.3,63.625,3.9583333333333335,0.1,0.1,1015.0166666666668,997.525,9.583333333333334,3.85,0.6004166666666667,15.5,27.9,232.58333333333331,237.20833333333331,31.7,12.7375,11.729166666666666,0.258375,0.2932083333333333,271.7916666666667,215.29166666666663,56.5,353.8541666666667,271.7916666666667,401.94166666666666
2021-04-21,25.008333333333336,64.2,13.4,08:00:00,15:00:00,78.70833333333333,111.0,10.0,15:00:00,07:00:00,3.275,6.5,2.5,10:00:00,06:00:00,20.104166666666668,33.9,7.5,08:00:00,18:00:00,25.254166666666663,39.5,10.4,08:00:00,18:00:00,22.435590277777777,27.42517361111111,3,1,2,1,3,2,12.0625,7.4,17.1,10.095833333333331,68.91666666666667,6.079166666666667,0.1,0.1,1017.4625,999.9625,44.125,2.98,0.4970833333333333,16.4,21.3,277.8333333333333,268.125,32.4,13.245833333333335,12.408333333333331,0.239375,0.2818333333333333,210.91666666666663,109.66666666666669,101.25,189.6208333333333,210.91666666666663,404.6
2021-04-22,27.77916666666667,46.7,17.6,08:00:00,15:00:00,69.08333333333333,116.0,6.0,19:00:00,07:00:00,2.575,4.0,2.0,11:00:00,01:00:00,21.979166666666668,33.0,12.2,23:00:00,18:00:00,27.0,40.0,16.0,23:00:00,15:00:00,20.897743055555555,25.68263888888889,3,1,2,1,3,2,12.991666666666667,8.1,18.5,11.5875,68.0,6.754166666666666,0.1,0.1,1018.725,1001.2583333333332,16.75,3.67,0.5529166666666666,10.0,23.2,214.33333333333331,220.91666666666663,16.2,14.191666666666668,12.629166666666668,0.2319166666666666,0.2750833333333333,264.625,203.79166666666663,60.833333333333336,340.07916666666665,264.625,407.2291666666667
2021-04-23,30.85,51.7,13.7,08:00:00,15:00:00,78.5,132.0,17.0,17:00:00,07:00:00,2.2833333333333337,3.0,1.8,11:00:00,17:00:00,29.89583333333333,44.0,20.8,03:00:00,17:00:00,34.86666666666667,48.7,27.5,06:00:00,17:00:00,26.990625,31.60190972222222,4,1,2,1,4,2,13.729166666666666,8.6,19.2,12.254166666666668,71.08333333333333,8.166666666666666,0.5,0.5,1021.6875,1004.2208333333332,10.625,3.41,0.5287499999999999,10.3,19.6,86.875,99.75,24.5,14.708333333333334,13.3625,0.226625,0.263875,243.95833333333331,179.45833333333334,64.5,303.56666666666666,243.95833333333331,409.825
2021-04-24,27.741666666666664,43.9,12.7,08:00:00,15:00:00,86.33333333333333,138.0,31.0,17:00:00,08:00:00,2.4625,3.4,1.8,10:00:00,01:00:00,28.775,36.5,17.3,02:00:00,19:00:00,34.391666666666666,42.3,26.5,23:00:00,18:00:00,28.642881944444444,33.99375,4,1,2,1,4,2,15.204166666666666,9.8,21.1,13.9375,65.41666666666667,8.0875,0.0,0.0,1021.5291666666668,1004.15,18.125,3.77,0.70125,11.0,17.7,108.0,122.5,18.4,15.733333333333334,14.079166666666666,0.2183333333333333,0.2545416666666666,244.79166666666663,166.625,78.16666666666667,281.2,244.79166666666663,412.3833333333334
2021-04-25,21.945833333333336,38.8,10.9,02:00:00,16:00:00,93.16666666666669,146.0,39.0,17:00:00,07:00:00,2.983333333333333,4.3,2.3,22:00:00,03:00:00,25.4875,42.7,8.7,03:00:00,19:00:00,32.145833333333336,53.8,13.7,02:00:00,22:00:00,29.305729166666666,36.13923611111111,4,1,2,1,4,2,16.170833333333334,9.5,23.5,14.5125,55.79166666666666,6.333333333333333,0.0,0.0,1016.4416666666666,999.2208333333332,10.416666666666666,4.71,0.95875,19.0,33.7,157.83333333333334,174.25,33.1,16.641666666666666,14.725,0.2055416666666666,0.2454999999999999,284.9166666666667,228.75,56.16666666666666,368.3375,284.9166666666667,414.9041666666667
2021-04-26,27.08333333333333,45.7,19.6,08:00:00,00:00:00,68.95833333333333,97.0,52.0,00:00:00,08:00:00,2.7125,3.8,2.0,00:00:00,21:00:00,23.008333333333336,36.4,11.7,05:00:00,00:00:00,27.90416666666667,40.3,19.9,05:00:00,00:00:00,20.97430555555556,26.832291666666663,3,1,2,1,3,2,13.475,11.0,15.9,11.370833333333332,66.66666666666667,7.029166666666666,5.0,5.0,1013.5875,996.2541666666666,80.91666666666667,1.99,0.5304166666666666,16.0,22.5,140.5,142.20833333333334,33.5,14.779166666666669,15.008333333333333,0.2017083333333333,0.2341666666666666,94.79166666666669,14.5,80.29166666666667,19.041666666666664,94.79166666666669,417.3708333333333
2021-04-27,21.34166666666667,32.0,13.1,08:00:00,04:00:00,70.875,93.0,47.0,17:00:00,08:00:00,2.225,2.6,1.7,08:00:00,00:00:00,19.58333333333333,26.5,13.3,07:00:00,18:00:00,23.2875,31.3,17.5,07:00:00,15:00:00,21.870659722222225,25.81753472222222,3,1,2,1,3,2,11.791666666666666,9.7,14.1,10.133333333333333,81.20833333333333,8.5625,4.0,4.0,1009.6208333333334,992.25,86.375,1.59,0.2749999999999999,12.6,21.7,91.41666666666669,94.20833333333331,23.8,12.929166666666667,13.383333333333333,0.2435,0.235375,105.20833333333331,18.291666666666668,86.91666666666667,30.429166666666664,105.20833333333331,419.8
2021-04-28,25.0875,39.5,16.1,21:00:00,14:00:00,63.5,93.0,28.0,16:00:00,08:00:00,2.5166666666666666,3.1,1.8,21:00:00,13:00:00,21.15,28.9,14.3,07:00:00,14:00:00,26.041666666666668,34.9,19.2,23:00:00,14:00:00,20.010590277777776,24.125520833333336,3,1,2,1,3,2,13.091666666666669,10.7,16.7,11.816666666666668,76.41666666666667,8.758333333333333,0.7,0.7,1008.8083333333334,991.5333333333332,64.95833333333333,2.15,0.3845833333333333,8.7,16.8,81.45833333333333,85.83333333333333,22.3,13.991666666666667,13.2875,0.2344583333333333,0.2371666666666666,145.33333333333334,61.79166666666666,83.54166666666667,96.49583333333334,145.33333333333334,422.19583333333327
2021-04-29,28.6,41.6,20.3,20:00:00,13:00:00,41.375,55.0,27.0,14:00:00,19:00:00,2.15,2.8,1.7,03:00:00,19:00:00,25.016666666666666,39.2,15.7,03:00:00,23:00:00,32.079166666666666,47.5,22.7,07:00:00,17:00:00,24.87048611111111,31.07777777777778,3,1,1,1,3,2,13.741666666666667,11.7,16.7,13.404166666666669,88.04166666666667,11.75,14.8,14.8,1008.9125,991.675,94.375,1.76,0.1983333333333333,11.5,14.2,117.25,99.54166666666669,37.8,14.3125,13.754166666666668,0.2838333333333333,0.2422083333333333,125.70833333333331,41.41666666666666,84.29166666666667,65.03333333333333,125.70833333333331,424.5375
2021-04-30,26.079166666666666,38.0,16.8,21:00:00,16:00:00,37.29166666666666,70.0,12.0,17:00:00,08:00:00,1.8708333333333331,2.2,1.4,20:00:00,14:00:00,14.858333333333334,24.7,10.0,01:00:00,14:00:00,18.47083333333333,30.6,11.5,01:00:00,14:00:00,18.5484375,24.08125,2,1,1,1,2,2,14.516666666666666,11.2,18.2,14.383333333333333,88.75,12.5875,11.9,11.9,1010.425,993.2,77.95833333333333,2.19,0.2075,10.1,18.3,114.20833333333331,129.75,37.8,14.95,13.970833333333331,0.362125,0.2752916666666666,158.79166666666666,60.25,98.54166666666669,98.15416666666664,158.79166666666666,426.82916666666665
2021-05-01,22.129166666666663,34.0,15.6,00:00:00,14:00:00,35.583333333333336,57.0,11.0,14:00:00,07:00:00,1.9625,2.3,1.5,06:00:00,14:00:00,14.195833333333333,18.2,8.0,02:00:00,23:00:00,17.333333333333332,22.6,10.5,01:00:00,23:00:00,14.310069444444444,17.55920138888889,2,1,1,1,2,1,14.05,11.2,18.0,13.675,89.66666666666667,12.329166666666666,16.2,16.2,1007.8416666666668,990.6333333333332,81.29166666666667,1.38,0.1770833333333333,13.7,23.6,136.875,128.45833333333334,27.4,14.258333333333333,14.033333333333331,0.3745833333333333,0.3090833333333333,91.33333333333331,24.83333333333333,66.5,47.30416666666667,91.33333333333331,429.075
2021-05-02,10.908333333333331,16.1,6.8,21:00:00,13:00:00,63.0,88.0,38.0,16:00:00,08:00:00,1.5291666666666668,2.6,1.1,08:00:00,15:00:00,4.616666666666666,8.5,2.0,00:00:00,12:00:00,6.433333333333334,10.1,3.8,00:00:00,12:00:00,8.590972222222222,10.766666666666666,2,1,2,1,1,1,15.091666666666669,10.7,20.5,12.220833333333331,59.54166666666666,6.145833333333333,5.7,5.7,1008.5833333333334,991.4166666666666,36.25,4.55,0.7795833333333334,23.2,40.0,295.5,301.625,43.6,14.941666666666665,14.045833333333334,0.3899583333333333,0.3752083333333333,266.75,200.375,66.375,304.175,266.75,431.2625
2021-05-03,18.316666666666663,33.4,11.1,23:00:00,14:00:00,72.0,105.0,39.0,18:00:00,06:00:00,1.55,2.0,1.2,21:00:00,01:00:00,11.245833333333332,24.9,5.7,23:00:00,00:00:00,14.804166666666667,29.2,7.6,23:00:00,00:00:00,6.999652777777778,9.366493055555557,2,1,2,1,1,1,13.1875,9.3,17.4,10.995833333333332,66.70833333333333,6.6875,0.1,0.1,1019.0583333333334,1001.6083333333332,25.416666666666668,3.66,0.5320833333333334,19.4,35.4,121.33333333333331,128.66666666666666,34.9,14.991666666666667,14.4,0.3563333333333333,0.3602916666666667,245.33333333333331,171.04166666666666,74.29166666666667,269.7583333333333,245.33333333333331,433.4
2021-05-04,25.05,45.0,12.0,08:00:00,16:00:00,66.20833333333333,111.0,9.0,17:00:00,07:00:00,2.708333333333333,4.3,1.8,10:00:00,00:00:00,18.495833333333334,31.2,7.1,08:00:00,18:00:00,23.975,36.6,12.9,03:00:00,19:00:00,18.51909722222222,23.368402777777774,2,1,2,1,2,2,13.354166666666666,7.5,19.2,11.645833333333334,68.70833333333333,7.15,0.1,0.1,1015.8,998.4166666666666,20.5,3.89,0.5654166666666667,16.1,28.0,229.45833333333331,244.375,32.4,14.966666666666669,14.325,0.341875,0.3479583333333333,261.5,180.125,81.375,283.8541666666667,261.5,435.4958333333333
2021-05-05,20.904166666666665,38.2,13.1,09:00:00,16:00:00,80.125,104.0,45.0,18:00:00,08:00:00,2.6875,3.8,1.8,09:00:00,19:00:00,12.033333333333331,21.8,4.2,08:00:00,23:00:00,17.837500000000002,28.0,7.3,05:00:00,21:00:00,14.071180555555555,20.273611111111112,2,1,2,1,2,2,14.045833333333334,8.1,19.3,12.108333333333334,66.375,7.245833333333334,0.8,0.8,1008.25,991.025,39.958333333333336,3.53,0.59,20.6,37.8,249.83333333333331,254.75,34.9,15.2625,14.570833333333333,0.326125,0.33525,215.04166666666663,119.54166666666669,95.5,204.6375,215.04166666666663,437.5291666666667
2021-05-06,22.641666666666666,43.5,12.3,07:00:00,14:00:00,59.54166666666666,89.0,12.0,17:00:00,07:00:00,2.4375,2.8,2.1,12:00:00,16:00:00,9.425,22.0,3.5,23:00:00,02:00:00,14.079166666666666,27.4,6.4,23:00:00,04:00:00,8.068055555555555,12.528819444444444,2,1,2,1,1,1,13.745833333333335,9.8,18.2,11.404166666666669,62.125,6.095833333333334,2.4,2.4,1009.8416666666668,992.575,47.66666666666666,3.39,0.5870833333333333,19.0,31.5,140.83333333333334,135.91666666666666,37.1,14.641666666666666,14.4875,0.312375,0.3227083333333333,205.45833333333331,117.625,87.83333333333333,179.41250000000002,205.45833333333331,439.50416666666666
2021-05-07,17.587500000000002,34.9,11.3,08:00:00,14:00:00,67.75,102.0,28.0,17:00:00,07:00:00,2.2416666666666667,3.0,1.3,10:00:00,18:00:00,10.745833333333332,24.0,2.5,00:00:00,17:00:00,14.191666666666668,27.5,5.0,00:00:00,15:00:00,13.145138888888887,17.542881944444446,2,1,2,1,2,1,16.650000000000002,12.1,23.3,14.733333333333334,61.208333333333336,7.587499999999999,2.5,2.5,1008.9291666666668,991.85,39.333333333333336,4.9,0.8649999999999999,22.3,38.7,199.25,186.91666666666663,38.5,16.704166666666666,15.179166666666667,0.3165833333333333,0.3136666666666667,273.1666666666667,195.70833333333331,77.45833333333333,301.7583333333333,273.1666666666667,441.4333333333333
2021-05-08,16.166666666666668,35.5,9.3,23:00:00,14:00:00,73.66666666666667,101.0,50.0,17:00:00,23:00:00,2.2125,3.0,1.9,01:00:00,06:00:00,7.625,18.2,3.6,23:00:00,00:00:00,11.570833333333333,23.4,6.9,23:00:00,00:00:00,6.51892361111111,9.89236111111111,2,1,2,1,1,1,14.691666666666668,9.5,19.1,12.25,54.833333333333336,5.4375,0.1,0.1,1019.0583333333334,1001.7041666666668,49.958333333333336,3.75,0.7804166666666666,16.9,27.7,138.45833333333334,146.875,33.1,16.054166666666667,15.570833333333333,0.2844166666666666,0.2995416666666666,214.41666666666663,109.70833333333331,104.70833333333331,167.725,214.41666666666663,443.2916666666667
2021-05-09,20.4875,40.6,7.8,00:00:00,16:00:00,70.5,111.0,31.0,16:00:00,03:00:00,2.283333333333333,2.9,1.9,11:00:00,06:00:00,16.70416666666667,24.4,10.6,01:00:00,15:00:00,20.579166666666666,26.9,15.5,23:00:00,15:00:00,13.09513888888889,17.600868055555555,2,1,2,1,2,1,16.054166666666667,10.8,21.3,15.304166666666667,69.25,10.1,0.0,0.0,1018.9666666666668,1001.6791666666668,59.875,3.26,0.6316666666666667,8.4,17.9,126.25,138.91666666666666,22.0,16.599999999999998,15.516666666666666,0.2734583333333333,0.2918333333333333,209.25,112.25,97.0,169.44166666666666,209.25,445.1166666666666
2021-05-10,22.9625,35.3,14.3,08:00:00,05:00:00,69.83333333333333,100.0,43.0,16:00:00,07:00:00,2.283333333333333,2.7,1.8,16:00:00,02:00:00,17.162499999999998,20.7,13.5,00:00:00,19:00:00,20.808333333333334,25.0,16.3,08:00:00,18:00:00,17.194791666666667,20.652083333333334,2,1,2,1,2,2,16.491666666666667,11.6,21.0,15.520833333333334,68.66666666666667,10.408333333333331,0.6000000000000001,0.6000000000000001,1015.6083333333332,998.4166666666666,57.91666666666666,3.22,0.6283333333333333,15.1,22.3,175.66666666666666,183.45833333333331,42.8,17.395833333333332,16.275000000000002,0.2665416666666667,0.2842083333333333,195.25,98.75,96.5,144.65,195.25,447.0
2021-05-11,19.725,25.7,10.7,22:00:00,05:00:00,58.625,69.0,43.0,05:00:00,22:00:00,1.6,2.1,1.1,23:00:00,16:00:00,12.154166666666669,21.5,6.7,03:00:00,18:00:00,17.6125,28.0,11.8,01:00:00,17:00:00,15.313020833333333,19.94201388888889,2,1,2,1,2,1,14.2375,12.0,16.6,12.779166666666669,88.5,12.295833333333334,14.5,14.5,1010.8791666666666,993.6291666666666,89.95833333333333,1.29,0.1945833333333333,23.2,35.8,105.16666666666669,97.83333333333331,43.9,14.7625,15.333333333333334,0.3328333333333333,0.3050833333333333,77.79166666666667,14.25,63.54166666666666,23.64583333333333,77.79166666666667,448.8458333333333
2021-05-12,18.2125,26.1,12.1,08:00:00,04:00:00,52.875,85.0,19.0,18:00:00,07:00:00,2.1416666666666666,2.9,1.8,10:00:00,01:00:00,7.945833333333333,13.3,3.6,23:00:00,13:00:00,10.866666666666667,15.2,5.4,00:00:00,13:00:00,9.127777777777778,13.310243055555556,2,1,2,1,1,1,15.695833333333333,10.1,21.9,15.0,72.41666666666667,9.829166666666667,3.2,3.2,1007.6583333333332,990.5458333333332,31.70833333333333,4.21,0.6191666666666668,14.4,25.0,213.375,237.58333333333331,27.0,15.745833333333332,14.291666666666666,0.3941666666666667,0.3859583333333333,288.9166666666667,214.25,74.66666666666667,323.25,288.9166666666667,450.6583333333333
2021-05-13,16.595833333333335,27.7,10.0,08:00:00,02:00:00,70.125,99.0,32.0,16:00:00,08:00:00,2.1708333333333334,2.9,1.4,09:00:00,21:00:00,8.441666666666666,13.0,3.6,02:00:00,16:00:00,14.125,20.1,7.1,01:00:00,15:00:00,8.64861111111111,13.04704861111111,2,1,2,1,1,1,15.633333333333333,11.3,21.6,14.754166666666668,71.0,9.879166666666666,1.4,1.4,1005.1666666666666,988.1083333333332,28.70833333333333,4.22,0.59375,16.8,23.7,233.70833333333331,238.33333333333331,31.0,16.599999999999998,15.5625,0.3662499999999999,0.36725,286.25,211.375,74.875,314.90833333333336,286.25,452.4166666666667
2021-05-14,22.079166666666666,32.2,12.9,08:00:00,01:00:00,60.208333333333336,88.0,17.0,14:00:00,07:00:00,1.9458333333333333,2.7,1.4,09:00:00,17:00:00,14.254166666666668,22.3,7.0,08:00:00,18:00:00,17.962500000000002,29.3,10.4,09:00:00,17:00:00,11.722916666666668,16.444444444444443,2,1,2,1,2,1,13.425,8.3,18.2,12.916666666666666,83.33333333333333,10.504166666666666,5.1,5.1,1008.0,990.7458333333334,45.708333333333336,2.87,0.2895833333333333,9.4,18.9,124.75,141.04166666666666,22.7,15.3625,15.325,0.3561666666666667,0.3502499999999999,211.75,118.41666666666669,93.33333333333331,179.14583333333334,211.75,454.14166666666665
2021-05-15,22.90833333333333,36.2,10.9,22:00:00,16:00:00,51.208333333333336,95.0,7.0,15:00:00,07:00:00,2.0875,2.8,1.7,10:00:00,02:00:00,13.15,22.0,5.6,23:00:00,17:00:00,18.191666666666663,32.8,7.5,23:00:00,16:00:00,13.027951388888887,17.303819444444446,2,1,2,1,2,1,12.941666666666668,8.6,16.8,12.258333333333333,81.66666666666667,9.5375,0.4,0.4,1010.2708333333334,992.95,57.66666666666666,2.58,0.3216666666666666,9.3,14.7,190.29166666666663,196.41666666666663,18.0,14.1875,14.304166666666667,0.35575,0.3448333333333333,179.20833333333334,53.04166666666666,126.16666666666669,73.18333333333334,179.20833333333334,455.825
2021-05-16,18.65833333333333,30.2,11.9,01:00:00,14:00:00,48.625,74.0,22.0,14:00:00,07:00:00,2.120833333333333,3.1,1.8,10:00:00,21:00:00,15.708333333333334,27.1,7.2,01:00:00,17:00:00,21.14583333333333,33.4,12.4,00:00:00,18:00:00,15.76545138888889,20.96440972222222,2,1,1,1,2,2,14.520833333333334,10.7,17.9,14.3375,81.375,11.216666666666669,2.8,2.8,1007.1083333333332,989.95,86.5,2.19,0.3333333333333333,6.3,13.7,252.79166666666663,221.125,18.7,15.179166666666667,14.591666666666669,0.3449166666666667,0.3379166666666667,146.25,43.16666666666666,103.08333333333331,59.86666666666667,146.25,457.4625
2021-05-17,17.520833333333332,33.0,9.0,22:00:00,13:00:00,60.16666666666666,95.0,28.0,17:00:00,07:00:00,1.7666666666666666,2.1,1.4,09:00:00,15:00:00,8.079166666666667,16.1,2.5,05:00:00,14:00:00,12.183333333333332,18.8,5.4,01:00:00,13:00:00,11.05902777777778,15.61857638888889,2,1,2,1,2,1,16.679166666666667,11.8,21.4,14.9375,61.25,7.7625,5.5,5.5,1006.375,989.3458333333332,22.0,4.65,0.8420833333333334,18.1,36.0,256.4166666666667,255.875,39.2,16.658333333333335,15.3875,0.3742916666666667,0.3452083333333333,289.5833333333333,217.33333333333331,72.25,334.0083333333333,289.5833333333333,459.05
2021-05-18,20.104166666666668,34.1,10.2,08:00:00,16:00:00,61.458333333333336,102.0,17.0,17:00:00,07:00:00,1.975,2.9,1.4,10:00:00,01:00:00,5.295833333333333,7.6,3.5,23:00:00,14:00:00,10.029166666666669,14.4,7.2,20:00:00,06:00:00,5.784201388888889,10.145659722222222,2,1,2,1,1,1,16.141666666666666,9.6,22.5,14.070833333333333,51.16666666666666,5.3,0.9,0.9,1011.3875,994.2375,28.20833333333333,4.9,0.97375,20.7,33.9,247.5,254.41666666666663,35.6,16.629166666666666,15.7875,0.3364166666666666,0.3352916666666667,273.2083333333333,199.20833333333331,74.0,279.77500000000003,273.2083333333333,460.5916666666667
2021-05-19,15.6625,29.1,8.7,08:00:00,16:00:00,70.41666666666667,97.0,41.0,16:00:00,07:00:00,1.875,2.5,1.2,04:00:00,16:00:00,4.575,10.1,1.9,02:00:00,12:00:00,7.816666666666666,16.8,3.6,02:00:00,11:00:00,5.278645833333333,9.85590277777778,2,1,2,1,1,1,15.983333333333334,10.8,20.7,13.3625,53.083333333333336,5.433333333333334,0.2,0.2,1012.6333333333332,995.4541666666668,11.625,5.180000000000001,0.9375,22.3,42.1,278.6666666666667,281.6666666666667,36.7,16.295833333333334,15.729166666666666,0.328625,0.3223333333333333,305.0416666666667,223.625,81.41666666666667,342.975,305.0416666666667,462.1208333333333
2021-05-20,18.116666666666667,33.9,7.7,07:00:00,14:00:00,70.83333333333333,105.0,24.0,18:00:00,06:00:00,1.8666666666666665,2.5,1.1,08:00:00,13:00:00,3.7708333333333335,9.0,1.7,23:00:00,12:00:00,6.029166666666666,12.8,2.7,23:00:00,13:00:00,3.626736111111111,5.818402777777778,2,1,2,1,1,1,15.883333333333333,8.3,22.4,13.570833333333333,48.41666666666666,3.9583333333333335,0.0,0.0,1017.5166666666668,1000.2458333333334,10.25,5.3,1.069583333333333,14.8,25.8,252.04166666666663,229.41666666666663,31.3,16.837500000000002,15.929166666666667,0.2989166666666666,0.3088333333333333,326.125,258.5,67.625,382.1,326.125,463.6375
2021-05-21,25.0625,45.7,9.8,08:00:00,16:00:00,65.66666666666667,108.0,20.0,16:00:00,07:00:00,2.5541666666666667,3.8,1.7,11:00:00,20:00:00,10.4375,17.5,4.1,07:00:00,18:00:00,14.733333333333334,26.4,8.1,08:00:00,20:00:00,8.514930555555557,11.913368055555557,2,1,2,1,1,1,15.745833333333332,10.4,21.2,13.670833333333334,55.583333333333336,6.491666666666667,3.7,3.7,1016.3416666666668,999.0833333333334,54.458333333333336,4.39,0.8583333333333334,20.8,31.1,148.625,174.70833333333334,45.7,16.7375,16.108333333333334,0.2735416666666667,0.2904583333333333,259.4583333333333,157.875,101.58333333333331,226.79166666666663,259.4583333333333,465.1041666666667
2021-05-22,15.966666666666669,30.0,10.4,23:00:00,15:00:00,71.04166666666667,90.0,54.0,16:00:00,23:00:00,2.1375,2.6,1.7,18:00:00,03:00:00,8.820833333333333,18.3,5.4,23:00:00,16:00:00,13.654166666666669,24.2,9.3,23:00:00,15:00:00,8.197395833333333,12.711284722222222,2,1,2,1,1,1,15.0375,12.5,19.1,14.366666666666667,79.875,11.475,8.2,8.2,1011.7125,994.5,92.91666666666669,2.24,0.3670833333333334,14.3,24.6,68.41666666666667,74.125,35.6,16.079166666666666,15.8375,0.3244166666666666,0.2852499999999999,141.25,37.458333333333336,103.79166666666669,51.16666666666666,141.25,466.5083333333334
2021-05-23,15.145833333333334,33.0,6.2,00:00:00,15:00:00,70.5,106.0,40.0,19:00:00,01:00:00,1.825,2.3,1.4,12:00:00,18:00:00,7.879166666666666,20.2,1.9,02:00:00,15:00:00,11.545833333333334,24.4,4.0,00:00:00,15:00:00,9.67013888888889,14.089930555555556,2,1,2,1,1,1,17.2375,12.7,22.6,16.645833333333332,67.41666666666667,10.358333333333333,0.9000000000000001,0.9000000000000001,1014.1166666666668,996.9958333333334,53.75,4.09,0.7362500000000001,11.9,26.8,197.83333333333331,231.41666666666663,34.2,17.858333333333334,16.295833333333334,0.2939166666666666,0.2777916666666667,265.75,175.70833333333334,90.04166666666667,244.0666666666667,265.75,467.8625
2021-05-24,19.441666666666663,27.7,8.5,21:00:00,05:00:00,53.5,69.0,35.0,04:00:00,23:00:00,1.6583333333333332,2.6,1.1,22:00:00,01:00:00,8.554166666666667,15.4,4.9,22:00:00,11:00:00,12.916666666666666,19.9,8.2,21:00:00,14:00:00,7.214236111111112,11.130729166666669,2,1,2,1,1,1,14.145833333333334,12.2,16.1,13.25,82.16666666666667,11.0625,16.0,16.0,1016.2333333333332,998.8958333333334,86.125,1.26,0.2945833333333333,17.7,31.8,153.66666666666666,156.79166666666666,30.6,15.320833333333333,16.295833333333334,0.3356666666666667,0.2807916666666666,58.25,2.25,56.0,6.65,58.25,469.1541666666667
2021-05-25,19.20833333333333,40.5,8.4,23:00:00,15:00:00,54.083333333333336,99.0,8.0,18:00:00,07:00:00,2.1083333333333334,3.5,1.3,09:00:00,16:00:00,10.2,19.4,2.8,07:00:00,13:00:00,13.8625,25.6,6.3,08:00:00,16:00:00,10.708680555555556,14.657638888888888,2,1,2,1,2,1,15.6875,9.8,21.8,13.920833333333333,63.583333333333336,6.904166666666666,0.0,0.0,1016.5375,999.2791666666668,11.75,4.99,0.81,23.5,31.3,297.5,298.5,44.3,15.958333333333334,14.9875,0.3482916666666666,0.3111666666666666,322.3333333333333,252.33333333333331,70.0,380.3666666666666,322.3333333333333,470.4083333333333
2021-05-26,20.429166666666667,36.6,10.3,01:00:00,15:00:00,70.41666666666667,115.0,35.0,17:00:00,04:00:00,2.154166666666667,3.1,1.3,22:00:00,17:00:00,12.716666666666669,21.5,8.5,23:00:00,00:00:00,17.966666666666665,30.4,12.9,23:00:00,01:00:00,9.459895833333333,13.71527777777778,2,1,2,1,1,1,15.695833333333333,9.4,21.2,14.595833333333331,64.33333333333333,8.629166666666666,0.0,0.0,1018.0416666666666,1000.7541666666666,17.041666666666668,4.38,0.7145833333333335,13.0,27.3,147.16666666666666,151.20833333333334,26.3,16.754166666666666,15.7375,0.310125,0.3036666666666667,294.8333333333333,211.79166666666663,83.04166666666667,321.6875,294.8333333333333,471.5875
2021-05-27,19.104166666666668,31.6,10.8,08:00:00,14:00:00,72.54166666666667,111.0,29.0,17:00:00,07:00:00,2.4875000000000003,3.1,2.0,00:00:00,12:00:00,10.254166666666666,21.3,6.5,00:00:00,16:00:00,16.2625,29.5,12.0,00:00:00,14:00:00,12.939409722222225,19.195833333333333,2,1,2,1,2,1,17.833333333333332,11.2,23.8,17.2625,64.79166666666667,10.620833333333334,0.0,0.0,1014.8833333333332,997.7708333333334,13.125,4.8500000000000005,0.83,11.9,25.1,251.70833333333331,264.125,21.2,18.55,16.845833333333335,0.2849583333333333,0.2932083333333333,306.0,232.25,73.75,351.4708333333333,306.0,472.7083333333333
2021-05-28,19.883333333333333,31.4,12.0,23:00:00,14:00:00,87.20833333333333,133.0,45.0,17:00:00,01:00:00,2.029166666666667,2.4,1.6,22:00:00,16:00:00,14.354166666666666,24.0,8.2,23:00:00,01:00:00,17.820833333333333,29.0,11.4,23:00:00,02:00:00,11.290625,15.452083333333334,2,1,2,1,2,1,18.245833333333334,12.6,24.0,17.8125,67.45833333333333,11.591666666666669,0.0,0.0,1018.0,1000.8666666666668,28.166666666666668,4.61,0.785,13.1,25.3,104.125,114.08333333333331,27.0,19.2125,17.741666666666667,0.260625,0.2816666666666667,287.0416666666667,201.75,85.29166666666667,295.70416666666665,287.0416666666667,473.85
2021-05-29,17.633333333333333,28.4,8.8,00:00:00,16:00:00,90.75,135.0,50.0,18:00:00,07:00:00,2.1625,2.6,1.7,11:00:00,01:00:00,17.020833333333332,28.7,10.7,01:00:00,11:00:00,21.175,35.9,15.0,01:00:00,10:00:00,16.97517361111111,21.38802083333333,2,1,2,1,2,2,18.925,14.5,24.4,18.0375,61.583333333333336,11.133333333333333,0.7,0.7,1016.9666666666668,999.8916666666668,45.29166666666666,3.89,0.9,18.4,30.8,74.66666666666667,81.91666666666667,31.0,19.6375,18.33333333333333,0.2398749999999999,0.26875,204.70833333333331,120.58333333333331,84.125,182.73333333333332,204.70833333333331,474.9333333333333
2021-05-30,10.8,20.4,6.7,23:00:00,15:00:00,92.25,114.0,68.0,17:00:00,07:00:00,1.6291666666666669,2.1,1.2,00:00:00,14:00:00,8.908333333333333,14.8,6.1,00:00:00,16:00:00,13.083333333333334,19.2,10.2,00:00:00,11:00:00,12.225347222222224,15.830555555555556,2,1,2,1,2,1,18.729166666666668,14.8,22.9,17.337500000000002,59.75,10.254166666666666,0.3,0.3,1018.9416666666666,1001.8166666666666,24.375,4.91,0.9366666666666666,17.6,29.5,84.04166666666667,89.45833333333333,33.1,20.029166666666665,18.629166666666663,0.225125,0.256375,282.0833333333333,201.125,80.95833333333333,302.7625,282.0833333333333,475.975
2021-05-31,15.329166666666666,30.0,8.9,23:00:00,15:00:00,89.0,122.0,66.0,19:00:00,09:00:00,1.975,2.5,1.5,23:00:00,00:00:00,9.491666666666667,18.3,7.0,23:00:00,05:00:00,14.5125,26.5,10.9,23:00:00,07:00:00,8.560243055555555,13.129166666666668,2,1,2,1,1,1,18.191666666666663,15.7,22.4,16.375,56.04166666666666,9.125,0.0,0.0,1018.5833333333334,1001.4375,28.70833333333333,4.49,0.9504166666666666,21.7,35.7,98.04166666666669,103.25,37.8,19.616666666666667,18.641666666666666,0.2084166666666666,0.245,225.79166666666663,136.16666666666666,89.625,203.33333333333331,225.79166666666663,476.9625
2021-06-01,20.541666666666668,34.1,10.9,08:00:00,15:00:00,91.95833333333331,138.0,46.0,16:00:00,08:00:00,2.120833333333333,2.9,1.7,00:00:00,18:00:00,18.433333333333334,33.1,11.4,02:00:00,16:00:00,23.491666666666664,35.1,16.7,02:00:00,15:00:00,15.9203125,20.78767361111111,2,1,2,1,2,2,19.325,13.8,24.4,18.79583333333333,59.208333333333336,10.733333333333334,0.0,0.0,1016.4875,999.4458333333332,18.45833333333333,4.7,1.0075,11.1,22.2,103.58333333333331,111.20833333333331,19.8,20.4875,18.825,0.191375,0.23175,279.875,199.625,80.25,299.7916666666667,279.875,477.92083333333335
2021-06-02,14.920833333333334,21.8,9.7,23:00:00,15:00:00,92.75,118.0,74.0,18:00:00,07:00:00,2.3916666666666666,2.9,2.0,21:00:00,14:00:00,16.162499999999998,23.9,9.5,02:00:00,19:00:00,19.904166666666665,32.8,13.1,01:00:00,20:00:00,16.615972222222222,21.43263888888889,2,1,2,1,2,2,19.570833333333333,16.0,24.2,18.47083333333333,55.5,10.095833333333331,0.0,0.0,1018.8208333333332,1001.7541666666666,53.54166666666666,3.95,1.0679166666666666,13.0,24.6,167.375,172.5,23.8,20.85,19.579166666666666,0.1722083333333333,0.2174583333333333,197.04166666666663,87.375,109.66666666666669,125.82916666666668,197.04166666666663,478.81666666666666
2021-06-03,19.0125,33.2,7.4,08:00:00,16:00:00,81.79166666666667,130.0,14.0,17:00:00,07:00:00,2.3000000000000003,3.8,1.5,09:00:00,16:00:00,12.745833333333332,21.0,7.5,07:00:00,17:00:00,17.216666666666665,23.3,10.9,05:00:00,16:00:00,14.291666666666666,18.18003472222222,2,1,2,1,2,1,21.65833333333333,16.4,27.5,21.379166666666663,53.75,11.3125,0.0,0.0,1021.925,1004.925,38.958333333333336,4.78,1.31125,14.0,17.7,226.16666666666663,240.20833333333331,28.4,22.0375,19.991666666666667,0.1655,0.2123749999999999,250.875,156.41666666666666,94.45833333333331,218.4125,250.875,479.65833333333336
2021-06-04,20.675,42.1,9.5,08:00:00,16:00:00,83.66666666666667,136.0,23.0,16:00:00,07:00:00,2.4541666666666666,4.0,1.8,09:00:00,16:00:00,10.841666666666669,13.1,8.9,07:00:00,10:00:00,15.925,18.4,12.4,19:00:00,01:00:00,10.962673611111112,15.792361111111113,2,1,2,1,2,1,23.0,16.3,28.7,21.725,39.79166666666666,8.304166666666667,0.0,0.0,1021.9958333333334,1005.0708333333332,22.125,6.2,1.7895833333333335,17.1,30.7,237.29166666666663,231.25,30.2,23.1875,20.854166666666668,0.1554583333333333,0.2041666666666667,293.0833333333333,215.91666666666663,77.16666666666667,302.3,293.0833333333333,480.45416666666665
2021-06-05,15.979166666666666,27.9,8.1,07:00:00,17:00:00,78.75,113.0,42.0,16:00:00,07:00:00,2.6958333333333333,3.8,1.8,03:00:00,20:00:00,12.041666666666666,15.7,10.3,22:00:00,11:00:00,18.5125,22.1,14.5,23:00:00,17:00:00,11.371180555555554,17.122569444444444,2,1,2,1,2,1,21.5875,17.0,27.1,21.45,56.41666666666666,12.0375,10.7,10.7,1019.7041666666668,1002.7333333333332,23.25,4.8,1.16875,13.1,19.6,253.375,248.04166666666663,33.1,22.683333333333334,21.504166666666663,0.1857083333333333,0.1979583333333333,255.08333333333331,176.16666666666666,78.91666666666667,259.18333333333334,255.08333333333331,481.2125
2021-06-06,10.158333333333331,17.0,5.1,00:00:00,15:00:00,78.54166666666667,122.0,32.0,16:00:00,06:00:00,2.0083333333333333,3.2,1.2,10:00:00,20:00:00,10.554166666666667,14.2,8.0,00:00:00,18:00:00,15.525,21.8,9.9,00:00:00,18:00:00,11.73003472222222,18.008680555555557,2,1,2,1,2,1,21.758333333333336,15.2,27.5,22.4,66.16666666666667,14.220833333333331,0.2,0.2,1016.6291666666666,999.7125,13.166666666666666,5.19,1.0445833333333334,17.8,24.6,172.54166666666666,171.625,33.8,23.433333333333334,21.39583333333333,0.1623333333333333,0.1905833333333333,292.5416666666667,221.58333333333331,70.95833333333333,322.09583333333336,292.5416666666667,481.9125
2021-06-07,17.941666666666666,30.4,10.1,08:00:00,03:00:00,66.54166666666667,95.0,28.0,14:00:00,07:00:00,1.5958333333333332,2.3,1.0,09:00:00,00:00:00,13.195833333333333,21.1,8.7,23:00:00,16:00:00,16.5,25.9,11.1,23:00:00,15:00:00,11.977604166666666,15.516666666666666,2,1,2,1,2,1,21.204166666666666,17.0,25.2,22.454166666666666,72.54166666666667,15.654166666666669,0.9,0.9,1017.2833333333332,1000.3333333333334,39.04166666666666,4.24,0.765,11.4,18.7,98.45833333333331,107.25,26.6,23.25,21.83333333333333,0.1710416666666666,0.1889166666666666,256.125,156.25,99.875,231.72916666666663,256.125,482.5541666666666
2021-06-08,24.72083333333333,45.7,14.1,23:00:00,15:00:00,54.333333333333336,99.0,7.0,16:00:00,08:00:00,2.279166666666667,3.0,1.6,11:00:00,06:00:00,15.291666666666666,24.9,9.9,00:00:00,16:00:00,20.54583333333333,29.4,13.7,23:00:00,16:00:00,14.615277777777775,18.875868055555557,2,1,2,1,2,1,21.9375,17.9,26.0,23.066666666666663,67.33333333333333,15.016666666666666,1.0,1.0,1017.8208333333332,1000.9041666666668,47.25,4.25,0.9616666666666666,9.2,16.3,226.08333333333331,241.75,24.5,22.70833333333333,21.33333333333333,0.2303333333333333,0.1889583333333333,254.41666666666663,157.625,96.79166666666669,234.98333333333332,254.41666666666663,483.15
2021-06-09,26.883333333333336,52.3,9.6,00:00:00,15:00:00,60.958333333333336,136.0,4.0,17:00:00,06:00:00,2.333333333333333,3.8,1.4,10:00:00,17:00:00,18.195833333333333,27.9,9.4,08:00:00,16:00:00,23.866666666666664,39.3,12.5,04:00:00,15:00:00,17.312673611111112,23.192534722222224,2,1,2,1,2,2,22.070833333333336,16.0,27.5,23.258333333333336,65.29166666666667,14.625,0.0,0.0,1017.4125,1000.5083333333332,20.166666666666668,4.9,1.0545833333333332,8.9,10.1,200.25,209.95833333333331,22.7,23.075,21.429166666666664,0.232375,0.1862083333333333,292.5833333333333,201.66666666666663,90.91666666666669,301.875,292.5833333333333,483.7000000000001
2021-06-10,23.7375,37.3,9.5,01:00:00,15:00:00,81.33333333333333,146.0,13.0,17:00:00,07:00:00,2.404166666666667,3.7,1.5,09:00:00,20:00:00,21.8,34.3,11.8,02:00:00,18:00:00,29.525,41.1,19.3,01:00:00,15:00:00,20.028819444444444,26.558680555555554,3,1,2,1,3,2,21.97083333333333,16.3,27.5,23.10833333333333,66.33333333333333,15.058333333333332,0.6000000000000001,0.6000000000000001,1017.1833333333334,1000.275,17.791666666666668,4.89,0.9870833333333334,10.0,16.6,150.29166666666666,132.29166666666666,28.8,23.1625,21.633333333333336,0.224,0.1860833333333333,288.5416666666667,203.33333333333331,85.20833333333333,298.6333333333333,288.5416666666667,484.2
2021-06-11,22.8125,39.2,9.2,08:00:00,13:00:00,97.45833333333331,159.0,43.0,16:00:00,06:00:00,1.8708333333333331,2.6,1.3,09:00:00,18:00:00,24.241666666666664,35.7,16.0,23:00:00,21:00:00,30.4625,40.5,22.2,01:00:00,07:00:00,22.63576388888889,29.16961805555556,3,1,2,1,3,2,22.579166666666666,18.8,28.4,23.92083333333333,68.625,16.283333333333335,4.4,4.4,1016.6708333333332,999.8,22.625,4.78,0.9254166666666668,14.4,21.4,93.66666666666669,101.58333333333331,30.6,23.683333333333334,22.129166666666663,0.2073333333333333,0.176,275.625,189.66666666666663,85.95833333333333,280.77916666666664,275.625,484.67083333333335
2021-06-12,21.004166666666663,33.3,10.4,02:00:00,15:00:00,89.70833333333333,153.0,20.0,17:00:00,07:00:00,2.25,2.8,1.9,09:00:00,05:00:00,17.7125,35.1,7.3,10:00:00,19:00:00,22.820833333333336,40.6,9.2,00:00:00,19:00:00,22.278125,28.66614583333333,3,1,2,1,3,2,24.5875,17.1,31.3,25.5875,57.208333333333336,14.520833333333334,0.0,0.0,1017.4708333333332,1000.7083333333334,16.166666666666668,5.88,1.5516666666666667,17.1,30.6,181.16666666666663,184.5,31.0,25.03333333333333,22.558333333333334,0.1849583333333333,0.174875,315.3333333333333,241.08333333333331,74.25,351.6791666666666,315.3333333333333,485.10833333333335
2021-06-13,14.925,25.7,6.7,23:00:00,15:00:00,88.54166666666667,122.0,42.0,19:00:00,08:00:00,2.208333333333333,3.0,1.8,04:00:00,16:00:00,8.0,11.1,5.4,06:00:00,13:00:00,10.9125,14.7,7.5,23:00:00,16:00:00,10.648784722222222,14.311458333333334,2,1,2,1,2,1,27.0625,19.5,33.9,27.695833333333336,48.458333333333336,14.183333333333332,0.0,0.0,1016.0333333333332,999.4291666666668,4.458333333333333,6.84,2.1004166666666664,16.9,30.4,157.625,159.04166666666666,28.8,27.14583333333333,24.075,0.1660833333333333,0.1711666666666666,330.875,266.2083333333333,64.66666666666667,392.2375,330.875,485.475
2021-06-14,14.275,22.5,8.0,00:00:00,17:00:00,109.54166666666669,148.0,78.0,19:00:00,01:00:00,1.9458333333333333,2.3,1.7,11:00:00,00:00:00,11.058333333333332,14.1,9.0,06:00:00,08:00:00,16.991666666666667,20.1,14.9,22:00:00,09:00:00,9.50017361111111,13.740104166666669,3,1,3,1,1,1,26.025,20.8,30.7,26.58333333333333,55.333333333333336,16.0125,0.0,0.0,1016.8166666666666,1000.1375,1.25,6.84,1.6041666666666667,18.7,31.4,92.125,96.20833333333331,36.4,27.633333333333336,25.09583333333333,0.1510833333333333,0.164875,326.9583333333333,261.0,65.95833333333333,385.1541666666667,326.9583333333333,485.8
2021-06-15,13.75,26.0,8.3,23:00:00,14:00:00,103.54166666666669,145.0,71.0,19:00:00,09:00:00,1.9416666666666669,2.3,1.7,09:00:00,03:00:00,9.658333333333331,15.6,7.0,23:00:00,03:00:00,17.941666666666666,28.9,14.7,23:00:00,09:00:00,9.88298611111111,17.019618055555558,3,1,3,1,1,1,24.7625,21.3,28.9,24.58333333333333,50.04166666666666,13.475,0.0,0.0,1017.6958333333332,1000.9333333333334,34.916666666666664,6.27,1.6125,19.6,31.8,93.375,97.08333333333331,34.2,27.3,25.33333333333333,0.14625,0.16275,288.25,204.83333333333331,83.41666666666667,284.5083333333333,288.25,486.06666666666666
2021-06-16,22.75,33.5,11.9,08:00:00,17:00:00,91.83333333333331,152.0,43.0,17:00:00,07:00:00,2.191666666666667,2.9,1.5,13:00:00,19:00:00,17.658333333333335,28.5,11.8,04:00:00,13:00:00,23.96666666666667,31.7,20.1,04:00:00,14:00:00,14.93125,22.221180555555552,2,1,2,1,2,2,24.754166666666663,19.9,29.0,25.3625,56.5,15.2375,0.0,0.0,1015.75,999.0291666666668,43.375,5.37,1.4320833333333332,12.2,19.5,79.91666666666667,87.16666666666667,25.9,26.47083333333333,24.975,0.1475416666666666,0.1631666666666666,259.0,146.625,112.375,203.79166666666663,259.0,486.2708333333333
2021-06-17,21.366666666666664,36.3,11.7,07:00:00,14:00:00,111.5,182.0,48.0,17:00:00,07:00:00,2.3375,3.1,1.5,09:00:00,20:00:00,17.958333333333332,31.0,10.6,04:00:00,16:00:00,25.34166666666667,35.8,14.5,01:00:00,20:00:00,18.77673611111111,25.892361111111114,3,1,3,1,2,2,25.679166666666664,21.0,30.4,27.758333333333336,61.625,17.354166666666668,1.8000000000000005,1.8000000000000005,1015.9375,999.2583333333332,38.958333333333336,5.19,1.3641666666666667,10.7,20.3,90.0,97.20833333333331,20.2,27.53333333333333,25.116666666666664,0.139125,0.156,273.6666666666667,186.08333333333331,87.58333333333333,263.0625,273.6666666666667,486.425
2021-06-18,22.28333333333333,44.2,11.0,08:00:00,15:00:00,89.91666666666667,148.0,31.0,16:00:00,07:00:00,2.875,3.8,2.2,09:00:00,18:00:00,16.650000000000002,27.5,11.0,05:00:00,14:00:00,23.775,33.4,16.9,08:00:00,23:00:00,16.796006944444446,23.48125,2,1,2,1,2,2,26.45,21.4,32.0,28.133333333333336,57.625,16.170833333333334,0.0,0.0,1016.1416666666668,999.4958333333334,33.0,5.9,1.62625,15.5,24.4,175.54166666666666,186.70833333333331,30.6,28.754166666666663,25.79583333333333,0.1160833333333333,0.1467916666666666,295.6666666666667,216.125,79.54166666666667,308.1875,295.6666666666667,486.5208333333333
2021-06-19,16.099999999999998,29.8,8.9,07:00:00,16:00:00,82.625,121.0,45.0,15:00:00,07:00:00,3.1166666666666667,3.6,2.6,03:00:00,15:00:00,12.954166666666666,19.3,10.7,23:00:00,01:00:00,25.516666666666666,48.1,16.5,20:00:00,10:00:00,12.838541666666666,21.6234375,2,1,2,1,2,2,26.854166666666668,21.3,32.3,26.879166666666663,44.958333333333336,13.608333333333334,0.0,0.0,1015.2291666666666,998.6333333333332,27.95833333333333,6.84,2.044166666666667,15.1,24.1,241.875,238.83333333333331,30.2,28.7375,26.245833333333334,0.1169999999999999,0.1469166666666666,299.6666666666667,203.33333333333331,96.33333333333331,281.1791666666667,299.6666666666667,486.56666666666666
2021-06-20,17.25,32.1,6.2,23:00:00,15:00:00,67.875,106.0,36.0,15:00:00,23:00:00,2.6875,3.2,1.8,00:00:00,18:00:00,22.48333333333333,31.5,16.0,19:00:00,06:00:00,46.9375,69.5,33.8,18:00:00,03:00:00,17.086111111111112,36.85347222222222,2,1,2,1,2,2,25.629166666666663,20.7,31.0,26.67083333333333,57.083333333333336,16.054166666666667,0.4,0.4,1011.3666666666668,994.7708333333334,31.916666666666668,5.32,1.5266666666666666,17.2,29.8,167.33333333333334,160.75,40.0,27.916666666666668,26.3875,0.1245416666666666,0.1536249999999999,252.0,138.0,114.0,185.725,252.0,486.5583333333333
2021-06-21,18.279166666666665,33.7,7.3,08:00:00,13:00:00,59.375,106.0,17.0,15:00:00,07:00:00,2.4250000000000003,3.2,1.8,09:00:00,18:00:00,21.916666666666668,32.2,10.2,09:00:00,17:00:00,37.975,59.5,23.0,10:00:00,23:00:00,25.84982638888889,47.218402777777776,4,1,2,1,4,3,25.116666666666664,20.9,31.0,25.6,57.875,15.4,0.2,0.2,1008.675,992.0833333333334,34.458333333333336,5.7,1.4766666666666666,20.4,31.6,186.125,184.08333333333331,41.4,27.8375,26.2375,0.1239583333333333,0.1479583333333333,250.875,165.125,85.75,239.58333333333331,250.875,486.4958333333333
2021-06-22,13.270833333333334,23.9,8.1,08:00:00,16:00:00,73.91666666666667,106.0,46.0,15:00:00,07:00:00,2.25,2.7,1.7,06:00:00,11:00:00,9.133333333333333,11.9,6.6,07:00:00,16:00:00,18.475,24.5,13.7,00:00:00,13:00:00,13.549652777777778,26.010069444444444,2,1,2,1,2,2,25.0,21.1,29.7,24.933333333333334,55.458333333333336,15.020833333333334,0.4,0.4,1010.1583333333332,993.5375,26.541666666666668,5.73,1.4954166666666666,21.6,32.0,249.70833333333331,246.29166666666663,42.5,27.291666666666668,25.95,0.123125,0.144875,257.75,179.29166666666666,78.45833333333333,269.275,257.75,486.39166666666665
2021-06-23,18.0375,29.2,7.7,23:00:00,14:00:00,63.958333333333336,106.0,16.0,15:00:00,07:00:00,2.4208333333333334,3.6,1.6,09:00:00,20:00:00,8.404166666666667,11.2,6.4,23:00:00,00:00:00,16.304166666666667,21.7,13.0,21:00:00,17:00:00,8.24201388888889,16.288368055555555,2,1,2,1,1,1,23.225,18.3,29.4,24.27916666666667,65.625,15.925,1.6,1.6,1014.3041666666668,997.5166666666668,17.75,4.97,1.0875,16.6,27.3,181.33333333333331,167.91666666666666,31.3,26.17083333333333,25.5875,0.1359583333333333,0.14675,263.125,188.04166666666663,75.08333333333333,284.40833333333336,263.125,486.2125
2021-06-24,19.008333333333333,29.3,8.2,07:00:00,16:00:00,69.41666666666667,115.0,21.0,14:00:00,06:00:00,2.341666666666667,3.4,1.7,11:00:00,17:00:00,8.533333333333333,12.6,5.2,07:00:00,17:00:00,14.6,19.7,9.3,00:00:00,17:00:00,8.864756944444444,16.125868055555554,2,1,2,1,1,1,23.65833333333333,16.8,30.3,23.21666666666667,53.79166666666666,12.479166666666666,0.0,0.0,1015.2833333333332,998.5,9.375,6.25,1.55375,23.9,32.4,265.8333333333333,255.45833333333331,44.6,26.35,25.3125,0.1327916666666666,0.1460416666666666,299.8333333333333,231.54166666666663,68.29166666666667,339.5833333333333,299.8333333333333,486.0
2021-06-25,15.891666666666666,26.6,7.6,08:00:00,15:00:00,75.66666666666667,112.0,33.0,17:00:00,07:00:00,2.3916666666666666,3.8,1.9,09:00:00,00:00:00,6.833333333333333,10.3,4.2,02:00:00,12:00:00,10.4125,16.0,6.1,03:00:00,15:00:00,7.5680555555555555,12.218229166666667,2,1,2,1,1,1,23.629166666666663,16.6,29.1,22.98333333333333,50.0,11.395833333333334,0.0,0.0,1014.5833333333334,997.8041666666668,4.458333333333333,6.2700000000000005,1.6595833333333332,14.3,22.7,249.375,252.58333333333331,30.6,26.17083333333333,25.05,0.13175,0.1471666666666666,314.7083333333333,245.45833333333331,69.25,366.3208333333334,314.7083333333333,485.7125
2021-06-26,16.879166666666666,31.7,8.8,23:00:00,16:00:00,90.79166666666669,139.0,30.0,16:00:00,06:00:00,2.35,3.7,1.7,09:00:00,17:00:00,9.745833333333334,19.2,6.8,23:00:00,00:00:00,14.670833333333334,23.8,11.0,23:00:00,01:00:00,7.8538194444444445,11.740104166666669,2,1,2,1,1,1,24.329166666666666,17.8,29.2,25.066666666666663,55.708333333333336,14.316666666666668,0.0,0.0,1015.3375,998.5875,12.458333333333334,5.31,1.481666666666667,11.4,23.3,211.95833333333331,224.16666666666663,23.4,27.058333333333334,25.40416666666667,0.130375,0.1482083333333333,282.8333333333333,203.79166666666663,79.04166666666667,305.52916666666664,282.8333333333333,485.3958333333333
2021-06-27,22.3125,44.5,8.9,01:00:00,15:00:00,96.75,150.0,32.0,16:00:00,05:00:00,2.408333333333333,3.3,1.9,09:00:00,17:00:00,17.166666666666668,36.8,8.2,03:00:00,15:00:00,25.475,44.5,14.8,04:00:00,15:00:00,15.755208333333334,22.676041666666663,2,1,2,1,2,2,25.775,19.1,30.8,26.791666666666668,54.083333333333336,15.091666666666669,0.0,0.0,1014.625,997.9708333333332,24.541666666666668,5.61,1.69375,12.7,20.6,134.79166666666666,97.25,23.4,27.5875,25.695833333333336,0.1336666666666666,0.14925,279.2916666666667,184.95833333333331,94.33333333333331,262.95416666666665,279.2916666666667,485.0291666666667
2021-06-28,21.7875,38.8,10.8,01:00:00,15:00:00,107.375,156.0,57.0,15:00:00,07:00:00,2.433333333333333,3.0,1.7,08:00:00,13:00:00,12.841666666666669,20.3,9.1,01:00:00,20:00:00,19.84583333333333,34.2,14.6,00:00:00,18:00:00,13.723784722222222,21.540451388888886,3,1,3,1,2,2,26.9125,21.6,33.0,27.525,50.083333333333336,15.0,0.0,0.0,1013.6625,997.0916666666668,24.08333333333333,6.75,1.9325,17.4,30.0,92.625,85.16666666666667,34.9,28.741666666666664,26.40833333333333,0.1317916666666666,0.1491666666666666,314.9166666666667,241.29166666666663,73.625,346.4375,314.9166666666667,484.6041666666667
2021-06-29,18.054166666666667,38.9,10.4,07:00:00,15:00:00,88.5,125.0,42.0,13:00:00,06:00:00,2.6750000000000003,3.4,2.1,08:00:00,04:00:00,11.995833333333332,16.9,9.7,08:00:00,01:00:00,21.741666666666664,26.9,14.7,20:00:00,02:00:00,11.80121527777778,19.1765625,2,1,2,1,2,1,25.079166666666666,21.0,29.9,25.6875,54.16666666666666,14.816666666666668,0.6,0.6,1010.8291666666668,994.2125,19.916666666666668,5.6,1.5233333333333334,18.1,23.7,150.45833333333334,156.625,39.6,28.104166666666668,26.84583333333333,0.135,0.1485416666666666,283.0,206.08333333333331,76.91666666666667,311.0708333333333,283.0,484.12916666666666
2021-06-30,17.2625,28.2,9.1,07:00:00,15:00:00,75.79166666666667,117.0,30.0,15:00:00,07:00:00,2.5375,3.1,1.9,10:00:00,15:00:00,7.5,13.0,3.1,01:00:00,18:00:00,11.366666666666667,20.6,5.1,00:00:00,16:00:00,10.425173611111113,18.16701388888889,2,1,2,1,2,1,23.683333333333334,18.3,29.6,23.825,55.625,13.504166666666668,1.3,1.3,1009.2166666666668,992.5416666666666,12.125,5.53,1.4208333333333334,16.5,29.8,260.4166666666667,263.75,32.4,26.72083333333333,26.15,0.1424166666666666,0.1486666666666666,290.875,214.95833333333331,75.91666666666667,329.21666666666664,290.875,483.5916666666667
2021-07-01,15.654166666666669,25.3,8.2,08:00:00,14:00:00,80.29166666666667,111.0,43.0,17:00:00,07:00:00,2.525,3.7,1.2,09:00:00,15:00:00,5.479166666666667,8.1,3.2,07:00:00,13:00:00,9.041666666666666,14.3,5.0,08:00:00,15:00:00,5.839409722222222,9.605729166666666,2,1,2,1,1,1,25.054166666666664,18.9,30.8,24.2125,46.04166666666666,10.870833333333332,0.0,0.0,1011.0125,994.3708333333334,8.791666666666666,6.87,1.94375,16.9,31.1,289.125,288.9583333333333,33.5,27.175,25.891666666666666,0.1382916666666666,0.1476249999999999,322.0,256.4583333333333,65.54166666666667,378.725,322.0,483.025
2021-07-02,17.404166666666665,28.9,9.1,23:00:00,13:00:00,97.0,149.0,55.0,17:00:00,06:00:00,2.379166666666667,3.1,1.7,04:00:00,09:00:00,9.416666666666666,19.2,5.9,07:00:00,00:00:00,14.870833333333332,23.1,9.8,07:00:00,14:00:00,7.383333333333333,11.52690972222222,2,1,2,1,1,1,25.041666666666668,18.9,30.1,25.2125,47.083333333333336,12.525,0.0,0.0,1013.2416666666668,996.5666666666666,21.33333333333333,5.73,1.7891666666666666,13.7,25.9,109.5,155.625,28.8,27.695833333333336,26.04583333333333,0.1329583333333333,0.1407083333333333,299.6666666666667,230.54166666666663,69.125,342.0416666666667,299.6666666666667,482.4041666666667
2021-07-03,18.391666666666666,32.9,9.3,02:00:00,15:00:00,97.41666666666669,147.0,47.0,19:00:00,02:00:00,2.470833333333333,2.9,2.1,04:00:00,13:00:00,12.091666666666669,20.9,8.0,04:00:00,14:00:00,17.45,24.3,11.6,07:00:00,22:00:00,11.537152777777775,17.04513888888889,2,1,2,1,2,1,24.579166666666666,20.3,29.1,25.67083333333333,59.04166666666666,15.6125,3.7,3.7,1013.8833333333332,997.175,56.625,4.5,1.350833333333333,13.1,17.4,187.41666666666663,159.58333333333334,29.9,27.02083333333333,26.33333333333333,0.135875,0.1475416666666666,220.95833333333331,125.58333333333331,95.375,178.0,220.95833333333331,481.7208333333333
2021-07-04,14.908333333333331,23.4,10.1,23:00:00,11:00:00,66.25,85.0,44.0,00:00:00,06:00:00,2.0541666666666667,2.5,1.3,11:00:00,15:00:00,10.191666666666666,15.6,5.8,05:00:00,17:00:00,15.429166666666667,24.1,8.0,07:00:00,18:00:00,10.826388888888888,16.627083333333335,2,1,2,1,2,1,21.133333333333333,18.0,24.8,23.445833333333336,83.45833333333333,18.104166666666668,15.3,15.3,1010.925,994.075,51.66666666666666,2.23,0.4425,8.6,11.5,208.20833333333331,210.79166666666663,25.9,23.704166666666666,25.066666666666663,0.2002083333333333,0.1529583333333333,133.66666666666666,43.333333333333336,90.33333333333331,88.09583333333335,133.66666666666666,480.9916666666666
2021-07-05,19.6875,34.6,13.5,23:00:00,17:00:00,55.958333333333336,115.0,6.0,18:00:00,07:00:00,2.3916666666666666,3.3,1.9,02:00:00,17:00:00,9.533333333333331,14.1,6.6,22:00:00,15:00:00,14.8,21.3,11.2,23:00:00,14:00:00,9.336979166666667,13.894270833333332,2,1,2,1,1,1,22.620833333333334,15.8,28.3,24.28333333333333,69.91666666666667,16.120833333333334,0.0,0.0,1010.9458333333332,994.1833333333334,13.833333333333334,5.17,0.9908333333333332,10.1,21.6,180.20833333333331,184.54166666666663,19.8,23.666666666666668,23.166666666666668,0.3239583333333333,0.238625,309.9583333333333,222.125,87.83333333333333,337.2291666666667,309.9583333333333,480.225
2021-07-06,22.34583333333333,37.4,9.8,08:00:00,14:00:00,85.41666666666667,143.0,28.0,19:00:00,06:00:00,2.466666666666667,3.1,2.0,08:00:00,14:00:00,12.779166666666669,18.2,8.6,08:00:00,19:00:00,18.85,24.7,13.9,08:00:00,16:00:00,11.830555555555556,17.446006944444445,2,1,2,1,2,1,24.058333333333334,18.5,29.0,25.866666666666664,65.54166666666667,16.912499999999998,0.0,0.0,1012.4,995.6958333333332,20.125,5.0,1.1270833333333334,8.4,17.0,112.91666666666669,112.20833333333331,21.6,24.96666666666667,23.95,0.2755416666666666,0.2387083333333333,281.4166666666667,193.04166666666663,88.375,286.3,281.4166666666667,479.4041666666667
2021-07-07,21.14583333333333,38.6,8.8,08:00:00,14:00:00,79.0,127.0,34.0,16:00:00,07:00:00,2.779166666666667,3.4,2.1,08:00:00,16:00:00,12.520833333333334,17.4,9.1,09:00:00,16:00:00,19.979166666666668,26.3,15.7,09:00:00,15:00:00,12.070659722222222,19.35625,2,1,2,1,2,1,24.883333333333336,19.4,30.2,27.03333333333333,66.33333333333333,17.858333333333334,0.2,0.2,1012.7541666666666,996.0791666666668,10.708333333333334,5.1000000000000005,1.1541666666666666,15.0,24.4,130.04166666666666,142.16666666666666,27.4,25.879166666666663,24.616666666666664,0.24275,0.229625,278.6666666666667,203.16666666666663,75.5,312.34166666666664,278.6666666666667,478.53333333333336
2021-07-08,19.4625,29.0,8.1,08:00:00,15:00:00,57.16666666666666,111.0,10.0,15:00:00,08:00:00,2.3666666666666667,3.1,1.7,11:00:00,04:00:00,8.325000000000001,15.4,5.3,00:00:00,23:00:00,11.633333333333333,20.7,8.0,00:00:00,22:00:00,10.725520833333334,16.054166666666667,2,1,2,1,2,1,21.35833333333333,17.8,27.0,22.8375,82.08333333333333,18.070833333333333,12.6,12.6,1015.5083333333332,998.5875,49.0,3.21,0.4837499999999999,22.4,29.4,243.0,234.33333333333331,49.0,23.08333333333333,23.933333333333334,0.3122499999999999,0.2458333333333333,192.25,99.45833333333331,92.79166666666669,139.75833333333335,192.25,477.6
2021-07-09,16.1875,35.1,9.7,23:00:00,04:00:00,61.04166666666666,105.0,23.0,16:00:00,07:00:00,2.2375000000000003,3.0,1.8,21:00:00,06:00:00,5.604166666666667,14.6,2.8,23:00:00,13:00:00,8.658333333333333,16.8,5.4,23:00:00,13:00:00,5.997222222222223,9.096180555555556,2,1,2,1,1,1,21.9125,16.1,27.8,22.016666666666666,63.375,14.0375,0.3,0.3,1016.675,999.775,6.875,5.81,1.1025,17.0,32.9,265.0,294.9583333333333,32.8,21.6125,21.479166666666668,0.3543333333333333,0.3146666666666666,332.2083333333333,272.9166666666667,59.29166666666666,411.23333333333335,332.2083333333333,476.6125
2021-07-10,24.370833333333334,46.4,8.2,01:00:00,16:00:00,69.58333333333333,137.0,7.0,17:00:00,03:00:00,2.7458333333333336,3.7,2.2,10:00:00,17:00:00,11.195833333333333,16.7,7.9,00:00:00,18:00:00,16.175,22.6,10.5,21:00:00,15:00:00,9.262847222222222,12.930555555555555,2,1,2,1,1,1,22.5125,15.3,28.6,24.05,66.33333333333333,15.304166666666667,0.1,0.1,1015.325,998.475,8.125,5.4,1.08875,7.6,16.9,234.33333333333331,205.95833333333331,17.6,23.4,22.34583333333333,0.302875,0.3023333333333333,318.125,255.83333333333331,62.29166666666666,380.9333333333333,318.125,475.5708333333334
2021-07-11,14.125,36.4,6.3,23:00:00,14:00:00,91.70833333333331,133.0,48.0,16:00:00,23:00:00,2.3583333333333334,3.5,1.9,10:00:00,01:00:00,8.908333333333333,14.3,6.3,23:00:00,16:00:00,13.0875,20.3,8.5,00:00:00,16:00:00,9.690451388888889,14.479340277777778,2,1,2,1,1,1,23.4,17.6,28.8,25.23333333333333,67.45833333333333,16.412499999999998,2.6,2.6,1012.7125,995.9583333333334,9.125,5.25,1.0741666666666667,14.3,26.4,208.83333333333331,198.25,28.8,24.291666666666668,23.304166666666664,0.2839583333333333,0.2844166666666666,315.4166666666667,254.75,60.66666666666666,386.7916666666667,315.4166666666667,474.4666666666667
2021-07-12,22.15833333333333,38.4,10.4,08:00:00,16:00:00,86.41666666666667,148.0,25.0,17:00:00,07:00:00,2.9791666666666665,4.0,2.2,08:00:00,17:00:00,15.858333333333334,20.3,11.2,02:00:00,11:00:00,21.7125,31.2,16.2,23:00:00,05:00:00,12.563541666666666,17.11545138888889,2,1,2,1,2,1,24.058333333333334,18.8,29.0,25.9625,68.29166666666667,17.454166666666666,0.0,0.0,1011.7458333333334,995.0583333333334,27.20833333333333,4.71,1.0608333333333333,11.7,24.8,234.41666666666663,213.20833333333331,24.5,24.891666666666666,23.9,0.2557083333333333,0.270375,256.875,167.875,89.0,230.6208333333333,256.875,473.3375
2021-07-13,16.224999999999998,24.6,9.6,08:00:00,14:00:00,77.08333333333333,111.0,47.0,16:00:00,07:00:00,2.591666666666667,3.4,2.1,00:00:00,12:00:00,13.325,18.9,8.7,01:00:00,20:00:00,19.133333333333333,29.4,11.5,00:00:00,19:00:00,15.384375,22.2640625,2,1,2,1,2,2,21.5625,17.4,25.3,22.375,79.20833333333333,17.733333333333334,20.6,20.6,1006.8291666666668,990.0791666666668,43.708333333333336,3.34,0.5570833333333333,23.4,34.9,154.45833333333334,132.125,42.8,23.104166666666668,23.85,0.312875,0.2817083333333333,199.04166666666663,113.875,85.16666666666667,170.8375,199.04166666666663,472.1791666666666
2021-07-14,19.97083333333333,31.8,13.9,23:00:00,14:00:00,57.29166666666666,87.0,29.0,20:00:00,08:00:00,3.020833333333333,3.8,2.2,10:00:00,02:00:00,9.508333333333333,17.7,6.8,23:00:00,18:00:00,14.670833333333334,25.2,11.0,22:00:00,00:00:00,10.379340277777777,15.036458333333334,2,1,2,1,2,1,18.933333333333334,14.4,23.4,19.775,77.375,14.616666666666667,3.4,3.4,1010.5333333333332,993.5666666666666,33.5,4.21,0.5579166666666667,20.1,34.4,233.04166666666663,202.25,34.9,21.041666666666668,21.47083333333333,0.3842916666666667,0.36175,276.375,182.375,94.0,262.71250000000003,276.375,470.95
2021-07-15,20.016666666666666,34.0,11.6,23:00:00,16:00:00,64.66666666666667,102.0,37.0,17:00:00,08:00:00,3.5,4.4,2.8,11:00:00,17:00:00,11.675,19.2,8.5,00:00:00,18:00:00,17.95,25.2,13.4,23:00:00,17:00:00,11.174826388888889,16.92222222222222,2,1,2,1,2,1,20.53333333333333,17.7,24.2,21.554166666666664,71.83333333333333,15.095833333333331,0.3999999999999999,0.3999999999999999,1013.1333333333332,996.2041666666668,67.25,3.45,0.7208333333333333,12.3,22.5,213.20833333333331,213.41666666666663,22.7,22.25,21.891666666666666,0.3473333333333333,0.3448333333333333,204.70833333333331,97.04166666666669,107.66666666666669,127.49166666666667,204.70833333333331,469.7125
2021-07-16,22.679166666666664,39.5,11.0,01:00:00,15:00:00,61.0,123.0,18.0,15:00:00,07:00:00,2.975,4.5,2.0,10:00:00,18:00:00,12.0125,19.2,5.9,23:00:00,13:00:00,18.40833333333333,28.8,10.2,02:00:00,18:00:00,11.849826388888888,19.177777777777777,2,1,2,1,2,1,21.1,16.2,25.1,22.633333333333336,75.25,16.3125,0.2,0.2,1013.5458333333332,996.6458333333334,34.666666666666664,4.3100000000000005,0.68375,10.0,17.4,203.5,204.875,21.2,22.704166666666666,22.141666666666666,0.33225,0.3285833333333333,266.0416666666667,155.16666666666666,110.875,231.425,266.0416666666667,468.4583333333333
2021-07-17,19.1125,28.1,8.9,22:00:00,15:00:00,66.04166666666667,104.0,28.0,15:00:00,07:00:00,2.85,3.5,2.3,05:00:00,10:00:00,11.083333333333334,20.5,4.8,00:00:00,11:00:00,15.55,27.5,5.5,01:00:00,14:00:00,11.881944444444445,16.868402777777778,2,1,2,1,2,1,24.166666666666668,17.4,30.9,25.866666666666664,67.16666666666667,16.804166666666667,0.0,0.0,1012.2916666666666,995.5833333333334,27.916666666666668,5.3,1.2104166666666667,13.7,23.4,236.5,219.66666666666663,27.4,23.766666666666666,22.575,0.3138333333333333,0.3154583333333333,300.9166666666667,219.20833333333331,81.70833333333333,330.74583333333334,300.9166666666667,467.17083333333335
2021-07-18,20.64583333333333,38.7,8.0,23:00:00,16:00:00,78.54166666666667,133.0,21.0,15:00:00,06:00:00,2.895833333333333,4.3,2.4,12:00:00,19:00:00,11.470833333333331,17.6,6.3,05:00:00,16:00:00,15.654166666666669,24.9,8.1,23:00:00,15:00:00,10.78559027777778,15.125868055555555,2,1,2,1,2,1,25.070833333333336,18.4,30.7,27.791666666666668,71.20833333333333,19.016666666666666,0.0,0.0,1010.4125,993.7958333333332,14.666666666666666,5.09,1.0558333333333334,12.7,24.2,177.95833333333334,137.04166666666666,22.7,25.29583333333333,23.73333333333333,0.2884583333333333,0.2999583333333333,278.0833333333333,204.16666666666663,73.91666666666667,312.3125,278.0833333333333,465.8083333333333
2021-07-19,20.933333333333334,37.6,8.6,00:00:00,15:00:00,89.70833333333333,138.0,39.0,15:00:00,00:00:00,2.8125,3.5,2.3,09:00:00,02:00:00,12.4,21.5,9.2,23:00:00,14:00:00,18.4,30.9,12.9,23:00:00,12:00:00,11.557465277777778,16.23003472222222,2,1,2,1,2,1,26.008333333333336,20.2,31.2,28.375,63.0,17.900000000000002,0.0,0.0,1011.65,995.0583333333334,12.75,5.35,1.37875,10.0,19.4,109.41666666666669,117.83333333333331,18.4,26.454166666666666,24.8,0.2624166666666667,0.28325,292.0416666666667,229.25,62.79166666666666,350.6458333333333,292.0416666666667,464.4166666666667
2021-07-20,21.48333333333333,35.7,9.4,08:00:00,15:00:00,94.16666666666669,165.0,37.0,16:00:00,08:00:00,2.829166666666667,4.0,2.0,08:00:00,20:00:00,15.6125,24.3,12.4,02:00:00,18:00:00,25.0625,37.0,18.3,00:00:00,05:00:00,14.90642361111111,22.6453125,2,1,2,1,2,2,26.195833333333336,20.7,31.5,27.729166666666668,57.833333333333336,16.858333333333334,0.0,0.0,1012.9666666666668,996.3708333333334,16.0,5.2700000000000005,1.544166666666667,12.5,23.3,134.75,128.45833333333334,25.6,26.73333333333333,25.47083333333333,0.230625,0.2624583333333333,264.875,195.20833333333331,69.66666666666667,299.78333333333336,264.875,462.9958333333333
2021-07-21,19.316666666666663,31.8,9.5,22:00:00,15:00:00,93.58333333333331,154.0,38.0,17:00:00,05:00:00,2.4916666666666667,3.1,2.2,00:00:00,05:00:00,20.129166666666663,28.0,11.1,21:00:00,00:00:00,29.8625,43.3,18.4,20:00:00,01:00:00,16.68611111111111,25.440625,2,1,2,1,2,2,25.90833333333333,20.4,31.2,27.991666666666664,61.29166666666666,17.587500000000002,0.0,0.0,1016.4916666666668,999.8125,24.875,5.04,1.3920833333333331,10.3,16.9,140.08333333333334,139.08333333333334,25.2,26.825,25.60833333333333,0.205875,0.2447083333333333,267.4166666666667,182.5,84.91666666666667,265.2916666666667,267.4166666666667,461.5083333333334
2021-07-22,16.974999999999998,28.2,8.8,00:00:00,14:00:00,97.5,154.0,43.0,18:00:00,07:00:00,2.025,2.8,1.6,08:00:00,06:00:00,17.0625,26.5,14.5,02:00:00,10:00:00,25.558333333333334,34.6,19.5,01:00:00,15:00:00,19.53871527777778,29.4078125,2,1,2,1,2,2,25.941666666666663,21.1,30.5,27.925,63.66666666666666,18.20416666666667,1.9,1.9,1017.1291666666666,1000.4458333333332,22.20833333333333,5.4,1.3066666666666666,16.1,27.8,72.95833333333333,69.20833333333333,26.6,27.03333333333333,25.666666666666668,0.194375,0.2299166666666666,278.1666666666667,207.83333333333331,70.33333333333333,314.87083333333334,278.1666666666667,460.0
2021-07-23,15.258333333333333,27.9,8.7,08:00:00,14:00:00,113.04166666666669,155.0,69.0,18:00:00,07:00:00,1.7416666666666665,2.0,1.2,01:00:00,06:00:00,15.091666666666669,23.3,12.3,23:00:00,19:00:00,22.866666666666664,37.7,17.8,22:00:00,03:00:00,15.43767361111111,23.54427083333333,3,1,3,1,2,2,25.633333333333336,21.0,30.9,27.558333333333334,64.04166666666667,17.933333333333334,2.9,2.9,1014.5583333333334,997.9041666666668,24.791666666666668,5.25,1.2916666666666667,15.3,29.7,68.95833333333333,77.75,30.6,27.104166666666668,25.7375,0.18825,0.21675,273.3333333333333,202.70833333333331,70.625,302.52500000000003,273.3333333333333,458.42083333333335
2021-07-24,15.604166666666666,25.3,8.3,00:00:00,15:00:00,100.125,145.0,63.0,16:00:00,06:00:00,2.0083333333333333,2.5,1.7,11:00:00,01:00:00,20.329166666666666,29.8,14.2,02:00:00,16:00:00,27.02083333333333,37.5,20.0,03:00:00,22:00:00,19.14809027777778,26.7765625,3,1,3,1,2,2,25.491666666666664,22.5,30.7,27.541666666666668,67.45833333333333,18.816666666666663,0.0,0.0,1011.6875,995.0666666666666,44.04166666666666,4.46,1.1204166666666666,25.9,38.3,101.20833333333331,112.45833333333331,52.2,27.1375,25.9375,0.1800833333333333,0.2112916666666666,229.45833333333331,133.45833333333334,96.0,210.20833333333331,229.45833333333331,456.82083333333327
2021-07-25,12.954166666666666,21.4,7.6,02:00:00,15:00:00,85.58333333333333,121.0,62.0,17:00:00,06:00:00,1.7791666666666668,2.3,1.2,17:00:00,21:00:00,14.391666666666666,25.4,9.4,06:00:00,18:00:00,19.5875,30.8,12.0,07:00:00,16:00:00,16.883680555555554,23.41145833333333,2,1,2,1,2,2,22.995833333333334,20.1,25.6,24.666666666666668,76.20833333333333,18.495833333333334,23.8,23.8,1009.4875,992.7625,53.208333333333336,2.99,0.6870833333333334,16.4,25.7,176.33333333333334,154.20833333333334,35.3,24.366666666666664,25.079166666666666,0.2673333333333333,0.2219166666666666,157.33333333333334,59.708333333333336,97.625,86.57083333333333,157.33333333333334,455.2166666666667
2021-07-26,17.254166666666666,26.7,5.5,22:00:00,04:00:00,82.29166666666667,108.0,58.0,18:00:00,23:00:00,1.3083333333333331,1.9,0.9,23:00:00,10:00:00,9.004166666666666,12.4,6.4,22:00:00,14:00:00,12.345833333333331,17.4,7.7,21:00:00,11:00:00,10.65034722222222,13.911631944444444,2,1,2,1,2,1,21.14583333333333,18.9,25.2,23.02916666666667,83.20833333333333,18.1375,40.3,40.3,1012.7,995.8291666666668,64.66666666666667,2.81,0.4408333333333333,14.5,25.1,128.41666666666666,111.25,38.9,22.604166666666668,23.15416666666667,0.398375,0.3244583333333333,165.95833333333334,69.33333333333333,96.625,98.3375,165.95833333333334,453.675
2021-07-27,18.116666666666667,30.1,10.9,09:00:00,05:00:00,67.33333333333333,100.0,40.0,16:00:00,08:00:00,1.5791666666666666,2.5,1.2,12:00:00,18:00:00,10.629166666666666,16.6,5.3,22:00:00,06:00:00,14.545833333333334,21.5,9.2,21:00:00,07:00:00,9.188368055555555,12.968402777777778,2,1,2,1,1,1,21.120833333333334,18.8,24.8,22.945833333333336,86.58333333333333,18.745833333333334,18.9,18.9,1015.1791666666668,998.2666666666668,77.0,2.56,0.3487499999999999,18.8,30.0,84.70833333333333,75.625,33.1,22.575,22.995833333333334,0.4109166666666666,0.3802916666666667,155.375,60.5,94.875,89.3875,155.375,452.125
2021-07-28,16.0125,25.3,9.2,23:00:00,16:00:00,73.125,117.0,38.0,19:00:00,07:00:00,1.8083333333333331,2.9,1.3,23:00:00,15:00:00,16.208333333333332,23.7,8.1,23:00:00,04:00:00,23.620833333333334,33.3,12.5,10:00:00,03:00:00,13.850520833333334,19.322916666666668,2,1,2,1,2,1,22.59166666666667,19.6,26.7,24.83333333333333,81.75,19.1125,3.6,3.6,1013.9333333333334,997.1208333333334,51.79166666666666,3.19,0.5520833333333334,12.0,22.0,132.875,109.95833333333331,32.0,23.016666666666666,22.65833333333333,0.398625,0.3932083333333333,190.41666666666663,87.0,103.41666666666669,155.11666666666667,190.41666666666663,450.525
2021-07-29,21.39583333333333,45.6,10.4,23:00:00,16:00:00,72.45833333333333,142.0,15.0,17:00:00,07:00:00,2.5375,3.3,1.9,10:00:00,20:00:00,17.125,25.3,12.8,23:00:00,15:00:00,23.825,42.6,17.3,23:00:00,06:00:00,17.425520833333334,24.616319444444443,2,1,2,1,2,2,24.058333333333334,19.3,28.5,26.729166666666668,73.20833333333333,18.65,0.0,0.0,1013.35,996.6125,16.041666666666668,4.6000000000000005,0.89,13.1,24.3,247.33333333333331,237.41666666666663,22.0,24.46666666666667,23.3625,0.3646666666666666,0.3645416666666667,268.25,204.04166666666663,64.20833333333333,319.7291666666667,268.25,448.8708333333333
2021-07-30,23.391666666666666,48.7,9.9,00:00:00,16:00:00,70.83333333333333,118.0,20.0,17:00:00,07:00:00,2.283333333333333,3.4,1.7,09:00:00,04:00:00,17.320833333333333,26.1,11.2,01:00:00,15:00:00,26.304166666666664,44.8,20.0,00:00:00,16:00:00,17.781944444444445,26.02326388888889,2,1,2,1,2,2,24.125,19.9,27.8,26.954166666666666,75.95833333333333,19.4625,0.0,0.0,1011.3791666666666,994.6875,19.95833333333333,4.41,0.7795833333333334,8.7,19.3,268.5833333333333,265.1666666666667,22.7,25.09166666666667,24.1,0.322125,0.3329583333333333,259.0,168.16666666666666,90.83333333333331,271.175,259.0,447.1625
2021-07-31,14.941666666666668,26.1,7.0,08:00:00,16:00:00,78.0,116.0,26.0,15:00:00,07:00:00,1.8333333333333333,2.9,1.2,11:00:00,21:00:00,10.791666666666666,15.7,6.2,00:00:00,23:00:00,14.420833333333334,28.3,8.7,00:00:00,23:00:00,13.716840277777775,20.11545138888889,2,1,2,1,2,2,22.175,19.1,26.4,24.7375,84.54166666666667,19.375,20.4,20.4,1008.875,992.1125,49.04166666666666,3.55,0.4395833333333334,19.1,30.0,202.45833333333331,177.33333333333334,41.8,24.366666666666664,24.129166666666663,0.3375416666666666,0.3193333333333333,216.0,129.29166666666666,86.70833333333333,187.29166666666663,216.0,445.39166666666665
2021-08-01,10.570833333333333,17.7,5.0,22:00:00,15:00:00,78.29166666666667,110.0,46.0,15:00:00,23:00:00,1.5666666666666669,2.5,1.0,23:00:00,01:00:00,7.104166666666667,9.9,4.8,09:00:00,15:00:00,10.066666666666666,13.5,6.7,09:00:00,16:00:00,8.155034722222222,11.226215277777778,2,1,2,1,1,1,20.516666666666666,18.1,25.0,22.1,80.66666666666667,16.912499999999998,19.3,19.3,1006.2583333333332,989.4583333333334,56.333333333333336,3.11,0.5054166666666667,13.3,24.8,240.20833333333331,217.41666666666663,31.7,22.27083333333333,22.879166666666663,0.372,0.3160833333333333,191.125,101.70833333333331,89.41666666666667,154.04999999999998,191.125,443.6
2021-08-02,18.329166666666666,33.8,7.9,08:00:00,16:00:00,56.5,112.0,4.0,17:00:00,05:00:00,2.020833333333333,2.5,1.3,12:00:00,03:00:00,9.2625,17.6,6.3,23:00:00,12:00:00,14.3375,25.7,10.2,23:00:00,15:00:00,7.97204861111111,11.46857638888889,2,1,2,1,1,1,20.72083333333333,16.5,25.8,21.53333333333333,70.25,14.5875,2.2,2.2,1011.9083333333332,995.025,27.45833333333333,4.19,0.8191666666666667,12.7,26.1,124.75,129.33333333333334,26.6,22.02916666666667,22.14583333333333,0.34025,0.3089166666666667,253.91666666666663,183.54166666666663,70.375,283.2,253.91666666666663,441.7416666666666
2021-08-03,19.495833333333334,31.9,7.7,09:00:00,15:00:00,66.66666666666667,113.0,24.0,16:00:00,07:00:00,1.7833333333333332,2.4,1.5,00:00:00,02:00:00,15.041666666666666,24.2,8.7,03:00:00,18:00:00,21.008333333333333,34.1,13.3,22:00:00,17:00:00,13.049131944444444,18.70868055555556,2,1,2,1,2,1,20.466666666666665,17.2,24.5,21.72083333333333,77.79166666666667,16.266666666666666,4.2,4.2,1014.3208333333332,997.3833333333332,54.5,3.43,0.5804166666666667,11.5,17.3,95.04166666666669,102.125,27.0,22.041666666666668,22.0625,0.3333333333333333,0.3057083333333333,205.41666666666663,102.95833333333331,102.45833333333331,145.3,205.41666666666663,439.8375
2021-08-04,20.6125,30.2,12.7,09:00:00,04:00:00,48.29166666666666,65.0,22.0,13:00:00,08:00:00,1.675,2.2,1.1,04:00:00,22:00:00,10.875,17.9,8.0,00:00:00,21:00:00,15.220833333333331,22.8,9.2,00:00:00,21:00:00,12.706944444444444,18.14392361111111,2,1,1,1,2,1,19.766666666666666,18.1,22.0,21.45,87.79166666666667,17.641666666666666,27.1,27.1,1011.5,994.5666666666666,96.16666666666669,1.53,0.29,11.7,18.1,167.5,157.08333333333334,39.2,21.041666666666668,21.8875,0.3455,0.3047916666666666,83.875,16.125,67.75,28.1625,83.875,437.8875000000001
2021-08-05,12.7625,20.7,7.5,07:00:00,14:00:00,59.91666666666666,89.0,18.0,17:00:00,08:00:00,2.145833333333333,3.1,1.4,08:00:00,02:00:00,8.520833333333334,15.5,3.8,08:00:00,16:00:00,12.441666666666668,17.8,6.6,08:00:00,16:00:00,9.489236111111111,13.490451388888888,2,1,2,1,1,1,21.47083333333333,16.3,27.5,22.566666666666663,75.95833333333333,16.529166666666665,6.9,6.9,1007.1791666666668,990.4125,25.08333333333333,4.72,0.7458333333333332,17.9,24.0,246.70833333333331,232.33333333333331,34.9,21.73333333333333,21.275,0.3673333333333333,0.3354166666666667,285.4583333333333,219.625,65.83333333333333,337.2625,285.4583333333333,435.8958333333333
2021-08-06,15.158333333333331,29.3,6.8,08:00:00,14:00:00,73.08333333333333,122.0,15.0,17:00:00,07:00:00,2.3000000000000003,2.9,1.6,21:00:00,14:00:00,11.429166666666667,18.7,8.0,23:00:00,17:00:00,18.64583333333333,30.3,13.1,21:00:00,00:00:00,9.563020833333333,14.80034722222222,2,1,2,1,1,1,22.266666666666666,16.2,27.5,24.1875,72.125,16.554166666666667,0.0,0.0,1007.2166666666668,990.4958333333334,8.25,4.77,0.8583333333333334,11.2,23.6,226.70833333333331,219.79166666666663,19.1,23.679166666666664,22.58333333333333,0.3212083333333334,0.3166666666666666,291.4166666666667,234.75,56.66666666666666,371.76666666666665,291.4166666666667,433.8666666666666
2021-08-07,13.091666666666669,22.7,6.8,08:00:00,14:00:00,77.125,117.0,31.0,17:00:00,07:00:00,2.333333333333333,3.0,1.6,00:00:00,20:00:00,12.495833333333332,15.8,10.2,23:00:00,16:00:00,20.775,25.6,17.5,02:00:00,16:00:00,12.186284722222224,20.985069444444445,2,1,2,1,2,2,22.925,19.3,26.7,24.445833333333336,72.04166666666667,17.404166666666665,0.9,0.9,1007.6166666666668,990.925,38.66666666666666,3.95,0.8366666666666666,12.5,24.6,153.83333333333334,163.33333333333334,27.4,23.975,23.3375,0.2812083333333333,0.2946249999999999,218.75,139.125,79.625,215.65833333333333,218.75,431.7833333333333
2021-08-08,14.441666666666668,25.1,5.6,22:00:00,15:00:00,63.75,106.0,26.0,19:00:00,08:00:00,1.8125,2.6,1.4,22:00:00,01:00:00,10.625,15.3,7.3,01:00:00,19:00:00,16.537499999999998,24.5,10.7,23:00:00,17:00:00,11.948090277777778,18.162152777777777,2,1,2,1,2,1,21.95,17.9,26.1,24.4,83.375,18.9125,14.8,14.8,1010.075,993.2916666666666,39.708333333333336,3.39,0.4729166666666666,16.0,24.8,140.125,159.54166666666666,36.0,23.491666666666664,23.1625,0.352375,0.30075,213.79166666666663,134.16666666666666,79.625,222.8083333333333,213.79166666666663,429.6583333333333
2021-08-09,17.712500000000002,38.8,7.5,08:00:00,16:00:00,74.83333333333333,126.0,18.0,19:00:00,07:00:00,2.3666666666666667,3.3,1.7,04:00:00,15:00:00,12.083333333333334,19.7,7.2,23:00:00,16:00:00,22.64583333333333,36.4,15.2,22:00:00,16:00:00,11.19392361111111,19.375694444444445,2,1,2,1,2,1,22.90416666666667,17.2,28.1,24.95,70.58333333333333,16.883333333333333,0.0,0.0,1016.1916666666666,999.35,5.208333333333333,4.78,0.9229166666666666,12.2,26.3,259.2083333333333,194.125,20.9,24.525,23.59583333333333,0.299,0.284,282.9583333333333,229.79166666666663,53.16666666666666,363.54583333333335,282.9583333333333,427.5083333333334
2021-08-10,23.379166666666663,35.3,11.0,09:00:00,16:00:00,83.125,157.0,12.0,18:00:00,05:00:00,2.1666666666666665,3.0,1.5,10:00:00,00:00:00,17.608333333333334,28.1,9.9,08:00:00,17:00:00,28.6125,41.9,18.3,22:00:00,15:00:00,15.522916666666667,26.544965277777777,2,1,2,1,2,2,23.5,17.2,28.9,25.891666666666666,71.91666666666667,17.654166666666665,0.0,0.0,1017.325,1000.5083333333332,10.0,4.69,0.9570833333333332,9.0,16.1,246.125,243.29166666666663,18.7,25.0875,24.025,0.263625,0.2676666666666666,270.4583333333333,198.625,71.83333333333333,323.8833333333333,270.4583333333333,425.3083333333333
2021-08-11,23.9125,36.9,11.6,08:00:00,15:00:00,94.75,183.0,21.0,17:00:00,07:00:00,2.3916666666666666,3.3,1.9,11:00:00,01:00:00,18.141666666666666,28.0,12.1,00:00:00,17:00:00,25.308333333333334,48.0,17.6,00:00:00,16:00:00,17.68263888888889,27.8203125,2,1,2,1,2,2,24.725,18.2,31.0,27.8125,73.20833333333333,19.041666666666668,0.0,0.0,1016.4708333333332,999.7291666666666,3.1666666666666665,4.92,1.0075,8.0,12.1,189.875,184.58333333333331,17.6,26.125,24.6375,0.2274583333333333,0.24725,280.4166666666667,227.33333333333331,53.083333333333336,361.25,280.4166666666667,423.075
2021-08-12,21.4125,34.1,9.5,08:00:00,14:00:00,106.375,187.0,31.0,18:00:00,07:00:00,2.325,2.7,1.9,18:00:00,13:00:00,17.416666666666668,27.9,12.0,00:00:00,15:00:00,23.8875,45.4,18.1,23:00:00,13:00:00,17.367013888888888,22.066666666666663,3,1,3,1,2,2,26.808333333333334,22.1,32.1,29.6125,64.66666666666667,19.120833333333334,0.0,0.0,1018.5875,1001.9333333333334,7.25,5.3100000000000005,1.3875,9.7,20.5,111.125,96.41666666666669,23.0,27.191666666666663,25.495833333333334,0.2014166666666666,0.2315,280.0,229.79166666666663,50.208333333333336,363.6583333333333,280.0,420.81666666666666
2021-08-13,21.508333333333336,33.6,10.6,23:00:00,16:00:00,108.95833333333331,185.0,49.0,17:00:00,08:00:00,2.145833333333333,2.6,1.8,20:00:00,01:00:00,19.95,30.4,12.9,02:00:00,15:00:00,29.08333333333333,46.4,22.3,00:00:00,15:00:00,19.4484375,28.4625,3,1,3,1,2,2,27.65416666666667,21.7,33.1,30.83333333333333,62.208333333333336,19.33333333333333,0.0,0.0,1020.0208333333334,1003.3916666666668,20.5,5.19,1.5375,7.9,16.1,110.54166666666669,110.875,18.4,28.266666666666666,26.27916666666667,0.1821249999999999,0.2189583333333333,278.7916666666667,229.125,49.66666666666666,360.7166666666667,278.7916666666667,418.525
2021-08-14,19.0375,31.5,8.2,00:00:00,15:00:00,100.91666666666669,176.0,20.0,17:00:00,07:00:00,2.2666666666666666,3.1,1.8,20:00:00,11:00:00,18.529166666666665,23.0,13.2,01:00:00,13:00:00,30.1125,42.0,23.4,01:00:00,06:00:00,18.876215277777774,28.92760416666667,3,1,3,1,2,2,28.3,22.6,33.9,32.204166666666666,67.08333333333333,20.975,0.0,0.0,1019.0291666666668,1002.4375,1.7083333333333333,5.24,1.4520833333333334,13.4,20.2,64.04166666666667,86.70833333333333,24.1,29.254166666666663,27.008333333333336,0.1570833333333333,0.1999583333333333,270.875,219.29166666666663,51.583333333333336,353.5208333333333,270.875,416.1791666666666
2021-08-15,17.650000000000002,36.8,7.6,00:00:00,15:00:00,97.83333333333331,162.0,45.0,16:00:00,06:00:00,2.4375,3.8,1.7,23:00:00,04:00:00,21.091666666666665,24.7,18.4,09:00:00,12:00:00,31.445833333333336,38.5,25.6,18:00:00,05:00:00,19.38454861111111,30.035243055555554,2,1,2,1,2,2,28.15833333333333,22.8,33.7,31.425,63.833333333333336,20.05,0.0,0.0,1014.3416666666668,997.825,8.166666666666666,5.05,1.5325,16.2,25.4,169.45833333333334,174.45833333333334,32.0,29.620833333333334,27.683333333333334,0.1400833333333333,0.1852083333333333,248.95833333333331,189.29166666666663,59.66666666666666,307.5541666666667,248.95833333333331,413.81666666666666
2021-08-16,13.233333333333334,31.4,7.1,08:00:00,15:00:00,80.04166666666667,141.0,30.0,16:00:00,07:00:00,2.670833333333333,3.6,1.6,04:00:00,23:00:00,16.3625,23.8,4.4,13:00:00,23:00:00,28.9125,55.6,5.7,00:00:00,23:00:00,19.672395833333333,33.28541666666667,2,1,2,1,2,2,25.775,21.9,32.7,26.291666666666668,55.66666666666666,15.8375,0.1,0.1,1009.9958333333334,993.425,13.958333333333334,5.46,1.5337500000000002,26.5,44.5,242.45833333333331,241.25,51.5,28.416666666666668,27.72083333333333,0.119125,0.1709166666666667,235.70833333333331,176.0,59.708333333333336,280.8833333333333,235.70833333333331,411.425
2021-08-17,12.625,23.9,6.6,23:00:00,04:00:00,79.41666666666667,112.0,40.0,19:00:00,08:00:00,1.8041666666666665,2.6,1.1,20:00:00,00:00:00,5.5125,11.8,2.3,22:00:00,04:00:00,9.9125,18.5,4.7,21:00:00,03:00:00,8.995659722222223,15.51684027777778,2,1,2,1,1,1,25.72083333333333,21.1,30.9,23.729166666666668,33.458333333333336,8.2125,0.0,0.0,1011.3333333333334,994.7333333333332,12.958333333333334,7.14,2.27125,26.5,44.2,161.45833333333334,164.70833333333334,46.1,27.52916666666667,26.516666666666666,0.1184166666666666,0.1661666666666666,280.625,228.33333333333331,52.29166666666666,360.12916666666666,280.625,408.9875
2021-08-18,13.829166666666666,25.0,7.2,00:00:00,14:00:00,80.5,115.0,47.0,18:00:00,08:00:00,1.9416666666666669,2.1,1.6,03:00:00,20:00:00,8.5625,11.3,6.4,08:00:00,11:00:00,14.295833333333334,18.4,10.4,21:00:00,19:00:00,7.918229166666666,13.447395833333331,2,1,2,1,1,1,23.9,19.9,28.1,23.320833333333336,50.583333333333336,12.8125,0.1,0.1,1014.0958333333332,997.3583333333332,9.708333333333334,5.44,1.5195833333333333,13.8,25.9,88.0,93.375,29.2,26.65,26.28333333333333,0.120875,0.163625,247.75,189.16666666666663,58.583333333333336,312.7625,247.75,406.4875
2021-08-19,16.162499999999998,27.0,7.8,23:00:00,14:00:00,89.79166666666667,134.0,55.0,19:00:00,08:00:00,2.145833333333333,2.6,1.8,23:00:00,02:00:00,11.433333333333332,17.4,7.1,23:00:00,15:00:00,17.333333333333332,27.9,12.9,21:00:00,13:00:00,10.042708333333334,15.391319444444443,2,1,2,1,2,1,23.758333333333336,19.5,28.6,23.42083333333333,50.0,12.520833333333334,0.0,0.0,1014.4,997.6416666666668,22.666666666666668,4.73,1.53125,11.6,23.1,79.04166666666667,87.54166666666667,26.6,26.09583333333333,25.84166666666667,0.1275,0.165125,221.04166666666663,143.79166666666666,77.25,239.7875,221.04166666666663,403.9375
2021-08-20,19.67083333333333,31.8,8.1,08:00:00,15:00:00,85.79166666666667,140.0,45.0,19:00:00,07:00:00,2.25,2.7,1.9,09:00:00,12:00:00,13.266666666666666,21.8,8.8,23:00:00,13:00:00,19.870833333333334,37.2,13.9,23:00:00,14:00:00,12.405208333333334,18.522916666666667,2,1,2,1,2,1,24.7375,19.8,29.8,25.14583333333333,51.375,13.4875,0.0,0.0,1015.0791666666668,998.3625,20.375,4.48,1.62625,11.2,21.5,80.91666666666667,90.20833333333331,19.4,26.825,25.854166666666668,0.1274166666666666,0.1609583333333333,228.5,163.41666666666666,65.08333333333333,268.80833333333334,228.5,401.325
2021-08-21,19.745833333333334,33.8,8.0,01:00:00,16:00:00,88.54166666666667,148.0,46.0,16:00:00,02:00:00,2.191666666666667,2.5,1.8,00:00:00,04:00:00,15.55,24.4,9.8,01:00:00,14:00:00,21.154166666666665,36.0,16.3,00:00:00,05:00:00,14.952604166666667,21.26805555555556,2,1,2,1,2,2,25.5125,20.3,31.0,26.791666666666668,56.333333333333336,15.570833333333333,0.0,0.0,1017.35,1000.6416666666668,12.541666666666666,4.46,1.575416666666667,10.3,20.4,134.41666666666666,127.45833333333331,19.1,27.516666666666666,26.2875,0.1275,0.159,235.33333333333331,174.75,60.583333333333336,288.9541666666667,235.33333333333331,398.6833333333333
2021-08-22,14.716666666666669,26.8,6.7,00:00:00,17:00:00,82.58333333333333,130.0,39.0,15:00:00,06:00:00,2.6583333333333337,3.4,2.0,04:00:00,21:00:00,13.65,24.0,10.3,08:00:00,17:00:00,20.558333333333334,29.4,16.3,08:00:00,18:00:00,14.479340277777778,20.838194444444444,2,1,2,1,2,2,25.304166666666664,19.6,31.0,26.70833333333333,59.583333333333336,16.3125,0.3999999999999999,0.3999999999999999,1015.9791666666666,999.275,31.08333333333333,4.84,1.4329166666666666,15.1,22.0,249.58333333333331,241.0,29.5,27.504166666666663,26.558333333333334,0.1307916666666666,0.1590416666666666,237.79166666666663,171.83333333333334,65.95833333333333,257.9833333333333,237.79166666666663,395.9875
2021-08-23,13.558333333333332,33.8,7.2,08:00:00,17:00:00,74.0,112.0,22.0,16:00:00,07:00:00,2.120833333333333,3.0,1.4,07:00:00,17:00:00,10.404166666666669,15.3,6.3,23:00:00,18:00:00,13.720833333333331,19.7,9.4,00:00:00,16:00:00,11.684201388888887,16.990277777777777,2,1,2,1,2,1,23.2625,19.8,27.7,24.4,72.125,17.441666666666666,1.6,1.6,1014.2833333333332,997.4958333333334,25.416666666666668,4.03,0.8770833333333333,18.5,27.1,152.625,156.95833333333334,41.4,24.92083333333333,25.6375,0.2295833333333333,0.1534583333333333,200.70833333333331,140.70833333333334,60.0,239.0375,200.70833333333331,393.2458333333333
2021-08-24,18.491666666666667,32.5,9.2,08:00:00,16:00:00,68.20833333333333,112.0,25.0,17:00:00,07:00:00,1.9958333333333331,2.8,1.5,08:00:00,02:00:00,12.4,19.3,6.5,08:00:00,15:00:00,16.366666666666667,23.6,10.5,08:00:00,14:00:00,12.114756944444444,15.424305555555556,2,1,2,1,2,1,21.945833333333336,18.5,26.8,22.67083333333333,65.375,14.958333333333334,0.8999999999999999,0.8999999999999999,1015.7875,998.8958333333334,36.833333333333336,3.39,0.96375,15.3,19.8,61.79166666666666,71.875,32.8,23.96666666666667,24.441666666666663,0.2432083333333333,0.1630416666666666,177.16666666666666,99.20833333333331,77.95833333333333,157.87916666666666,177.16666666666666,390.4625
2021-08-25,17.025000000000002,27.3,8.5,08:00:00,14:00:00,76.0,114.0,45.0,17:00:00,08:00:00,1.925,2.5,1.5,08:00:00,12:00:00,7.970833333333334,14.4,5.7,23:00:00,11:00:00,12.070833333333333,20.3,8.4,23:00:00,06:00:00,9.012673611111111,13.239583333333334,2,1,2,1,1,1,22.45833333333333,18.4,26.7,22.575,57.333333333333336,13.175,0.3,0.3,1015.3375,998.4916666666668,27.666666666666668,4.25,1.23875,12.1,23.0,65.375,74.41666666666667,27.7,24.141666666666666,24.004166666666663,0.2185833333333333,0.1526666666666666,226.29166666666663,165.45833333333334,60.833333333333336,266.52500000000003,226.29166666666663,387.6375
2021-08-26,20.454166666666666,37.0,8.9,08:00:00,17:00:00,79.25,130.0,20.0,15:00:00,07:00:00,2.470833333333333,3.0,1.8,20:00:00,00:00:00,13.133333333333333,19.4,7.9,08:00:00,18:00:00,17.395833333333332,25.6,11.1,08:00:00,18:00:00,11.627951388888889,15.951388888888888,2,1,2,1,2,1,22.95,16.7,29.3,23.179166666666664,56.41666666666666,13.266666666666666,0.0,0.0,1009.9333333333334,993.2083333333334,9.916666666666666,4.859999999999999,1.3554166666666667,11.2,22.5,168.33333333333334,174.54166666666666,23.0,24.85833333333333,24.195833333333336,0.197375,0.1583333333333333,256.25,208.625,47.625,343.35,256.25,384.7708333333333
2021-08-27,14.208333333333334,24.9,8.0,07:00:00,16:00:00,78.125,98.0,42.0,18:00:00,07:00:00,2.1,3.8,1.3,01:00:00,16:00:00,8.704166666666667,16.2,6.0,07:00:00,11:00:00,12.483333333333334,21.3,8.9,07:00:00,10:00:00,10.404861111111112,14.249305555555557,2,1,2,1,2,1,20.525,16.9,23.5,20.0,68.16666666666667,14.258333333333333,0.1,0.1,1009.6375,992.7833333333332,48.04166666666666,3.69,0.8004166666666667,18.9,27.0,136.41666666666666,138.16666666666666,38.2,23.041666666666668,24.17083333333333,0.1890416666666666,0.1523333333333333,185.58333333333331,117.25,68.33333333333333,190.07083333333333,185.58333333333331,381.8625
2021-08-28,13.9,28.5,7.5,22:00:00,14:00:00,83.66666666666667,117.0,59.0,17:00:00,07:00:00,2.0125,2.7,1.4,23:00:00,00:00:00,8.541666666666666,13.2,4.9,04:00:00,18:00:00,12.866666666666667,17.1,7.1,05:00:00,18:00:00,8.463368055555556,12.89861111111111,2,1,2,1,1,1,20.0625,16.9,24.6,19.591666666666665,59.66666666666666,11.458333333333334,1.4,1.4,1012.5916666666668,995.65,31.5,3.93,1.01375,14.2,23.4,85.08333333333333,94.25,24.8,22.65,23.22083333333333,0.1922083333333333,0.1567916666666666,217.41666666666663,161.75,55.66666666666666,262.2708333333333,217.41666666666663,379.075
2021-08-29,17.391666666666666,32.7,7.4,23:00:00,15:00:00,71.375,113.0,35.0,17:00:00,07:00:00,2.2583333333333333,2.5,2.0,04:00:00,02:00:00,9.266666666666667,14.7,4.4,00:00:00,16:00:00,13.441666666666668,22.9,6.4,01:00:00,15:00:00,9.375,13.534375,2,1,2,1,1,1,19.8875,13.9,25.9,19.40833333333333,57.125,10.304166666666667,0.1,0.1,1012.55,995.5958333333332,12.0,4.22,1.13,15.5,19.5,119.0,112.375,27.7,22.65,22.7125,0.1787083333333333,0.1577083333333333,251.08333333333331,201.375,49.708333333333336,340.75416666666666,251.08333333333331,376.25416666666666
2021-08-30,19.825,31.0,10.5,08:00:00,16:00:00,71.91666666666667,119.0,33.0,17:00:00,08:00:00,2.395833333333333,3.2,1.9,23:00:00,01:00:00,11.2125,16.9,6.9,08:00:00,17:00:00,15.920833333333334,22.2,10.9,08:00:00,18:00:00,10.194618055555557,14.423784722222225,2,1,2,1,2,1,20.7375,15.5,26.3,20.1125,54.958333333333336,10.904166666666669,0.0,0.0,1012.5625,995.6625,18.416666666666668,4.08,1.1966666666666663,14.8,26.7,142.83333333333334,151.54166666666666,27.0,22.933333333333334,22.85,0.1712916666666666,0.1595416666666666,216.45833333333331,156.95833333333334,59.5,258.27916666666664,216.45833333333331,373.3958333333333
2021-08-31,18.5375,35.8,11.4,23:00:00,15:00:00,79.41666666666667,125.0,44.0,17:00:00,08:00:00,2.1416666666666666,3.0,1.3,00:00:00,05:00:00,10.641666666666667,17.5,6.3,23:00:00,14:00:00,14.5375,25.8,8.1,23:00:00,15:00:00,10.455902777777778,14.827083333333334,2,1,2,1,2,1,20.075,16.8,25.3,21.066666666666663,74.58333333333333,14.9875,15.9,15.9,1016.3291666666668,999.325,31.666666666666668,3.16,0.6766666666666667,12.3,19.9,135.41666666666666,155.375,22.0,22.541666666666668,22.758333333333336,0.24125,0.158,198.29166666666663,133.04166666666666,65.25,228.6291666666667,198.29166666666663,370.51666666666665
2021-09-01,26.0875,41.5,12.1,08:00:00,16:00:00,67.45833333333333,135.0,10.0,17:00:00,07:00:00,2.1,3.0,1.7,10:00:00,19:00:00,15.545833333333334,28.8,7.3,02:00:00,15:00:00,20.575,34.9,9.4,23:00:00,15:00:00,13.871701388888887,18.143229166666668,2,1,2,1,2,1,21.28333333333333,15.1,26.4,21.825,64.08333333333333,13.616666666666667,0.0,0.0,1020.2666666666668,1003.2708333333334,11.208333333333334,3.64,1.0329166666666667,9.8,20.3,81.95833333333333,94.45833333333331,18.4,23.2125,22.766666666666666,0.1740416666666666,0.1537083333333333,211.54166666666663,158.5,53.04166666666666,277.26666666666665,211.54166666666663,367.6041666666667
2021-09-02,22.379166666666663,41.8,9.1,00:00:00,14:00:00,83.375,128.0,43.0,17:00:00,08:00:00,2.1708333333333334,2.7,1.5,00:00:00,18:00:00,17.395833333333332,33.0,8.2,01:00:00,16:00:00,21.525,34.8,12.2,00:00:00,17:00:00,17.744791666666668,21.70555555555556,2,1,2,1,2,2,22.054166666666664,16.8,27.1,21.641666666666666,58.208333333333336,12.920833333333334,0.0,0.0,1022.2875,1005.3041666666668,4.833333333333333,4.54,1.2208333333333334,13.4,27.0,84.125,91.54166666666669,28.8,23.725,23.354166666666668,0.163875,0.152,231.0,180.54166666666663,50.458333333333336,310.4208333333333,231.0,364.76666666666665
2021-09-03,22.079166666666666,43.7,10.5,21:00:00,14:00:00,84.75,134.0,44.0,17:00:00,08:00:00,2.433333333333333,3.1,1.8,09:00:00,01:00:00,13.783333333333331,21.5,9.2,23:00:00,13:00:00,20.89583333333333,33.8,13.7,22:00:00,15:00:00,13.567534722222222,19.6078125,2,1,2,1,2,1,22.066666666666663,17.3,26.6,21.425,51.375,11.179166666666667,0.0,0.0,1019.6416666666668,1002.7083333333334,27.33333333333333,4.43,1.3741666666666663,14.1,27.0,105.66666666666669,112.41666666666669,24.8,24.204166666666666,23.7375,0.1565,0.1535,224.25,166.625,57.625,274.7291666666667,224.25,361.9666666666667
2021-09-04,23.820833333333336,46.1,9.4,00:00:00,16:00:00,81.41666666666667,140.0,27.0,16:00:00,08:00:00,2.583333333333333,3.5,2.2,10:00:00,15:00:00,18.591666666666665,27.4,10.3,23:00:00,14:00:00,23.04583333333333,35.6,15.3,23:00:00,14:00:00,16.875868055555554,22.61493055555556,2,1,2,1,2,2,22.04583333333333,16.8,27.1,22.1125,56.958333333333336,12.625,0.1,0.1,1015.8,998.9208333333332,27.75,3.95,1.2466666666666666,8.4,18.5,92.45833333333331,100.70833333333331,17.6,24.15833333333333,23.829166666666666,0.154375,0.1551249999999999,214.16666666666663,154.125,60.04166666666666,261.4125,214.16666666666663,359.14166666666665
2021-09-05,18.775,28.3,8.3,02:00:00,15:00:00,90.66666666666669,145.0,40.0,16:00:00,08:00:00,2.529166666666667,3.0,2.0,09:00:00,07:00:00,17.275000000000002,31.3,11.2,02:00:00,14:00:00,23.541666666666668,35.3,14.3,01:00:00,16:00:00,18.445486111111112,24.405555555555555,2,1,2,1,2,2,22.695833333333336,17.1,27.8,23.254166666666663,60.29166666666666,13.954166666666666,0.1,0.1,1017.9166666666666,1001.0333333333332,12.458333333333334,4.0,1.2183333333333335,13.1,22.1,77.875,89.625,27.7,24.775,24.070833333333336,0.1470833333333333,0.1549583333333333,218.5,168.41666666666666,50.083333333333336,288.9583333333333,218.5,356.3
2021-09-06,21.6625,41.2,9.5,09:00:00,14:00:00,86.16666666666667,136.0,38.0,17:00:00,08:00:00,2.475,3.0,2.0,08:00:00,15:00:00,14.7375,21.0,9.1,00:00:00,17:00:00,20.508333333333333,30.3,15.4,22:00:00,17:00:00,15.107291666666669,20.72829861111111,2,1,2,1,2,2,23.016666666666666,18.4,27.9,22.808333333333334,52.708333333333336,12.191666666666668,0.0,0.0,1021.7916666666666,1004.8625,20.625,4.35,1.43125,11.9,22.2,89.54166666666667,102.04166666666669,21.6,25.05,24.320833333333336,0.1432083333333333,0.1526249999999999,222.95833333333331,170.75,52.208333333333336,288.9291666666667,222.95833333333331,353.4583333333333
2021-09-07,30.379166666666663,56.1,12.8,08:00:00,15:00:00,81.625,147.0,10.0,17:00:00,08:00:00,2.9875000000000003,4.0,2.0,08:00:00,17:00:00,19.695833333333333,29.5,11.9,22:00:00,15:00:00,26.979166666666668,42.9,20.8,22:00:00,15:00:00,17.20746527777778,23.26770833333333,2,1,2,1,2,2,22.8,17.5,27.9,22.366666666666664,51.16666666666666,11.425,0.0,0.0,1021.6916666666666,1004.75,27.125,4.08,1.4833333333333334,10.6,23.4,99.125,107.54166666666669,19.1,24.45,24.191666666666663,0.1431666666666666,0.1576666666666666,204.125,134.125,70.0,234.125,204.125,350.62916666666666
2021-09-08,22.916666666666668,39.4,9.8,08:00:00,15:00:00,91.70833333333331,135.0,52.0,16:00:00,08:00:00,3.3041666666666667,4.0,2.7,09:00:00,02:00:00,18.391666666666666,30.0,10.2,02:00:00,16:00:00,26.475,37.7,17.9,02:00:00,17:00:00,20.40243055555556,28.825,3,1,2,1,3,2,22.72083333333333,18.9,27.3,21.258333333333333,46.16666666666666,10.104166666666666,0.0,0.0,1019.6083333333332,1002.7166666666668,24.791666666666668,4.62,1.5633333333333337,13.8,26.7,93.58333333333331,99.875,29.9,24.041666666666668,24.0625,0.149375,0.1627916666666666,195.04166666666663,133.33333333333334,61.708333333333336,236.72083333333333,195.04166666666663,347.7625
2021-09-09,28.3375,48.8,10.3,08:00:00,16:00:00,86.41666666666667,148.0,36.0,18:00:00,08:00:00,3.683333333333333,4.9,2.7,11:00:00,02:00:00,20.541666666666668,27.0,12.3,05:00:00,14:00:00,28.266666666666666,36.3,19.5,22:00:00,15:00:00,18.352256944444445,25.897222222222226,2,1,2,1,2,2,22.0375,17.2,27.2,21.070833333333333,46.083333333333336,9.475,0.0,0.0,1017.2583333333332,1000.3541666666666,15.208333333333334,4.23,1.5112500000000002,9.9,20.7,146.41666666666666,125.45833333333331,23.4,24.079166666666666,23.916666666666668,0.1506249999999999,0.1660833333333333,215.625,163.83333333333334,51.79166666666666,286.425,215.625,344.8541666666667
2021-09-10,33.645833333333336,58.9,14.5,21:00:00,15:00:00,77.29166666666667,142.0,33.0,17:00:00,08:00:00,3.3208333333333333,4.1,2.5,23:00:00,07:00:00,27.3125,40.4,17.0,07:00:00,16:00:00,35.891666666666666,47.1,24.6,09:00:00,17:00:00,25.042534722222214,33.38333333333333,4,1,2,1,4,2,21.945833333333336,17.6,26.5,21.729166666666668,53.04166666666666,11.691666666666668,0.0,0.0,1016.7875,999.8833333333332,46.208333333333336,3.28,1.299583333333333,8.4,16.2,170.91666666666666,163.83333333333334,21.6,23.804166666666664,23.85833333333333,0.1450833333333333,0.158375,161.75,101.66666666666669,60.083333333333336,159.875,161.75,341.9166666666667
2021-09-11,30.175,56.8,9.2,01:00:00,16:00:00,77.25,154.0,13.0,17:00:00,07:00:00,3.8041666666666663,5.0,2.8,11:00:00,23:00:00,20.666666666666668,33.1,11.4,02:00:00,17:00:00,27.870833333333334,47.4,19.6,23:00:00,15:00:00,23.16979166666667,30.76388888888889,3,1,2,1,3,2,23.0375,18.6,27.9,23.33333333333333,56.04166666666666,13.295833333333334,0.1,0.1,1016.4541666666668,999.6291666666666,28.166666666666668,3.88,1.3395833333333331,9.7,22.0,206.16666666666663,154.16666666666666,24.8,24.883333333333336,24.183333333333334,0.144875,0.1574166666666666,209.54166666666663,159.29166666666666,50.25,282.2625,209.54166666666663,338.94166666666666
2021-09-12,24.21666666666667,51.3,7.5,23:00:00,15:00:00,91.33333333333331,162.0,35.0,15:00:00,08:00:00,2.9250000000000003,3.4,2.5,08:00:00,16:00:00,23.5125,32.7,13.6,01:00:00,18:00:00,30.320833333333336,48.0,23.7,00:00:00,15:00:00,22.1546875,29.0703125,3,1,2,1,3,2,23.1375,17.2,28.4,23.854166666666668,57.66666666666666,13.804166666666667,0.0,0.0,1015.85,999.0291666666668,8.541666666666666,3.5500000000000003,1.3258333333333334,7.1,16.3,106.20833333333331,117.41666666666669,18.0,24.7875,24.3375,0.1425833333333333,0.161625,208.66666666666663,164.25,44.41666666666666,299.75416666666666,208.66666666666663,335.9291666666667
2021-09-13,33.84166666666667,56.9,12.7,09:00:00,16:00:00,81.16666666666667,167.0,10.0,17:00:00,08:00:00,3.1375,3.8,2.2,21:00:00,05:00:00,28.3875,40.0,18.8,10:00:00,23:00:00,35.44166666666667,47.1,25.0,00:00:00,23:00:00,25.833506944444448,33.6453125,4,1,2,1,4,2,23.28333333333333,15.9,29.7,23.65,54.625,12.7625,0.0,0.0,1015.8666666666668,999.0625,10.375,3.96,1.4891666666666667,11.0,24.6,129.20833333333334,148.04166666666666,20.9,24.758333333333336,24.195833333333336,0.1403333333333333,0.1605833333333333,220.75,178.29166666666666,42.458333333333336,319.43333333333334,220.75,332.8833333333333
2021-09-14,24.73333333333333,51.5,10.4,08:00:00,14:00:00,73.54166666666667,111.0,17.0,14:00:00,08:00:00,3.2916666666666665,4.6,2.6,10:00:00,15:00:00,14.720833333333331,24.3,9.3,07:00:00,18:00:00,20.825,32.0,14.6,08:00:00,18:00:00,21.587847222222223,27.57065972222222,3,1,2,1,3,2,22.695833333333336,17.5,27.5,23.5375,64.20833333333333,15.445833333333333,0.0,0.0,1016.9041666666668,1000.0458333333332,28.625,3.38,1.0408333333333333,10.1,20.7,265.75,254.95833333333331,26.6,23.995833333333334,24.08333333333333,0.1432083333333333,0.1801249999999999,169.95833333333334,99.95833333333331,70.0,179.70833333333334,169.95833333333334,329.8583333333333
2021-09-15,26.741666666666664,47.7,12.3,08:00:00,15:00:00,46.375,87.0,17.0,16:00:00,08:00:00,2.9958333333333336,3.8,2.1,06:00:00,16:00:00,14.525,21.4,10.8,23:00:00,01:00:00,21.125,31.9,15.2,22:00:00,02:00:00,13.262847222222222,19.415104166666666,2,1,1,1,2,1,22.225,18.9,26.5,23.90833333333333,73.54166666666667,16.966666666666665,0.4,0.4,1016.6375,999.7541666666666,70.66666666666667,2.51,0.7670833333333333,10.8,17.9,179.16666666666666,194.70833333333331,33.1,23.7875,23.90833333333333,0.14525,0.1777916666666666,133.625,58.875,74.75,102.02083333333331,133.625,326.8666666666667
2021-09-16,27.275,47.7,16.9,09:00:00,16:00:00,37.458333333333336,70.0,4.0,16:00:00,09:00:00,2.5625,3.1,1.6,01:00:00,23:00:00,15.4875,23.6,10.1,00:00:00,18:00:00,22.0,32.6,15.1,00:00:00,19:00:00,16.39548611111111,23.760243055555552,2,1,1,1,2,2,20.1875,18.3,23.8,21.941666666666663,87.91666666666667,18.066666666666663,24.8,24.8,1014.7,997.7375,79.41666666666667,1.24,0.2970833333333333,12.3,21.1,131.04166666666666,108.45833333333331,40.7,21.616666666666664,23.1625,0.2397083333333333,0.1719166666666667,68.45833333333333,11.833333333333334,56.625,19.04583333333333,68.45833333333333,323.84583333333336
2021-09-17,26.675,50.5,16.6,21:00:00,14:00:00,43.458333333333336,94.0,4.0,18:00:00,07:00:00,2.783333333333333,4.2,1.8,11:00:00,00:00:00,12.558333333333332,24.3,6.8,23:00:00,17:00:00,17.724999999999998,39.0,10.8,23:00:00,16:00:00,12.551215277777777,18.094791666666666,2,1,1,1,2,1,20.8,16.0,25.6,22.525,79.95833333333333,16.95416666666667,0.8,0.8,1011.2708333333334,994.3916666666668,33.166666666666664,3.07,0.5654166666666667,10.0,14.3,189.79166666666663,190.33333333333331,23.0,21.725,21.92083333333333,0.3414999999999999,0.233625,195.08333333333331,137.75,57.333333333333336,260.9916666666667,195.08333333333331,320.8041666666667
2021-09-18,23.225,43.8,11.5,00:00:00,15:00:00,56.375,102.0,25.0,18:00:00,05:00:00,2.2125,2.8,1.9,02:00:00,11:00:00,19.925,34.5,11.2,02:00:00,18:00:00,25.133333333333336,39.1,15.4,02:00:00,18:00:00,18.159722222222225,24.03611111111111,2,1,2,1,2,2,20.125,18.1,24.3,21.875,86.04166666666667,17.604166666666668,13.8,13.8,1012.5708333333332,995.6541666666668,56.29166666666666,2.0,0.3579166666666666,11.4,18.9,86.79166666666667,70.75,27.4,21.291666666666668,21.941666666666663,0.3655,0.2784166666666667,124.5,55.25,69.25,99.4,124.5,317.75
2021-09-19,15.766666666666666,26.7,8.8,00:00:00,14:00:00,59.91666666666666,82.0,37.0,19:00:00,06:00:00,2.0791666666666666,2.3,1.7,00:00:00,01:00:00,10.529166666666669,20.9,4.6,00:00:00,19:00:00,12.479166666666666,24.4,6.4,01:00:00,15:00:00,15.201041666666669,18.096875,2,1,2,1,2,1,17.808333333333334,13.6,20.8,17.633333333333333,84.70833333333333,15.125,15.4,15.4,1010.125,993.1125,61.04166666666666,1.56,0.3108333333333333,29.4,41.0,133.25,141.20833333333334,54.7,19.2625,20.92083333333333,0.385375,0.317125,87.79166666666667,32.166666666666664,55.625,63.725,87.79166666666667,314.6666666666667
2021-09-20,26.604166666666668,43.5,13.5,21:00:00,04:00:00,44.083333333333336,79.0,1.0,16:00:00,08:00:00,2.5541666666666667,3.6,1.9,08:00:00,19:00:00,8.566666666666666,18.0,3.6,22:00:00,03:00:00,12.620833333333332,21.9,5.3,22:00:00,03:00:00,6.9859375,9.894965277777777,1,1,1,1,1,1,16.662499999999998,12.1,21.8,16.133333333333333,74.0,11.858333333333334,7.7,7.7,1013.6666666666666,996.5125,32.666666666666664,2.64,0.5279166666666667,13.7,27.5,161.70833333333334,168.66666666666666,23.0,17.662499999999998,18.754166666666663,0.3987916666666666,0.3843333333333333,164.04166666666666,97.54166666666669,66.5,188.00833333333333,164.04166666666666,311.5708333333333
2021-09-21,22.704166666666666,56.1,10.9,23:00:00,02:00:00,52.875,88.0,13.0,17:00:00,08:00:00,2.154166666666667,2.7,1.8,11:00:00,00:00:00,14.529166666666669,28.8,8.5,22:00:00,16:00:00,20.454166666666666,39.3,13.1,23:00:00,17:00:00,11.9765625,16.865624999999998,2,1,2,1,2,1,17.241666666666667,14.9,21.2,17.408333333333335,78.79166666666667,13.333333333333334,2.1,2.1,1022.6958333333332,1005.425,37.54166666666666,2.56,0.4545833333333333,10.5,17.9,78.41666666666667,87.91666666666667,19.8,18.5875,19.20833333333333,0.3932916666666666,0.3852083333333334,175.0,125.375,49.625,236.325,175.0,308.475
2021-09-22,31.1625,52.1,15.5,00:00:00,15:00:00,46.54166666666666,96.0,2.0,17:00:00,08:00:00,2.283333333333333,2.8,1.8,07:00:00,04:00:00,25.85,39.1,13.5,22:00:00,18:00:00,30.6125,44.8,20.2,23:00:00,17:00:00,21.31388888888889,26.75815972222222,3,1,1,1,3,2,17.504166666666666,13.9,22.4,17.491666666666667,75.16666666666667,12.825,0.0,0.0,1023.05,1005.7875,38.833333333333336,2.5,0.5475,10.3,20.7,83.29166666666667,94.41666666666669,18.4,19.175,19.554166666666667,0.364,0.3626666666666667,159.70833333333334,89.66666666666667,70.04166666666667,185.4625,159.70833333333334,305.3541666666667
2021-09-23,29.15416666666667,69.2,13.4,22:00:00,14:00:00,60.458333333333336,105.0,14.0,16:00:00,08:00:00,2.5166666666666666,3.1,2.1,11:00:00,04:00:00,28.666666666666668,37.5,10.0,03:00:00,17:00:00,33.791666666666664,49.8,20.3,23:00:00,16:00:00,28.13125,32.69409722222222,4,1,2,1,4,2,17.037499999999998,13.1,22.1,17.1375,77.16666666666667,12.704166666666666,0.0,0.0,1022.6875,1005.4083333333332,21.95833333333333,2.62,0.5058333333333334,9.0,20.8,114.45833333333331,118.70833333333331,16.9,19.3,19.6375,0.341625,0.3442916666666666,177.79166666666666,127.33333333333331,50.458333333333336,245.82916666666665,177.79166666666666,302.2375
2021-09-24,41.5125,84.2,15.7,22:00:00,16:00:00,42.0,120.0,0.0,17:00:00,04:00:00,3.7291666666666665,4.9,3.1,11:00:00,16:00:00,29.8,42.9,14.4,23:00:00,17:00:00,36.21666666666667,48.4,22.4,01:00:00,16:00:00,29.141840277777774,35.13767361111111,4,2,1,1,4,2,17.783333333333335,12.3,23.7,18.366666666666667,77.875,13.525,0.0,0.0,1018.5208333333334,1001.35,0.5416666666666666,2.94,0.5383333333333333,8.2,10.5,234.70833333333331,204.20833333333331,20.2,19.27083333333333,19.495833333333334,0.3220416666666666,0.3285,198.70833333333331,161.875,36.833333333333336,316.7708333333333,198.70833333333331,299.1
2021-09-25,36.06666666666667,80.3,16.0,00:00:00,16:00:00,53.083333333333336,112.0,8.0,16:00:00,04:00:00,2.858333333333333,3.7,2.3,22:00:00,03:00:00,36.9875,47.5,18.3,02:00:00,18:00:00,43.1375,53.8,27.4,09:00:00,17:00:00,33.73940972222223,39.949131944444446,4,1,2,1,4,2,18.579166666666666,14.4,22.8,19.495833333333334,80.45833333333333,14.916666666666666,0.0,0.0,1020.6,1003.4416666666666,36.875,2.37,0.4779166666666667,8.7,15.5,155.29166666666666,156.04166666666666,20.9,19.879166666666663,19.92083333333333,0.3054166666666666,0.3149583333333333,151.08333333333334,99.83333333333331,51.25,189.48333333333332,151.08333333333334,295.96666666666664
2021-09-26,24.891666666666666,45.3,14.6,01:00:00,15:00:00,33.666666666666664,50.0,13.0,14:00:00,02:00:00,2.1375,3.2,1.3,00:00:00,13:00:00,26.3375,38.1,15.8,01:00:00,23:00:00,33.704166666666666,45.3,22.1,01:00:00,16:00:00,32.01614583333333,38.71684027777778,4,1,1,1,4,2,18.366666666666667,15.4,20.0,19.729166666666668,90.79166666666669,16.825,24.5,24.5,1019.7916666666666,1002.6416666666668,76.95833333333333,0.89,0.19625,13.4,24.1,234.70833333333331,166.375,24.8,19.175,20.09583333333333,0.3588333333333333,0.3316666666666666,48.708333333333336,3.625,45.083333333333336,6.2625,48.708333333333336,292.80833333333334
2021-09-27,22.73333333333333,41.1,12.5,21:00:00,14:00:00,27.791666666666668,69.0,6.0,17:00:00,08:00:00,2.4166666666666665,3.3,1.8,11:00:00,03:00:00,18.15833333333333,28.7,11.7,23:00:00,14:00:00,25.34583333333333,36.9,15.8,23:00:00,15:00:00,20.218576388888888,28.141666666666666,3,1,1,1,3,2,18.35833333333333,15.7,22.3,19.5375,84.75,15.533333333333331,0.0,0.0,1017.8375,1000.7041666666668,51.083333333333336,2.02,0.3662499999999999,9.9,15.9,250.125,246.79166666666663,18.4,19.066666666666663,19.34583333333333,0.3662916666666667,0.3423333333333334,134.5,58.91666666666666,75.58333333333333,124.04583333333332,134.5,289.6125
2021-09-28,30.92083333333333,56.0,15.7,23:00:00,15:00:00,34.375,103.0,0.0,17:00:00,04:00:00,2.795833333333333,3.9,2.0,12:00:00,03:00:00,25.59166666666667,42.6,16.5,22:00:00,18:00:00,33.05833333333333,49.8,21.2,21:00:00,17:00:00,21.77864583333333,29.182291666666668,3,1,1,1,3,2,18.83333333333333,14.4,23.9,20.23333333333333,84.0,15.795833333333334,0.0,0.0,1019.4083333333332,1002.2833333333332,44.083333333333336,2.4,0.4224999999999999,8.0,13.0,173.875,181.79166666666663,15.5,19.6125,19.466666666666665,0.3417916666666666,0.3330416666666667,154.20833333333334,88.79166666666667,65.41666666666667,177.27083333333334,154.20833333333334,286.4125
2021-09-29,30.679166666666664,54.9,13.5,23:00:00,16:00:00,54.25,115.0,18.0,17:00:00,01:00:00,2.958333333333333,4.0,2.0,11:00:00,03:00:00,15.754166666666668,32.6,9.5,00:00:00,16:00:00,22.72083333333333,34.8,15.0,00:00:00,16:00:00,21.75989583333333,28.31996527777778,3,1,2,1,3,2,19.3875,15.9,24.0,20.4,80.16666666666667,15.620833333333332,4.2,4.2,1017.9541666666668,1000.8833333333332,38.708333333333336,2.38,0.5004166666666666,10.0,16.7,223.58333333333331,200.79166666666663,19.1,20.15833333333333,20.10833333333333,0.3545416666666667,0.327,152.54166666666666,106.33333333333331,46.208333333333336,214.88333333333333,152.54166666666666,283.325
2021-09-30,30.0,45.2,12.8,20:00:00,16:00:00,41.79166666666666,90.0,4.0,17:00:00,03:00:00,2.316666666666667,3.0,1.8,02:00:00,15:00:00,15.6375,24.4,8.4,09:00:00,17:00:00,20.7,31.7,11.5,08:00:00,13:00:00,15.077604166666667,21.894618055555554,2,1,1,1,2,2,17.495833333333334,13.6,22.8,17.204166666666666,78.04166666666667,13.183333333333332,0.7000000000000001,0.7000000000000001,1022.5708333333332,1005.3166666666666,38.5,2.26,0.51375,13.1,23.9,76.625,90.33333333333331,26.3,18.9,19.72083333333333,0.3365833333333334,0.3229166666666667,129.33333333333334,76.66666666666667,52.66666666666666,153.61666666666665,129.33333333333334,280.225
2021-10-01,26.95833333333333,58.1,13.3,23:00:00,15:00:00,46.875,83.0,14.0,17:00:00,23:00:00,2.2333333333333334,3.2,1.7,22:00:00,00:00:00,16.970833333333335,32.2,10.3,23:00:00,18:00:00,21.84583333333333,40.9,16.0,22:00:00,17:00:00,15.962847222222225,19.682291666666668,2,1,1,1,2,1,16.970833333333335,14.4,20.8,16.116666666666667,70.25,11.420833333333334,0.0,0.0,1023.5208333333334,1006.2166666666668,25.08333333333333,2.5500000000000003,0.5962500000000001,15.1,27.8,107.54166666666669,73.79166666666667,25.6,18.78333333333333,19.3,0.3201666666666666,0.3159583333333333,149.54166666666666,101.25,48.29166666666666,203.75,149.54166666666666,277.1083333333333
2021-10-02,28.066666666666663,56.3,11.9,00:00:00,16:00:00,48.583333333333336,99.0,7.0,17:00:00,00:00:00,2.525,3.2,2.0,10:00:00,22:00:00,23.129166666666663,34.8,12.6,23:00:00,15:00:00,28.1125,43.0,17.2,22:00:00,16:00:00,20.585243055555555,25.990798611111117,3,1,1,1,3,2,17.354166666666668,14.5,21.7,16.650000000000002,69.25,11.483333333333334,0.0,0.0,1019.1666666666666,1001.9583333333334,51.958333333333336,2.53,0.6483333333333333,12.1,24.5,79.33333333333333,88.20833333333333,21.6,18.73333333333333,18.975,0.3056666666666667,0.3079583333333333,148.5,103.83333333333331,44.66666666666666,196.20833333333331,148.5,273.9583333333333
2021-10-03,19.0,33.6,11.0,00:00:00,06:00:00,47.375,59.0,28.0,17:00:00,23:00:00,2.1375,2.6,1.7,19:00:00,15:00:00,20.058333333333334,31.6,12.5,00:00:00,16:00:00,26.39583333333333,37.8,19.6,00:00:00,10:00:00,22.1,27.62708333333333,3,1,1,1,3,2,17.054166666666667,15.2,20.1,16.645833333333332,83.5,14.229166666666666,5.5,5.5,1017.0875,999.9,83.04166666666667,1.51,0.32,16.9,29.3,84.33333333333333,88.66666666666667,31.3,17.866666666666667,18.754166666666663,0.3365833333333333,0.3069166666666666,81.04166666666667,26.83333333333333,54.208333333333336,52.91666666666666,81.04166666666667,270.8208333333333
2021-10-04,20.85833333333333,28.7,10.9,18:00:00,23:00:00,40.958333333333336,61.0,29.0,23:00:00,00:00:00,2.0375,2.4,1.7,09:00:00,17:00:00,15.095833333333331,21.6,10.7,00:00:00,21:00:00,20.9,28.5,11.8,03:00:00,23:00:00,17.674479166666668,24.616319444444443,2,1,1,1,2,2,17.875,16.2,20.2,17.529166666666665,88.83333333333333,15.995833333333332,12.5,12.5,1015.775,998.6583333333332,75.33333333333333,1.09,0.2333333333333333,33.6,53.9,88.41666666666667,94.41666666666669,58.7,17.695833333333333,18.320833333333333,0.3713333333333333,0.3212916666666667,51.083333333333336,10.666666666666666,40.41666666666666,20.679166666666667,51.083333333333336,267.825
2021-10-05,23.5,49.2,7.7,20:00:00,03:00:00,41.708333333333336,65.0,14.0,01:00:00,23:00:00,2.4458333333333333,3.2,1.7,21:00:00,14:00:00,8.741666666666667,15.0,4.8,21:00:00,14:00:00,12.595833333333331,19.9,7.6,23:00:00,02:00:00,10.49982638888889,14.49357638888889,2,1,1,1,2,1,17.0,14.8,20.0,17.091666666666665,89.95833333333333,15.233333333333334,36.7,36.7,1012.0166666666668,994.9166666666666,73.29166666666667,1.28,0.2075,33.0,52.3,96.91666666666669,88.91666666666667,65.9,17.583333333333332,18.258333333333333,0.4115416666666667,0.3769583333333333,80.5,44.125,36.375,95.57083333333333,80.5,264.80833333333334
2021-10-06,23.6125,33.8,11.4,21:00:00,15:00:00,33.583333333333336,70.0,13.0,15:00:00,04:00:00,2.8375,3.8,2.2,11:00:00,03:00:00,5.508333333333333,11.7,2.3,00:00:00,16:00:00,8.529166666666667,16.7,4.6,00:00:00,16:00:00,7.850694444444444,11.85920138888889,1,1,1,1,1,1,14.925,13.6,17.5,13.166666666666666,72.66666666666667,9.266666666666667,12.1,12.1,1013.6458333333334,996.3916666666668,57.5,2.22,0.4675,21.1,39.3,230.79166666666663,181.625,36.0,15.5875,16.995833333333334,0.419,0.4092499999999999,102.16666666666669,53.958333333333336,48.208333333333336,114.65416666666668,102.16666666666669,261.7875
2021-10-07,31.04583333333333,60.4,14.5,21:00:00,03:00:00,24.666666666666668,49.0,0.0,17:00:00,23:00:00,2.9791666666666665,4.2,2.4,12:00:00,03:00:00,5.075,14.9,1.9,21:00:00,03:00:00,7.899999999999999,18.4,3.8,23:00:00,02:00:00,3.9640625,6.473958333333333,1,1,1,1,1,1,15.625,12.1,20.7,12.858333333333333,50.54166666666666,4.9875,0.0,0.0,1016.5083333333332,999.2416666666668,26.5,3.2,0.9108333333333332,21.3,39.8,202.70833333333331,230.91666666666663,36.4,15.604166666666666,16.004166666666666,0.3930416666666667,0.3889583333333333,144.70833333333334,93.25,51.458333333333336,213.00833333333333,144.70833333333334,258.7625
2021-10-08,36.77916666666667,51.2,23.0,00:00:00,16:00:00,19.45833333333333,57.0,0.0,17:00:00,00:00:00,3.1041666666666665,3.9,2.1,12:00:00,18:00:00,14.2625,23.9,8.8,20:00:00,03:00:00,18.991666666666667,26.7,12.0,20:00:00,04:00:00,9.853993055555556,14.087847222222225,1,1,1,1,1,1,14.975,10.9,19.7,14.016666666666666,71.33333333333333,9.695833333333333,0.0,0.0,1020.7291666666666,1003.3583333333332,45.75,1.97,0.51625,12.2,18.1,184.0,193.79166666666663,23.8,16.125,16.5625,0.3795833333333333,0.37575,126.875,76.91666666666667,49.958333333333336,172.38333333333333,126.875,255.73333333333332
2021-10-09,24.570833333333336,54.9,11.5,23:00:00,15:00:00,42.75,78.0,21.0,17:00:00,23:00:00,2.6041666666666665,3.2,1.9,23:00:00,03:00:00,20.541666666666668,30.3,13.0,23:00:00,15:00:00,25.775,37.4,17.9,23:00:00,12:00:00,18.121180555555554,22.52552083333333,2,1,1,1,2,2,14.370833333333332,11.3,17.0,12.804166666666667,65.125,7.704166666666667,0.0,0.0,1023.7125,1006.2625,63.91666666666666,1.59,0.59,9.1,17.9,69.75,81.54166666666667,19.8,16.008333333333333,16.900000000000002,0.3619583333333333,0.3622083333333333,81.41666666666667,33.833333333333336,47.583333333333336,79.83749999999999,81.41666666666667,252.70833333333331
2021-10-10,23.729166666666668,52.6,10.7,23:00:00,15:00:00,54.708333333333336,87.0,17.0,16:00:00,00:00:00,2.7375000000000003,3.3,2.3,23:00:00,12:00:00,27.370833333333334,39.2,18.7,23:00:00,13:00:00,32.3125,44.6,23.1,23:00:00,17:00:00,24.811111111111117,30.044965277777777,3,1,2,1,3,2,13.0875,8.8,16.6,11.379166666666668,64.45833333333333,6.416666666666667,0.0,0.0,1022.1958333333332,1004.6833333333334,37.333333333333336,2.09,0.555,10.0,21.1,105.54166666666669,121.66666666666669,20.2,15.516666666666666,16.283333333333335,0.3477083333333333,0.3499999999999999,147.29166666666666,108.875,38.41666666666666,235.375,147.29166666666666,249.6916666666667
2021-10-11,46.44166666666666,91.8,23.6,22:00:00,16:00:00,24.45833333333333,74.0,0.0,16:00:00,08:00:00,4.2125,6.0,3.1,12:00:00,01:00:00,33.2625,51.3,13.3,23:00:00,17:00:00,40.44166666666667,60.0,22.4,23:00:00,16:00:00,30.91163194444444,37.01319444444445,4,2,1,1,4,2,11.470833333333331,5.9,18.4,10.1125,76.375,6.920833333333333,0.0,0.0,1019.9,1002.3208333333332,9.333333333333334,2.16,0.4054166666666667,8.8,11.0,204.75,180.66666666666663,15.8,13.8625,15.316666666666668,0.3454166666666666,0.3458333333333332,165.5,131.375,34.125,289.09166666666664,165.5,246.675
2021-10-12,43.24583333333334,76.4,19.9,00:00:00,16:00:00,23.625,74.0,0.0,16:00:00,02:00:00,3.925,4.9,3.2,10:00:00,18:00:00,34.99166666666667,52.6,19.3,00:00:00,16:00:00,40.8625,58.5,23.7,00:00:00,16:00:00,34.73767361111111,41.725,4,2,1,1,4,3,12.508333333333333,8.4,17.5,11.25,77.79166666666667,8.445833333333333,0.0,0.0,1016.6166666666668,999.1583333333332,28.5,1.87,0.3708333333333333,11.6,24.8,102.625,90.5,20.2,14.141666666666666,15.2,0.3291666666666666,0.3327916666666666,136.45833333333334,81.33333333333333,55.125,189.5,136.45833333333334,243.67916666666667
2021-10-13,34.6,53.4,19.9,23:00:00,17:00:00,28.83333333333333,71.0,0.0,17:00:00,07:00:00,3.4333333333333336,4.3,2.4,06:00:00,03:00:00,23.891666666666666,45.0,8.5,08:00:00,13:00:00,27.979166666666668,47.8,11.8,08:00:00,13:00:00,29.072569444444444,33.569965277777776,4,1,1,1,4,2,12.35,7.2,19.0,10.525,73.75,7.345833333333334,0.2,0.2,1017.5583333333334,1000.0708333333332,4.791666666666667,2.23,0.4475,11.6,23.9,153.5,110.5,22.7,14.070833333333333,15.070833333333333,0.3121666666666666,0.3167083333333333,151.875,117.41666666666669,34.458333333333336,262.1458333333333,151.875,240.6833333333333
2021-10-14,37.49583333333333,76.0,14.2,22:00:00,15:00:00,32.458333333333336,72.0,0.0,17:00:00,22:00:00,3.1875,5.0,2.4,22:00:00,15:00:00,24.166666666666668,39.2,12.3,23:00:00,17:00:00,28.6625,47.7,15.6,22:00:00,16:00:00,22.489756944444448,26.41979166666667,3,1,1,1,3,2,11.554166666666667,7.4,16.6,9.629166666666666,70.70833333333333,6.020833333333333,0.0,0.0,1024.3958333333333,1006.75,11.666666666666666,1.93,0.4479166666666667,11.3,22.8,90.16666666666669,107.375,20.5,13.741666666666667,14.7875,0.3077083333333333,0.3104583333333333,149.95833333333334,114.54166666666669,35.416666666666664,259.8833333333333,149.95833333333334,237.70416666666665
2021-10-15,48.84166666666667,82.3,27.9,22:00:00,16:00:00,17.5,60.0,0.0,16:00:00,00:00:00,4.641666666666667,6.0,3.6,11:00:00,02:00:00,39.67083333333333,56.4,27.7,23:00:00,17:00:00,47.2625,69.8,32.6,23:00:00,17:00:00,32.68819444444444,38.63524305555556,4,2,1,1,4,2,10.354166666666666,5.2,16.5,8.779166666666667,78.08333333333333,6.320833333333333,0.0,0.0,1019.9291666666668,1002.3041666666668,7.708333333333333,1.91,0.3366666666666666,7.1,10.5,116.70833333333331,137.125,14.8,12.445833333333333,13.683333333333332,0.3087916666666666,0.3125416666666666,151.33333333333334,119.08333333333331,32.25,271.62916666666666,151.33333333333334,234.74166666666667
2021-10-16,43.775,77.3,26.2,22:00:00,17:00:00,21.666666666666668,74.0,0.0,17:00:00,00:00:00,4.466666666666667,8.3,3.3,12:00:00,21:00:00,44.9125,61.1,30.8,02:00:00,16:00:00,53.04583333333333,70.7,34.8,22:00:00,15:00:00,42.95,50.72777777777778,4,2,1,1,4,4,11.1125,5.5,17.7,9.741666666666667,79.33333333333333,7.291666666666667,0.0,0.0,1018.8375,1001.25,2.875,1.87,0.3454166666666667,10.1,16.4,174.54166666666666,186.33333333333331,15.8,12.654166666666669,13.520833333333334,0.3027916666666666,0.3082499999999999,148.5,116.75,31.75,268.425,148.5,231.775
2021-10-17,42.12083333333334,83.7,18.6,22:00:00,16:00:00,23.08333333333333,80.0,0.0,17:00:00,00:00:00,3.9333333333333336,5.0,2.9,12:00:00,01:00:00,41.016666666666666,56.1,28.0,00:00:00,18:00:00,49.225,68.6,33.8,00:00:00,17:00:00,42.63628472222222,51.21510416666666,4,2,1,1,4,4,11.533333333333331,5.8,18.0,10.166666666666666,76.33333333333333,7.058333333333334,0.0,0.0,1020.8375,1003.25,3.0,1.9,0.3979166666666667,7.6,14.2,202.79166666666663,161.29166666666666,12.6,12.783333333333331,13.5625,0.2965416666666666,0.303375,145.95833333333334,114.04166666666669,31.916666666666668,264.6,145.95833333333334,228.8
2021-10-18,50.395833333333336,84.9,29.1,21:00:00,15:00:00,19.0,72.0,0.0,16:00:00,00:00:00,4.641666666666667,6.1,3.4,12:00:00,22:00:00,46.62916666666666,58.8,31.3,22:00:00,16:00:00,55.67916666666667,85.5,40.0,23:00:00,17:00:00,43.85243055555555,50.99930555555556,4,2,1,1,4,4,11.408333333333331,6.1,18.3,10.225,80.08333333333333,7.8,0.0,0.0,1024.2041666666669,1006.5666666666666,18.875,1.84,0.3345833333333333,8.1,11.6,219.125,216.79166666666663,15.1,12.591666666666669,13.2625,0.2978333333333333,0.3034583333333333,142.20833333333334,109.29166666666669,32.916666666666664,247.32916666666665,142.20833333333334,225.79583333333332
2021-10-19,50.94166666666666,77.1,32.3,21:00:00,16:00:00,13.958333333333334,55.0,0.0,17:00:00,00:00:00,4.820833333333334,6.7,3.1,20:00:00,01:00:00,60.04166666666666,66.0,48.2,20:00:00,06:00:00,71.25833333333334,92.8,57.6,01:00:00,07:00:00,52.81510416666666,64.32326388888889,5,2,1,1,5,4,12.15,7.4,17.7,11.266666666666666,82.875,9.104166666666666,0.0,0.0,1027.9833333333331,1010.3166666666666,31.625,1.7000000000000002,0.2908333333333333,8.7,10.1,230.33333333333331,205.58333333333331,15.1,13.183333333333332,13.620833333333332,0.2922499999999999,0.298875,127.625,82.75,44.875,188.70833333333331,127.625,222.80416666666667
2021-10-20,53.3375,77.2,35.1,20:00:00,07:00:00,6.333333333333333,35.0,0.0,15:00:00,00:00:00,4.533333333333333,6.3,3.2,12:00:00,23:00:00,43.75416666666666,68.2,21.8,03:00:00,14:00:00,52.94166666666666,85.4,25.1,00:00:00,14:00:00,55.709201388888886,67.07986111111111,5,2,1,1,5,4,12.295833333333334,8.1,17.0,11.7625,88.375,10.35,0.6000000000000001,0.6000000000000001,1024.5875,1006.9833333333332,73.58333333333333,1.04,0.1875,9.9,20.2,190.33333333333331,174.91666666666666,16.2,13.095833333333331,13.675,0.2922916666666666,0.2964583333333333,73.125,31.166666666666668,41.958333333333336,63.85,73.125,219.8
2021-10-21,46.95416666666667,69.6,26.3,21:00:00,07:00:00,14.583333333333334,33.0,0.0,16:00:00,20:00:00,3.233333333333333,4.9,2.5,21:00:00,06:00:00,32.80416666666667,41.6,21.9,02:00:00,17:00:00,41.333333333333336,48.1,27.8,23:00:00,17:00:00,35.075694444444444,42.84149305555555,4,2,1,1,4,3,14.016666666666666,11.7,16.8,13.7375,87.75,11.991666666666667,1.0,1.0,1014.5541666666668,997.2333333333332,82.375,0.94,0.20125,13.7,25.9,160.66666666666666,145.625,23.4,14.133333333333333,14.379166666666668,0.3030833333333333,0.2952083333333333,59.66666666666666,13.916666666666666,45.75,35.391666666666666,59.66666666666666,216.8125
2021-10-22,42.09583333333333,67.3,26.4,20:00:00,15:00:00,11.916666666666666,46.0,0.0,16:00:00,00:00:00,4.708333333333333,6.1,3.5,12:00:00,17:00:00,29.2,39.1,15.0,00:00:00,16:00:00,39.4125,52.3,26.3,09:00:00,17:00:00,31.36232638888889,40.5265625,4,2,1,1,4,3,13.5875,9.8,18.5,13.1375,85.45833333333333,10.975,0.0,0.0,1015.55,998.1833333333334,26.166666666666668,1.5,0.2666666666666666,11.5,18.8,213.95833333333331,219.95833333333331,18.7,14.15,14.483333333333334,0.3095416666666666,0.2965833333333333,115.5,72.58333333333333,42.91666666666666,179.07500000000002,115.5,213.82083333333333
2021-10-23,39.42916666666667,61.8,22.1,00:00:00,16:00:00,10.166666666666666,43.0,0.0,16:00:00,03:00:00,3.520833333333333,4.3,2.6,00:00:00,18:00:00,28.870833333333334,40.2,18.9,22:00:00,17:00:00,41.5,54.9,25.2,23:00:00,17:00:00,27.96545138888889,39.56059027777778,4,1,1,1,4,2,12.804166666666667,8.8,17.4,12.3625,87.0,10.516666666666667,0.3,0.3,1022.5541666666668,1005.0166666666668,37.29166666666666,1.05,0.2258333333333333,8.8,10.1,123.16666666666669,117.16666666666669,19.4,13.491666666666667,14.191666666666668,0.3070833333333333,0.2977083333333333,77.375,32.958333333333336,44.41666666666666,85.25416666666666,77.375,210.8583333333333
2021-10-24,28.21666666666667,53.0,10.8,23:00:00,16:00:00,23.5,61.0,0.0,16:00:00,00:00:00,2.7541666666666664,3.4,2.3,00:00:00,07:00:00,23.3875,46.3,12.1,01:00:00,15:00:00,31.179166666666664,54.1,16.2,00:00:00,15:00:00,27.076736111111117,37.71822916666667,4,1,1,1,4,2,11.395833333333334,8.9,16.0,9.379166666666666,74.29166666666667,6.670833333333333,0.0,0.0,1028.3125,1010.5833333333334,48.75,1.53,0.37875,11.8,21.6,65.45833333333333,81.54166666666667,24.5,12.675,13.7375,0.3096666666666667,0.3024583333333333,103.91666666666669,62.5,41.41666666666666,155.81666666666666,103.91666666666669,208.0
2021-10-25,45.32916666666667,71.3,27.6,22:00:00,17:00:00,13.208333333333334,50.0,0.0,17:00:00,04:00:00,3.3541666666666665,4.4,2.5,21:00:00,01:00:00,30.53333333333333,51.5,18.6,23:00:00,13:00:00,39.2125,59.8,28.7,22:00:00,15:00:00,25.04930555555556,32.854166666666664,4,2,1,1,4,2,9.5625,5.6,12.9,7.899999999999999,79.125,5.979166666666667,0.6,0.6,1025.0916666666667,1007.3041666666668,47.75,0.8099999999999999,0.2675,7.8,16.8,68.0,100.08333333333331,15.8,11.5125,13.1125,0.311375,0.3059166666666666,57.458333333333336,9.708333333333334,47.75,38.520833333333336,57.458333333333336,205.1625
2021-10-26,48.8,86.4,31.0,22:00:00,15:00:00,10.625,47.0,0.0,16:00:00,00:00:00,5.304166666666666,7.6,4.1,13:00:00,23:00:00,47.06666666666666,60.7,32.4,22:00:00,15:00:00,55.59166666666667,74.0,39.8,22:00:00,16:00:00,40.32118055555556,48.4890625,4,2,1,1,4,3,8.504166666666666,3.2,15.2,6.716666666666666,82.45833333333333,5.329166666666667,0.0,0.0,1022.8875,1005.0916666666668,19.25,1.43,0.2558333333333333,8.4,10.3,221.54166666666663,200.41666666666663,15.5,10.270833333333334,11.754166666666668,0.309375,0.305375,123.20833333333331,90.125,33.083333333333336,218.725,123.20833333333331,202.3375
2021-10-27,52.84583333333333,87.9,33.6,21:00:00,06:00:00,10.375,39.0,0.0,18:00:00,00:00:00,4.1125,5.3,3.5,03:00:00,00:00:00,44.41666666666666,73.5,20.7,23:00:00,15:00:00,54.725,83.3,31.7,02:00:00,14:00:00,45.8265625,56.04826388888889,4,2,1,1,4,4,9.829166666666667,4.6,17.4,8.2125,82.20833333333333,6.620833333333334,0.0,0.0,1026.1583333333333,1008.375,4.791666666666667,1.54,0.2775,8.6,14.1,202.5,171.58333333333334,14.8,10.9625,11.679166666666667,0.30175,0.3009583333333333,125.70833333333331,97.875,27.83333333333333,247.26666666666665,125.70833333333331,199.52916666666667
2021-10-28,58.67083333333333,97.3,39.4,20:00:00,06:00:00,9.958333333333334,45.0,0.0,17:00:00,00:00:00,4.808333333333334,6.8,3.7,13:00:00,00:00:00,56.36666666666667,76.3,44.6,22:00:00,12:00:00,66.56666666666666,105.0,52.0,23:00:00,09:00:00,49.24027777777778,58.068576388888886,4,2,1,1,4,4,9.470833333333331,4.0,16.0,7.995833333333334,82.58333333333333,6.404166666666666,0.0,0.0,1023.4666666666668,1005.7083333333334,13.791666666666666,1.48,0.2579166666666666,8.2,12.1,176.54166666666666,148.45833333333334,14.8,10.841666666666669,11.7875,0.295375,0.2975416666666666,124.70833333333331,96.91666666666669,27.791666666666668,247.72916666666663,124.70833333333331,196.75
2021-10-29,54.78333333333333,87.2,32.0,21:00:00,05:00:00,8.833333333333334,43.0,0.0,16:00:00,00:00:00,4.295833333333333,5.6,3.3,11:00:00,23:00:00,53.98333333333333,78.1,33.0,00:00:00,08:00:00,66.42916666666666,104.0,39.5,00:00:00,07:00:00,56.770833333333336,68.20798611111111,5,2,1,1,5,4,9.4375,5.1,15.4,7.870833333333334,84.70833333333333,6.783333333333334,0.0,0.0,1019.6375,1001.9375,28.08333333333333,1.36,0.2204166666666666,9.2,16.2,193.25,135.33333333333334,14.4,10.8875,11.6375,0.2904583333333333,0.2942499999999999,113.41666666666669,76.04166666666667,37.375,185.71666666666667,113.41666666666669,193.99166666666667
2021-10-30,47.0375,71.3,35.0,00:00:00,14:00:00,6.791666666666667,26.0,0.0,15:00:00,00:00:00,3.45,3.9,2.8,10:00:00,22:00:00,53.70416666666667,76.7,44.0,02:00:00,19:00:00,66.90416666666667,94.3,53.0,00:00:00,17:00:00,54.81753472222223,69.59392361111111,5,2,1,1,5,4,10.433333333333334,9.0,11.6,9.129166666666666,84.625,7.929166666666667,3.0,3.0,1019.275,1001.65,91.91666666666669,0.5,0.1966666666666666,9.8,17.7,136.5,148.66666666666666,18.4,11.141666666666666,11.879166666666668,0.3036666666666667,0.295875,25.83333333333333,0.2916666666666667,25.541666666666668,0.975,25.83333333333333,191.275
2021-10-31,30.68,43.7,22.3,19:00:00,10:00:00,9.2,26.0,1.0,14:00:00,00:00:00,3.952,5.0,3.1,11:00:00,05:00:00,38.976,58.8,23.3,01:00:00,12:00:00,48.024,64.9,30.3,00:00:00,12:00:00,44.92383333333333,55.30116666666667,4,1,1,1,4,4,10.276,9.7,12.0,9.364,90.48,8.767999999999999,0.9,0.9,1018.408,1000.776,97.56,0.6,0.1212,8.7,14.7,274.32,284.32,15.1,11.088,11.76,0.31856,0.29752,38.96,5.4,33.56,11.16,38.96,181.152
2021-11-01,34.3375,45.6,25.7,19:00:00,23:00:00,8.875,22.0,2.0,13:00:00,01:00:00,3.6666666666666665,5.3,2.7,22:00:00,15:00:00,30.98333333333333,56.0,11.0,01:00:00,16:00:00,37.0875,61.3,16.3,01:00:00,18:00:00,38.121180555555554,45.79913194444444,4,1,1,1,4,3,9.983333333333333,7.4,10.9,8.566666666666666,92.04166666666669,8.75,31.7,31.7,1007.3416666666668,989.8958333333334,83.33333333333333,0.32,0.0974999999999999,14.4,28.5,220.625,182.375,24.8,10.604166666666666,11.795833333333334,0.383125,0.3409583333333333,6.916666666666667,0.0,6.916666666666667,0.0,6.916666666666667,186.1625
2021-11-02,37.145833333333336,56.2,22.9,18:00:00,03:00:00,6.083333333333333,13.0,0.0,00:00:00,07:00:00,4.8875,7.0,3.1,13:00:00,23:00:00,19.008333333333333,42.4,10.6,21:00:00,14:00:00,24.35833333333333,48.1,13.1,21:00:00,03:00:00,18.610069444444445,23.5453125,2,1,1,1,2,2,8.737499999999999,5.0,14.1,6.708333333333333,86.54166666666667,6.4875,0.0,0.0,1002.6666666666666,985.2291666666666,16.583333333333332,1.26,0.175,13.4,26.9,196.0,197.625,23.8,9.454166666666667,10.6125,0.3964583333333333,0.39275,114.66666666666669,85.29166666666667,29.375,224.10833333333332,114.66666666666669,183.76666666666665
2021-11-03,34.516666666666666,56.2,21.3,20:00:00,05:00:00,12.875,28.0,1.0,14:00:00,00:00:00,2.408333333333333,3.4,1.6,23:00:00,07:00:00,16.2375,30.4,8.5,00:00:00,14:00:00,20.67083333333333,36.9,13.3,00:00:00,13:00:00,20.851041666666667,26.46545138888889,3,1,1,1,3,2,9.933333333333334,8.5,11.7,7.712499999999999,92.25,8.716666666666667,32.3,32.3,1002.0083333333332,984.65,92.20833333333331,0.4,0.095,21.7,35.0,98.0,91.45833333333331,37.4,10.041666666666666,10.920833333333334,0.4135833333333333,0.3998333333333333,22.375,1.75,20.625,6.304166666666667,22.375,181.4125
2021-11-04,31.7375,64.2,10.2,20:00:00,04:00:00,27.70833333333333,54.0,0.0,14:00:00,21:00:00,3.7458333333333336,5.3,2.5,10:00:00,14:00:00,9.633333333333333,19.7,2.8,21:00:00,04:00:00,13.7875,31.1,4.6,23:00:00,04:00:00,10.628819444444444,14.377777777777778,2,1,1,1,2,1,8.695833333333333,3.1,13.5,6.404166666666666,83.66666666666667,5.979166666666667,10.5,10.5,1005.2541666666666,987.7708333333334,34.25,1.1,0.20125,16.3,23.8,282.5,262.7916666666667,30.2,9.995833333333334,10.970833333333331,0.40975,0.4052083333333333,99.41666666666669,62.04166666666666,37.375,176.58333333333334,99.41666666666669,179.10833333333335
2021-11-05,49.895833333333336,75.1,33.1,21:00:00,11:00:00,8.583333333333334,39.0,0.0,15:00:00,00:00:00,5.033333333333333,6.4,3.6,22:00:00,00:00:00,24.10833333333333,48.7,13.7,22:00:00,14:00:00,30.016666666666666,50.6,17.4,22:00:00,14:00:00,16.44236111111111,22.072222222222223,2,2,1,1,2,2,7.354166666666667,3.0,12.8,5.2375,81.95833333333333,4.295833333333333,0.0,0.0,1019.2583333333332,1001.4458333333332,23.25,1.14,0.2133333333333333,9.4,13.1,254.375,245.16666666666663,20.9,8.975,10.170833333333333,0.3869583333333333,0.3877083333333333,106.20833333333331,77.79166666666667,28.416666666666668,215.9,106.20833333333331,176.8125
2021-11-06,50.39166666666667,79.3,28.3,20:00:00,15:00:00,12.791666666666666,49.0,0.0,15:00:00,00:00:00,4.2125,5.1,3.4,21:00:00,02:00:00,19.5125,43.6,7.7,23:00:00,14:00:00,24.479166666666668,49.9,12.5,23:00:00,14:00:00,22.4359375,27.27065972222222,3,2,1,1,3,2,6.879166666666666,1.6,13.3,4.416666666666667,73.70833333333333,2.191666666666667,0.0,0.0,1026.2166666666667,1008.25,1.6666666666666667,1.22,0.3104166666666667,8.0,15.4,216.16666666666663,205.95833333333331,14.8,7.9875,9.308333333333334,0.37925,0.379,110.29166666666669,86.41666666666667,23.875,241.82083333333333,110.29166666666669,174.53333333333333
2021-11-07,45.55833333333334,67.7,28.1,23:00:00,15:00:00,11.625,46.0,0.0,15:00:00,00:00:00,4.679166666666666,5.6,3.7,20:00:00,04:00:00,27.466666666666665,49.0,14.0,23:00:00,13:00:00,33.22083333333333,54.8,16.7,23:00:00,06:00:00,23.81423611111111,29.620659722222225,3,2,1,1,3,2,6.416666666666667,2.7,12.3,3.9166666666666665,78.5,2.6958333333333333,0.0,0.0,1020.8,1002.8916666666668,10.208333333333334,1.15,0.2433333333333333,10.2,17.0,245.75,212.41666666666663,21.2,7.654166666666666,8.875,0.3692083333333333,0.3705416666666667,104.0,77.20833333333333,26.791666666666668,218.77916666666667,104.0,172.25833333333333
2021-11-08,51.425,69.4,35.3,20:00:00,14:00:00,4.166666666666667,19.0,0.0,14:00:00,00:00:00,3.9,5.6,2.0,07:00:00,14:00:00,35.329166666666666,51.4,19.5,22:00:00,14:00:00,44.01666666666667,57.8,26.0,08:00:00,14:00:00,33.57760416666667,40.54739583333333,4,2,1,1,4,3,6.8125,3.6,10.7,4.720833333333333,90.5,5.325,13.9,13.9,1018.0041666666666,1000.1833333333334,61.125,0.48,0.1004166666666666,12.1,20.9,165.20833333333334,199.70833333333331,20.9,7.633333333333334,8.954166666666667,0.37975,0.3728333333333333,33.791666666666664,8.875,24.916666666666668,27.604166666666668,33.791666666666664,170.01666666666668
2021-11-09,45.87083333333334,69.3,27.1,20:00:00,05:00:00,7.375,28.0,0.0,13:00:00,06:00:00,3.279166666666667,4.0,2.4,00:00:00,13:00:00,34.22083333333333,54.8,21.1,22:00:00,14:00:00,42.42916666666667,64.2,25.5,22:00:00,06:00:00,32.73020833333333,40.86302083333333,4,2,1,1,4,3,8.454166666666667,3.4,12.1,6.270833333333333,82.25,5.504166666666666,0.0,0.0,1025.8625,1008.0083333333332,46.125,0.96,0.2145833333333333,12.3,22.7,222.25,222.375,22.0,9.025,9.429166666666667,0.3689583333333333,0.3690416666666666,79.25,45.5,33.75,123.20416666666668,79.25,167.79583333333332
2021-11-10,47.87916666666666,63.1,33.3,18:00:00,14:00:00,5.583333333333333,21.0,0.0,14:00:00,01:00:00,3.8083333333333336,4.8,2.6,21:00:00,04:00:00,40.84583333333333,58.4,28.2,23:00:00,14:00:00,50.91666666666666,78.9,33.4,23:00:00,15:00:00,37.94322916666667,46.800868055555554,4,2,1,1,4,3,9.591666666666669,7.7,12.1,8.195833333333333,85.95833333333333,7.308333333333334,0.2,0.2,1027.6333333333334,1009.8125,79.33333333333333,0.66,0.1741666666666666,8.1,14.6,232.91666666666663,229.41666666666663,16.2,10.1375,10.391666666666667,0.3709166666666666,0.36725,52.75,15.375,37.375,57.625,52.75,165.69166666666666
2021-11-11,42.575,51.3,34.9,00:00:00,15:00:00,2.333333333333333,11.0,0.0,15:00:00,00:00:00,3.829166666666666,5.1,3.1,14:00:00,02:00:00,47.81666666666666,59.0,34.0,01:00:00,15:00:00,60.770833333333336,83.8,42.4,00:00:00,15:00:00,46.09288194444445,58.72864583333333,4,2,1,1,4,4,10.541666666666666,8.0,14.0,9.3625,89.33333333333333,8.791666666666666,0.0,0.0,1024.3416666666667,1006.6375,68.75,0.86,0.14625,13.2,17.3,216.70833333333331,184.375,25.9,10.870833333333332,11.079166666666666,0.3668333333333333,0.3644583333333333,73.5,38.083333333333336,35.416666666666664,107.49166666666667,73.5,163.6125
2021-11-12,42.61666666666667,56.4,31.0,18:00:00,05:00:00,4.333333333333333,19.0,0.0,14:00:00,00:00:00,3.7291666666666665,4.6,3.2,05:00:00,11:00:00,49.145833333333336,63.2,40.0,01:00:00,05:00:00,58.54166666666666,82.5,43.5,20:00:00,06:00:00,46.82604166666667,56.55052083333334,4,2,1,1,4,4,9.733333333333333,7.1,13.9,8.612499999999999,92.70833333333331,8.5625,0.0,0.0,1019.7583333333332,1002.0833333333334,57.0,0.88,0.1033333333333333,9.0,14.6,201.875,196.625,17.3,10.845833333333331,11.404166666666669,0.358875,0.358875,78.29166666666667,45.375,32.916666666666664,130.47916666666666,78.29166666666667,161.55416666666667
2021-11-13,38.3875,49.3,23.9,17:00:00,06:00:00,3.0,12.0,0.0,15:00:00,00:00:00,3.670833333333333,5.5,1.9,12:00:00,22:00:00,46.44583333333333,63.1,26.8,02:00:00,23:00:00,58.62083333333334,78.9,29.8,02:00:00,23:00:00,51.06493055555556,63.886631944444446,5,1,1,1,5,4,9.308333333333334,6.7,12.6,8.208333333333334,94.54166666666669,8.458333333333334,12.3,12.3,1017.4416666666666,999.7833333333332,94.95833333333331,0.5800000000000001,0.0704166666666666,10.5,18.6,203.58333333333331,209.625,18.4,10.5,11.041666666666666,0.367625,0.3587083333333333,48.208333333333336,8.083333333333334,40.125,20.195833333333333,48.208333333333336,159.52916666666667
2021-11-14,32.34583333333333,46.5,24.4,20:00:00,06:00:00,25.70833333333333,42.0,5.0,14:00:00,00:00:00,2.408333333333333,2.8,1.7,07:00:00,01:00:00,16.7375,24.1,9.5,08:00:00,17:00:00,21.29583333333333,33.2,11.8,06:00:00,17:00:00,28.846006944444444,36.74652777777778,4,1,1,1,4,2,10.445833333333333,9.1,11.4,8.845833333333333,92.29166666666669,9.241666666666667,15.7,15.7,1015.5125,997.975,97.66666666666669,0.34,0.1004166666666666,16.5,29.3,47.708333333333336,59.958333333333336,29.2,10.458333333333334,11.116666666666667,0.4215,0.4112916666666666,12.791666666666666,0.375,12.416666666666666,2.1625,12.791666666666666,157.5375
2021-11-15,44.520833333333336,60.9,18.1,20:00:00,03:00:00,10.666666666666666,35.0,0.0,01:00:00,21:00:00,3.0583333333333336,3.7,2.4,22:00:00,02:00:00,17.741666666666667,29.9,9.3,23:00:00,03:00:00,21.45833333333333,37.3,10.1,23:00:00,05:00:00,15.194965277777778,18.65138888888889,2,2,1,1,2,1,10.404166666666669,9.4,11.5,9.083333333333334,89.41666666666667,8.737499999999999,8.1,8.1,1019.9916666666668,1002.3583333333332,94.875,0.35,0.13375,14.3,26.0,191.91666666666663,105.83333333333331,34.6,10.095833333333331,10.6875,0.4216666666666666,0.41775,15.0,0.7083333333333334,14.291666666666666,3.654166666666667,15.0,155.58333333333334
2021-11-16,39.4,49.3,30.1,19:00:00,15:00:00,11.541666666666666,36.0,0.0,14:00:00,04:00:00,2.895833333333333,3.5,2.0,02:00:00,07:00:00,32.40833333333333,39.3,25.8,06:00:00,16:00:00,38.53333333333333,47.0,30.7,09:00:00,16:00:00,27.224131944444448,32.86215277777777,4,1,1,1,4,2,9.466666666666669,6.0,11.5,7.966666666666666,84.625,6.95,1.7000000000000002,1.7000000000000002,1020.9166666666666,1003.2125,75.45833333333333,0.63,0.1895833333333333,10.0,16.6,128.25,130.0,13.7,9.816666666666666,10.604166666666666,0.4036666666666667,0.4045,49.5,13.416666666666666,36.083333333333336,36.65416666666667,49.5,153.65416666666667
2021-11-17,38.59583333333333,49.5,27.5,11:00:00,02:00:00,7.666666666666667,20.0,0.0,00:00:00,22:00:00,4.0875,5.3,2.3,19:00:00,00:00:00,31.058333333333334,54.4,21.6,23:00:00,15:00:00,38.425,57.4,25.4,23:00:00,15:00:00,29.38784722222222,36.44027777777777,4,1,1,1,4,2,9.033333333333331,6.5,11.3,7.833333333333333,95.0,8.270833333333334,1.3,1.3,1019.9833333333332,1002.275,78.41666666666667,0.4,0.06,7.7,17.6,280.5416666666667,283.25,15.5,9.7,10.541666666666666,0.4080833333333333,0.40375,28.58333333333333,3.7916666666666665,24.791666666666668,16.745833333333334,28.58333333333333,151.7875
2021-11-18,35.75,48.3,20.8,19:00:00,06:00:00,3.7083333333333335,17.0,0.0,15:00:00,00:00:00,3.4625,4.5,2.8,12:00:00,15:00:00,40.77916666666667,59.1,28.8,23:00:00,14:00:00,46.90833333333333,62.9,32.8,23:00:00,09:00:00,37.42638888888889,42.98854166666666,4,1,1,1,4,3,9.191666666666666,6.4,11.9,8.204166666666667,96.41666666666669,8.65,0.0,0.0,1026.2791666666667,1008.4625,92.16666666666669,0.55,0.0458333333333333,7.4,14.3,178.83333333333334,177.75,15.5,10.420833333333333,10.6125,0.3984583333333333,0.4002083333333333,46.5,8.541666666666666,37.958333333333336,28.45833333333333,46.5,149.95416666666668
2021-11-19,35.85,44.2,28.4,18:00:00,05:00:00,4.958333333333333,14.0,0.0,15:00:00,07:00:00,3.2458333333333336,4.7,2.5,08:00:00,04:00:00,41.1,60.4,30.2,00:00:00,15:00:00,50.083333333333336,63.5,37.3,00:00:00,17:00:00,42.80434027777778,51.25347222222222,4,1,1,1,4,4,8.758333333333333,5.5,11.5,7.404166666666666,94.45833333333331,7.899999999999999,0.0,0.0,1029.5291666666667,1011.6375,75.33333333333333,0.44,0.0674999999999999,9.4,18.2,265.375,262.2083333333333,18.4,10.329166666666667,10.8125,0.38775,0.3915833333333333,32.958333333333336,3.5,29.45833333333333,13.575,32.958333333333336,148.15833333333333
2021-11-20,33.75416666666667,45.9,25.1,23:00:00,04:00:00,6.375,14.0,0.0,05:00:00,20:00:00,3.3125,4.5,2.5,21:00:00,00:00:00,42.00833333333333,65.3,31.2,22:00:00,17:00:00,47.60416666666666,69.5,37.1,22:00:00,13:00:00,38.683506944444446,45.43333333333333,4,1,1,1,4,3,6.295833333333333,3.2,8.9,4.308333333333334,93.625,5.320833333333334,0.0,0.0,1024.8958333333333,1006.9166666666666,70.20833333333333,0.56,0.0666666666666666,8.6,15.0,273.8333333333333,275.0,16.9,8.862499999999999,10.129166666666666,0.3857916666666667,0.3877916666666667,57.458333333333336,19.25,38.208333333333336,65.46666666666667,57.458333333333336,146.42083333333332
2021-11-21,39.825,49.3,29.5,17:00:00,23:00:00,2.25,5.0,0.0,12:00:00,01:00:00,3.845833333333333,4.6,2.2,12:00:00,23:00:00,43.3125,63.5,31.0,00:00:00,12:00:00,52.46666666666667,69.3,41.8,00:00:00,08:00:00,45.89791666666667,52.84045138888889,4,1,1,1,4,4,6.3500000000000005,2.6,8.0,4.508333333333334,92.79166666666669,5.2625,3.7,3.7,1014.5916666666668,996.7958333333332,94.58333333333331,0.3,0.0704166666666666,12.9,21.3,238.5,238.125,21.2,7.925,8.970833333333333,0.394125,0.3910833333333334,19.041666666666668,0.0,19.041666666666668,0.0,19.041666666666668,144.75
2021-11-22,38.66666666666666,54.4,21.6,17:00:00,03:00:00,5.041666666666667,15.0,0.0,05:00:00,17:00:00,3.204166666666667,4.9,1.8,19:00:00,00:00:00,27.175,42.8,20.5,21:00:00,16:00:00,36.10833333333333,62.5,28.5,19:00:00,08:00:00,32.11145833333333,41.49565972222222,4,1,1,1,4,3,7.704166666666667,6.4,9.7,6.0375000000000005,93.875,6.770833333333333,12.6,12.6,1013.8666666666668,996.1833333333334,99.375,0.32,0.0666666666666666,13.7,21.6,152.41666666666666,165.45833333333334,23.8,8.208333333333334,8.991666666666667,0.421375,0.4112916666666666,16.833333333333332,0.125,16.708333333333332,0.6916666666666668,16.833333333333332,143.10416666666666
2021-11-23,41.09166666666667,67.3,19.8,21:00:00,13:00:00,9.958333333333334,37.0,0.0,13:00:00,19:00:00,2.9916666666666667,4.2,2.2,22:00:00,05:00:00,27.27916666666667,53.0,11.2,23:00:00,13:00:00,32.05833333333333,57.5,15.8,23:00:00,14:00:00,28.156770833333336,34.878819444444446,4,2,1,1,4,2,9.166666666666666,7.3,12.1,6.904166666666666,80.66666666666667,5.916666666666667,0.0,0.0,1022.6791666666668,1004.9291666666668,58.583333333333336,0.92,0.23375,12.7,22.2,47.875,63.66666666666666,23.8,9.370833333333334,9.7,0.408875,0.4114583333333333,72.79166666666667,46.75,26.041666666666668,152.08333333333334,72.79166666666667,141.53333333333333
2021-11-24,45.583333333333336,69.4,28.4,20:00:00,14:00:00,7.041666666666667,30.0,0.0,14:00:00,00:00:00,3.1750000000000003,4.0,2.2,00:00:00,14:00:00,37.9,61.2,17.8,23:00:00,13:00:00,42.4,66.0,21.3,23:00:00,13:00:00,33.121180555555554,37.82829861111111,4,2,1,1,4,2,5.458333333333333,2.3,10.1,2.8666666666666667,81.875,2.404166666666667,0.0,0.0,1022.5041666666666,1004.5125,10.291666666666666,0.8500000000000001,0.1841666666666666,10.0,15.9,85.83333333333333,106.625,17.3,7.658333333333332,9.166666666666666,0.3898333333333333,0.3946666666666667,84.58333333333333,64.79166666666667,19.791666666666668,211.14166666666665,84.58333333333333,140.0125
2021-11-25,48.69583333333333,56.3,37.2,10:00:00,23:00:00,2.0,12.0,0.0,14:00:00,00:00:00,3.1041666666666665,4.0,2.4,09:00:00,22:00:00,39.2625,70.9,20.1,02:00:00,14:00:00,45.05416666666667,74.6,23.7,02:00:00,14:00:00,42.84340277777778,48.54461805555556,4,2,1,1,4,3,5.2250000000000005,3.0,6.2,2.720833333333333,89.91666666666667,3.675,9.7,9.7,1013.0541666666668,995.2166666666668,89.45833333333333,0.27,0.09125,11.4,18.4,168.66666666666666,180.375,21.2,6.408333333333334,8.083333333333334,0.4077916666666667,0.4020416666666667,10.5,0.0,10.5,0.0,10.5,138.52916666666667
2021-11-26,36.55416666666667,67.8,23.3,21:00:00,05:00:00,10.083333333333334,31.0,0.0,15:00:00,21:00:00,3.7291666666666665,5.2,2.7,22:00:00,00:00:00,27.175,51.6,17.9,22:00:00,14:00:00,31.5125,55.8,22.0,22:00:00,15:00:00,27.08315972222222,31.64635416666667,4,1,1,1,4,2,5.7250000000000005,3.4,8.8,3.0875,89.91666666666667,4.1375,0.0,0.0,998.3458333333332,980.7875,66.25,0.6799999999999999,0.0999999999999999,12.9,25.2,227.70833333333331,246.70833333333331,23.8,6.7125,7.858333333333333,0.4067083333333333,0.4091666666666667,75.70833333333333,49.16666666666666,26.541666666666668,158.05833333333334,75.70833333333333,137.0875
2021-11-27,42.62916666666667,56.3,27.3,00:00:00,14:00:00,8.125,32.0,0.0,14:00:00,00:00:00,2.8541666666666665,3.8,2.2,09:00:00,23:00:00,33.300000000000004,64.5,22.7,02:00:00,16:00:00,40.266666666666666,70.2,27.9,02:00:00,14:00:00,33.81805555555555,40.10138888888889,4,2,1,1,4,3,5.829166666666667,2.4,10.0,3.75,91.33333333333331,4.4375,1.2,1.2,993.2,975.7541666666666,74.29166666666667,0.63,0.0920833333333333,8.2,14.5,102.16666666666669,118.91666666666669,19.4,7.291666666666667,8.125,0.4015833333333333,0.4045416666666666,63.25,30.916666666666668,32.333333333333336,95.9125,63.25,135.6875
2021-11-28,29.47083333333333,54.6,15.4,20:00:00,15:00:00,29.666666666666668,55.0,3.0,15:00:00,22:00:00,3.475,4.5,2.2,17:00:00,02:00:00,14.520833333333334,27.3,7.3,20:00:00,15:00:00,18.28333333333333,32.0,10.7,21:00:00,04:00:00,21.09583333333333,26.28802083333333,3,1,1,1,3,2,4.583333333333333,2.3,7.5,1.3375,79.16666666666667,0.9791666666666666,10.4,9.5,993.3291666666668,975.8083333333334,50.29166666666666,0.79,0.17625,15.3,30.7,222.125,241.91666666666663,25.2,6.2625,7.879166666666666,0.4111666666666667,0.406875,51.91666666666666,23.416666666666668,28.5,83.67916666666666,51.91666666666666,134.32083333333333
2021-11-29,29.391666666666666,49.4,18.6,09:00:00,05:00:00,27.791666666666668,49.0,4.0,22:00:00,08:00:00,2.7875,4.2,2.0,10:00:00,23:00:00,7.204166666666667,17.7,3.4,00:00:00,13:00:00,9.916666666666666,20.4,5.5,00:00:00,05:00:00,11.283333333333331,14.448611111111113,2,1,1,1,2,1,5.333333333333333,1.8,10.0,-0.5708333333333333,38.333333333333336,-8.045833333333333,0.0,0.0,1002.25,984.6041666666666,14.375,2.5500000000000003,0.5633333333333334,26.2,43.8,334.0833333333333,337.25,45.4,5.429166666666667,6.691666666666666,0.38975,0.395,83.0,63.04166666666666,19.95833333333333,210.22916666666663,83.0,133.00416666666666
2021-11-30,41.78333333333333,71.3,15.0,20:00:00,05:00:00,25.25,50.0,1.0,04:00:00,20:00:00,3.820833333333333,5.5,2.0,18:00:00,00:00:00,15.3375,43.5,3.5,21:00:00,02:00:00,19.183333333333334,45.6,6.0,21:00:00,03:00:00,8.655555555555557,11.755555555555556,2,2,1,1,1,1,3.9333333333333336,-0.0,8.9,-0.6833333333333332,48.5,-6.1875,0.0,0.0,1016.6083333333332,998.6166666666668,16.958333333333332,1.58,0.4266666666666667,19.1,36.9,291.0833333333333,299.625,34.6,5.491666666666667,6.7125,0.3820833333333333,0.3882916666666667,80.91666666666667,61.708333333333336,19.20833333333333,209.29583333333332,80.91666666666667,131.7125
2021-12-01,54.13333333333333,65.7,31.7,17:00:00,05:00:00,6.708333333333333,19.0,0.0,05:00:00,17:00:00,4.1,6.1,2.9,10:00:00,19:00:00,30.85833333333333,65.6,17.0,23:00:00,14:00:00,36.0375,71.0,23.0,23:00:00,02:00:00,24.57118055555556,28.07065972222222,3,2,1,1,3,2,5.104166666666667,2.1,10.0,2.025,70.91666666666667,0.0791666666666666,0.0,0.0,1010.8708333333334,993.0708333333332,50.66666666666666,0.86,0.2554166666666667,15.3,30.4,198.04166666666663,195.25,25.2,5.3,6.408333333333334,0.3738333333333333,0.3805833333333333,54.083333333333336,33.541666666666664,20.541666666666668,109.27916666666664,54.083333333333336,130.49166666666667
2021-12-02,49.3625,62.5,36.6,19:00:00,23:00:00,5.916666666666667,25.0,0.0,15:00:00,00:00:00,4.9125000000000005,6.8,3.3,09:00:00,23:00:00,39.94166666666667,64.7,9.9,01:00:00,23:00:00,47.6,71.5,10.2,09:00:00,23:00:00,41.12378472222223,48.77291666666667,4,2,1,1,4,3,4.333333333333333,0.9,8.3,1.7875,89.16666666666667,2.6333333333333333,0.3,0.3,1001.1,983.4166666666666,54.79166666666666,0.65,0.0991666666666666,11.2,27.6,276.1666666666667,263.5416666666667,19.1,5.895833333333333,6.941666666666666,0.3739583333333333,0.3792083333333333,70.375,44.91666666666666,25.45833333333333,148.35833333333332,70.375,129.29999999999998
2021-12-03,54.78333333333333,88.5,28.2,22:00:00,01:00:00,8.625,34.0,0.0,15:00:00,08:00:00,4.016666666666667,6.3,2.7,20:00:00,01:00:00,19.59583333333333,65.3,4.0,23:00:00,01:00:00,24.508333333333336,69.8,5.1,23:00:00,01:00:00,21.64079861111111,27.63038194444444,3,2,1,1,3,2,2.970833333333333,-1.3,9.8,-0.3041666666666666,78.0,-0.8791666666666668,0.3999999999999999,0.3999999999999999,1011.0583333333334,993.1083333333332,33.0,0.9,0.1979166666666666,11.6,25.9,212.83333333333331,157.83333333333334,23.8,4.341666666666667,6.079166666666667,0.371625,0.3772083333333333,78.75,59.833333333333336,18.916666666666668,204.8125,78.75,128.16666666666666
2021-12-04,54.57083333333333,70.7,43.5,00:00:00,05:00:00,1.5833333333333333,7.0,0.0,12:00:00,00:00:00,3.7083333333333335,5.0,2.9,23:00:00,04:00:00,48.75833333333333,72.5,35.3,00:00:00,15:00:00,57.75,81.8,42.0,23:00:00,14:00:00,38.37847222222222,45.08663194444444,4,2,1,1,4,3,1.95,-1.3,5.6,-0.875,90.625,0.5499999999999999,0.0,0.0,1010.4916666666668,992.4875,78.54166666666667,0.38,0.0725,9.4,16.3,141.20833333333334,151.20833333333334,15.5,3.545833333333333,5.208333333333333,0.3690833333333334,0.37525,30.25,4.708333333333333,25.541666666666668,19.8375,30.25,127.07916666666668
2021-12-05,50.42083333333333,75.1,36.1,20:00:00,10:00:00,4.625,21.0,0.0,15:00:00,00:00:00,4.408333333333333,5.7,2.7,09:00:00,05:00:00,48.03333333333333,87.1,14.0,23:00:00,15:00:00,54.7375,95.4,19.7,02:00:00,14:00:00,50.442361111111104,59.51736111111111,5,2,1,1,5,4,1.4958333333333331,-1.6,6.0,-1.5,89.58333333333333,-0.0958333333333333,0.0,0.0,1004.0541666666668,986.1416666666668,54.125,0.6,0.0804166666666666,9.6,13.3,180.33333333333331,189.16666666666663,18.0,3.470833333333333,4.9750000000000005,0.3690416666666666,0.3761666666666667,77.0,56.958333333333336,20.041666666666668,196.45,77.0,126.04583333333332
2021-12-06,54.48333333333333,70.3,41.7,23:00:00,05:00:00,2.7916666666666665,14.0,0.0,15:00:00,00:00:00,4.154166666666667,5.3,3.1,11:00:00,02:00:00,37.52916666666667,67.5,18.6,00:00:00,15:00:00,45.79583333333333,75.9,25.6,02:00:00,15:00:00,41.54861111111112,48.7734375,4,2,1,1,4,3,0.8291666666666666,-2.2,6.1,-2.4625,87.875,-1.0541666666666667,0.0,0.0,1010.3125,992.2416666666668,33.875,0.56,0.0845833333333333,10.9,24.1,237.16666666666663,224.41666666666663,21.2,1.2125,3.4791666666666665,0.3699999999999999,0.375,68.83333333333333,45.91666666666666,22.916666666666668,164.32916666666668,68.83333333333333,125.07083333333333
2021-12-07,61.35,76.0,46.8,20:00:00,15:00:00,5.583333333333333,24.0,0.0,15:00:00,00:00:00,4.479166666666667,6.0,3.4,14:00:00,02:00:00,40.80416666666667,72.7,19.4,21:00:00,15:00:00,47.4625,99.9,22.8,23:00:00,15:00:00,36.75572916666667,43.46180555555555,4,2,1,1,4,3,1.3375,-3.4,7.0,-2.2916666666666665,73.04166666666667,-3.091666666666667,0.7,0.1,1013.2416666666668,995.1541666666668,32.333333333333336,0.78,0.1945833333333333,12.2,27.0,200.16666666666663,183.70833333333331,21.2,1.7125,2.8083333333333336,0.3717083333333333,0.37525,77.66666666666667,60.208333333333336,17.458333333333332,212.575,77.66666666666667,124.19583333333333
2021-12-08,52.75,66.0,39.2,00:00:00,23:00:00,4.458333333333333,12.0,1.0,14:00:00,00:00:00,3.083333333333333,4.3,2.4,22:00:00,09:00:00,30.308333333333334,61.5,12.3,00:00:00,14:00:00,36.32083333333333,88.0,16.5,00:00:00,14:00:00,39.030902777777776,46.60364583333333,4,2,1,1,4,3,0.7125,0.1,1.4,-2.8166666666666664,95.375,0.0083333333333333,21.0,7.0,1006.0,988.0,96.95833333333331,0.14,0.03125,16.6,27.4,174.04166666666666,151.58333333333334,24.1,2.2291666666666665,3.4375,0.3878749999999999,0.3745416666666667,10.5,0.0416666666666666,10.458333333333334,0.1583333333333333,10.5,123.40833333333332
2021-12-09,44.82083333333333,70.1,31.4,19:00:00,05:00:00,7.458333333333333,23.0,0.0,14:00:00,18:00:00,3.633333333333333,4.9,2.8,10:00:00,16:00:00,25.5625,39.5,7.3,23:00:00,13:00:00,29.629166666666663,42.2,10.6,23:00:00,13:00:00,26.422569444444445,30.20486111111111,4,2,1,1,4,2,1.491666666666667,-1.1,7.9,-1.8708333333333331,89.41666666666667,-0.425,2.4,0.8,1003.1833333333334,985.275,83.75,0.62,0.0970833333333333,18.7,34.0,225.5,228.79166666666663,30.6,2.191666666666667,3.4125,0.3960416666666667,0.3904166666666667,54.0,19.041666666666668,34.958333333333336,69.41666666666667,54.0,122.67916666666667
2021-12-10,65.6125,78.3,56.7,20:00:00,13:00:00,1.5416666666666667,5.0,0.0,13:00:00,01:00:00,3.8666666666666663,5.0,3.1,20:00:00,14:00:00,37.516666666666666,58.0,23.3,21:00:00,15:00:00,45.84166666666667,70.9,30.0,21:00:00,13:00:00,30.33263888888889,36.07048611111111,4,2,1,1,4,2,-0.0125,-2.2,1.8,-3.025,94.08333333333331,-0.8666666666666667,1.7,1.4,1003.7333333333332,985.7208333333332,97.66666666666669,0.2,0.0370833333333333,7.7,16.4,174.04166666666666,181.70833333333331,14.8,1.4583333333333333,3.0583333333333336,0.3889166666666666,0.3882083333333333,16.291666666666668,0.0416666666666666,16.25,0.3791666666666666,16.291666666666668,122.00833333333333
2021-12-11,42.8625,57.7,29.2,00:00:00,15:00:00,16.125,35.0,0.0,15:00:00,01:00:00,2.8541666666666665,3.9,2.1,00:00:00,17:00:00,16.320833333333333,58.6,4.7,00:00:00,15:00:00,19.925,65.8,7.8,00:00:00,16:00:00,30.461631944444445,37.258159722222224,4,2,1,1,4,2,4.720833333333333,-0.6,10.7,0.1916666666666666,60.708333333333336,-2.9375,0.0,0.0,1009.0291666666668,991.2208333333332,15.541666666666666,1.6,0.3729166666666666,22.1,41.2,272.4583333333333,296.5833333333333,36.7,2.8875,3.1875,0.3854583333333333,0.387125,75.875,59.5,16.375,215.00833333333333,75.875,121.39166666666668
2021-12-12,53.10833333333333,63.3,38.3,18:00:00,00:00:00,6.25,25.0,0.0,14:00:00,07:00:00,3.516666666666667,5.1,2.4,20:00:00,00:00:00,28.008333333333336,63.3,8.4,23:00:00,03:00:00,33.09583333333333,66.5,12.1,23:00:00,04:00:00,14.663715277777778,18.54461805555556,2,2,1,1,2,1,1.9041666666666668,-3.2,8.0,-1.6833333333333331,72.95833333333333,-2.6333333333333333,0.0,0.0,1022.5625,1004.3291666666668,13.625,0.7999999999999999,0.2041666666666667,14.2,29.6,203.125,212.54166666666663,26.6,2.033333333333333,3.329166666666667,0.3811666666666666,0.383875,74.16666666666667,57.25,16.916666666666668,206.79583333333332,74.16666666666667,120.84583333333336
2021-12-13,63.75833333333333,88.6,39.7,20:00:00,05:00:00,3.2916666666666665,15.0,0.0,14:00:00,00:00:00,4.604166666666667,6.4,3.1,16:00:00,05:00:00,60.57083333333333,105.1,35.5,22:00:00,15:00:00,64.38333333333334,109.1,45.8,22:00:00,06:00:00,46.82222222222222,51.08472222222222,4,2,1,1,4,4,2.5875,-0.9,8.2,-0.5500000000000002,79.83333333333333,-0.65,0.0,0.0,1025.4791666666667,1007.2458333333334,3.083333333333333,0.66,0.1620833333333333,11.6,23.2,236.20833333333331,240.75,19.1,2.3875,3.2583333333333333,0.3802083333333333,0.382125,71.58333333333333,55.04166666666666,16.541666666666668,199.61666666666667,71.58333333333333,120.34583333333336
2021-12-14,68.43333333333334,83.7,49.4,21:00:00,05:00:00,2.1666666666666665,10.0,0.0,15:00:00,00:00:00,4.966666666666667,6.4,3.6,18:00:00,00:00:00,84.075,118.3,65.3,23:00:00,15:00:00,91.75833333333333,148.0,69.9,22:00:00,15:00:00,73.53246527777777,78.61423611111111,5,2,1,1,5,4,0.8624999999999999,-2.2,6.7,-2.0,94.375,0.0208333333333333,0.0,0.0,1027.0291666666667,1008.65,39.91666666666666,0.45,0.04375,7.8,14.8,223.58333333333331,241.54166666666663,13.7,1.9666666666666668,2.9,0.373875,0.3777083333333333,58.91666666666666,30.625,28.291666666666668,117.0,58.91666666666666,119.92916666666667
2021-12-15,65.87916666666666,82.2,43.1,19:00:00,05:00:00,2.5,12.0,0.0,14:00:00,00:00:00,3.795833333333333,5.2,2.7,23:00:00,15:00:00,79.4875,101.2,65.7,00:00:00,16:00:00,87.19583333333333,110.9,71.4,22:00:00,15:00:00,83.22256944444445,91.19513888888888,6,2,1,1,6,4,1.3875,-0.9,5.6,-1.2125,95.25,0.6458333333333334,0.0,0.0,1030.1208333333334,1011.7333333333332,68.79166666666667,0.45,0.0383333333333333,8.7,15.9,197.54166666666663,168.20833333333334,16.6,2.920833333333333,3.3708333333333336,0.3714583333333333,0.37575,58.125,33.166666666666664,24.95833333333333,118.44166666666666,58.125,119.55833333333334
2021-12-16,63.53333333333333,77.3,51.3,19:00:00,05:00:00,2.083333333333333,7.0,0.0,11:00:00,00:00:00,4.6000000000000005,5.8,3.5,09:00:00,21:00:00,73.10416666666667,90.8,63.9,19:00:00,16:00:00,85.07083333333334,122.5,68.8,22:00:00,16:00:00,76.34513888888888,85.17829861111112,6,2,1,1,6,4,1.3166666666666669,-0.6,4.1,-1.5416666666666667,94.33333333333331,0.4875,0.0,0.0,1032.3625,1013.9333333333334,79.20833333333333,0.36,0.0395833333333333,11.6,19.6,200.75,211.33333333333331,19.4,2.704166666666667,3.454166666666667,0.3740416666666666,0.3773333333333333,43.29166666666666,10.375,32.916666666666664,39.075,43.29166666666666,119.25
2021-12-17,60.49583333333334,71.8,50.9,20:00:00,05:00:00,1.875,6.0,0.0,13:00:00,00:00:00,4.733333333333333,5.9,3.6,17:00:00,03:00:00,66.85000000000001,102.0,43.6,23:00:00,09:00:00,78.12916666666666,108.9,50.3,02:00:00,08:00:00,69.32708333333333,83.51354166666667,5,2,1,1,5,4,1.525,-0.7,4.5,-1.7,95.08333333333331,0.7875000000000001,0.0,0.0,1032.9666666666667,1014.5375,78.375,0.34,0.0341666666666666,17.7,28.5,236.58333333333331,253.125,30.2,3.0500000000000003,3.75,0.368875,0.373625,45.54166666666666,14.375,31.166666666666668,52.21666666666667,45.54166666666666,119.0
2021-12-18,59.44166666666666,64.5,54.2,19:00:00,08:00:00,1.0833333333333333,3.0,0.0,12:00:00,00:00:00,3.495833333333333,4.6,2.5,21:00:00,02:00:00,73.03333333333333,103.6,55.5,00:00:00,15:00:00,82.62083333333334,109.7,65.8,00:00:00,07:00:00,70.83836805555556,80.47951388888889,5,2,1,1,5,4,1.0916666666666666,-0.1,2.6,-1.6958333333333335,95.0,0.3583333333333333,0.0,0.0,1033.4083333333333,1014.9375,91.66666666666669,0.3,0.0325,9.9,12.4,164.29166666666666,164.16666666666666,19.4,2.4166666666666665,3.283333333333333,0.3607083333333333,0.3664583333333333,35.208333333333336,5.0,30.20833333333333,16.758333333333333,35.208333333333336,118.8
2021-12-19,53.1375,66.2,43.0,19:00:00,10:00:00,2.75,10.0,0.0,16:00:00,00:00:00,5.008333333333334,6.1,4.2,05:00:00,04:00:00,67.56666666666666,103.9,50.2,22:00:00,15:00:00,74.16250000000001,106.7,55.6,22:00:00,15:00:00,69.27829861111111,77.6736111111111,5,2,1,1,5,4,0.0916666666666666,-1.1,3.3,-3.4958333333333336,91.91666666666669,-1.1166666666666667,0.0,0.0,1026.0041666666666,1007.6083333333332,52.583333333333336,0.37,0.0529166666666666,12.2,26.5,275.0833333333333,271.875,20.2,1.85,2.9333333333333336,0.3566249999999999,0.3615,48.458333333333336,17.416666666666668,31.041666666666668,67.23333333333333,48.458333333333336,118.6625
2021-12-20,48.6125,57.6,36.3,07:00:00,15:00:00,5.875,23.0,0.0,14:00:00,00:00:00,4.025,6.3,2.8,11:00:00,17:00:00,48.4375,91.6,26.2,00:00:00,16:00:00,57.24166666666667,95.0,35.4,00:00:00,13:00:00,60.183680555555554,66.75815972222222,5,2,1,1,5,4,2.1625,-1.0,9.1,-2.033333333333333,80.5,-0.975,0.0,0.0,1018.3583333333332,1000.225,6.958333333333333,0.79,0.1516666666666666,18.7,33.5,162.33333333333334,169.125,35.6,2.5375,2.908333333333333,0.3550416666666666,0.360625,71.66666666666667,54.125,17.541666666666668,198.2875,71.66666666666667,118.56666666666666
2021-12-21,57.15,71.8,40.4,17:00:00,05:00:00,0.625,2.0,0.0,12:00:00,00:00:00,4.8375,7.2,2.7,13:00:00,00:00:00,49.0625,81.7,30.7,23:00:00,05:00:00,66.46249999999999,86.6,43.1,23:00:00,04:00:00,44.519618055555554,59.052083333333336,4,2,1,1,4,4,2.533333333333333,-1.1,6.0,-0.0208333333333333,90.875,1.1708333333333334,0.0,0.0,1024.0666666666666,1005.8625,89.0,0.28,0.0704166666666666,7.4,12.3,209.875,183.45833333333331,10.1,2.9125,3.4291666666666667,0.3565,0.3607916666666666,24.33333333333333,6.083333333333333,18.25,28.02916666666667,24.33333333333333,118.54583333333332
2021-12-22,56.37916666666666,69.5,44.6,19:00:00,05:00:00,2.583333333333333,14.0,0.0,14:00:00,03:00:00,4.7125,6.8,3.6,11:00:00,03:00:00,66.7,91.6,39.4,22:00:00,15:00:00,73.81666666666666,97.4,55.4,22:00:00,16:00:00,60.87864583333334,72.08680555555556,5,2,1,1,5,4,1.9,-0.3,6.7,-0.6583333333333333,93.45833333333331,0.8833333333333333,0.0,0.0,1025.9041666666667,1007.6208333333334,64.79166666666667,0.47,0.055,7.1,14.8,204.08333333333331,200.33333333333331,11.9,2.825,3.6125,0.3586249999999999,0.3619166666666666,58.75,34.625,24.125,132.9625,58.75,118.60416666666669
2021-12-23,45.78333333333333,55.4,37.7,22:00:00,11:00:00,1.0416666666666667,6.0,0.0,15:00:00,00:00:00,3.5375,4.7,2.2,12:00:00,03:00:00,64.19583333333334,99.0,41.5,23:00:00,16:00:00,72.09583333333333,112.7,47.5,23:00:00,15:00:00,65.26336805555555,72.65277777777777,5,2,1,1,5,4,0.8208333333333333,-0.8,3.7,-2.191666666666667,94.54166666666669,0.0208333333333333,0.0,0.0,1023.8,1005.4875,89.54166666666667,0.36,0.04125,8.1,14.4,272.3333333333333,272.3333333333333,15.5,2.441666666666667,3.420833333333333,0.3550833333333333,0.3581249999999999,40.083333333333336,12.375,27.70833333333333,42.575,40.083333333333336,118.72083333333336
2021-12-24,42.266666666666666,51.0,37.0,00:00:00,05:00:00,1.0833333333333333,5.0,0.0,14:00:00,00:00:00,4.658333333333333,6.7,3.3,19:00:00,02:00:00,69.075,98.8,44.2,23:00:00,14:00:00,78.66666666666667,104.5,56.9,00:00:00,13:00:00,67.16024305555555,76.62725694444444,5,2,1,1,5,4,1.5666666666666669,-1.7,3.6,-1.4291666666666665,91.625,0.3666666666666667,0.0,0.0,1015.45,997.3291666666668,79.29166666666667,0.23,0.0583333333333333,9.3,17.4,273.4166666666667,279.9583333333333,15.1,3.1208333333333336,3.7541666666666655,0.3584583333333333,0.3585,19.291666666666668,0.7083333333333334,18.58333333333333,2.0875,19.291666666666668,118.88333333333333
2021-12-25,39.8875,48.4,33.3,20:00:00,04:00:00,1.875,7.0,0.0,13:00:00,00:00:00,4.854166666666667,6.7,3.2,21:00:00,07:00:00,74.02499999999999,99.4,50.7,00:00:00,14:00:00,84.15833333333333,118.3,53.6,02:00:00,15:00:00,72.91840277777777,84.09184027777778,5,1,1,1,5,4,1.5916666666666668,-1.6,4.0,-1.2083333333333333,92.66666666666669,0.5291666666666667,2.3,2.3,1009.5958333333332,991.5791666666668,77.29166666666667,0.3,0.0520833333333333,7.9,12.3,270.7916666666667,272.9166666666667,13.7,3.020833333333333,3.6458333333333335,0.3699999999999999,0.3627083333333333,28.20833333333333,4.291666666666667,23.916666666666668,13.825,28.20833333333333,119.1
2021-12-26,43.020833333333336,59.0,30.7,18:00:00,06:00:00,1.8333333333333333,8.0,0.0,14:00:00,01:00:00,4.304166666666666,5.5,3.5,16:00:00,07:00:00,71.02916666666667,105.9,45.5,04:00:00,16:00:00,80.66666666666667,109.9,67.8,04:00:00,10:00:00,72.25694444444444,80.2923611111111,5,2,1,1,5,4,2.3541666666666665,-0.7,5.7,-0.1416666666666666,94.91666666666669,1.6125,0.0,0.0,1008.9083333333332,990.9625,65.375,0.4599999999999999,0.0391666666666666,9.4,20.0,217.54166666666663,203.625,16.2,3.1875,3.6166666666666663,0.363375,0.3606666666666666,57.583333333333336,28.58333333333333,29.0,99.03333333333336,57.583333333333336,119.37083333333334
2021-12-27,46.8625,55.5,35.6,19:00:00,06:00:00,0.75,4.0,0.0,13:00:00,00:00:00,4.779166666666667,6.8,3.1,08:00:00,01:00:00,78.97083333333333,95.1,65.0,07:00:00,11:00:00,85.8875,103.3,75.1,05:00:00,15:00:00,74.47065972222222,83.53663194444444,5,2,1,1,5,4,3.108333333333333,0.5,4.8,0.9083333333333332,98.58333333333331,2.8875,2.1,2.1,1009.725,991.8125,98.5,0.18,0.0116666666666666,7.9,10.7,207.0,201.08333333333331,15.8,3.5708333333333333,3.9791666666666665,0.36725,0.3615833333333333,11.916666666666666,0.0833333333333333,11.833333333333334,0.2291666666666666,11.916666666666666,119.69583333333333
2021-12-28,44.16666666666666,52.3,37.1,19:00:00,06:00:00,1.4583333333333333,6.0,0.0,14:00:00,00:00:00,5.1375,7.2,3.7,14:00:00,00:00:00,55.025,74.2,34.4,00:00:00,16:00:00,60.39166666666667,77.7,42.2,01:00:00,15:00:00,68.20972222222223,73.89548611111111,5,2,1,1,5,4,4.6625000000000005,2.4,7.7,2.3375,96.83333333333331,4.183333333333334,0.3,0.3,1009.3458333333332,991.5375,82.33333333333333,0.35,0.03,9.4,20.9,264.7083333333333,264.9166666666667,18.4,5.125,4.925,0.37925,0.3695,37.91666666666666,4.416666666666667,33.5,14.516666666666666,37.91666666666666,120.06666666666666
2021-12-29,39.96666666666667,61.9,29.5,19:00:00,06:00:00,2.25,8.0,0.0,13:00:00,00:00:00,3.9791666666666665,4.8,2.8,20:00:00,23:00:00,29.929166666666664,59.5,14.9,23:00:00,14:00:00,37.9875,82.1,19.3,21:00:00,14:00:00,38.20954861111111,43.92256944444444,4,1,1,1,4,3,4.8875,1.7,10.5,1.8916666666666664,93.16666666666669,3.8041666666666663,0.0,0.0,1010.2166666666668,992.4083333333332,62.75,0.51,0.0729166666666666,18.4,33.6,211.20833333333331,236.375,29.5,4.1000000000000005,4.7250000000000005,0.3680416666666666,0.3689166666666666,48.208333333333336,17.0,31.20833333333333,59.75833333333333,48.208333333333336,120.49583333333334
2021-12-30,45.93333333333334,56.4,36.1,22:00:00,00:00:00,1.25,7.0,0.0,13:00:00,00:00:00,4.2,5.5,2.4,20:00:00,02:00:00,57.86666666666667,79.9,39.6,23:00:00,15:00:00,65.25,91.0,52.4,23:00:00,15:00:00,44.909375,52.80034722222222,4,2,1,1,4,4,3.3166666666666664,1.7,6.1,0.9708333333333332,96.375,2.766666666666667,0.0,0.0,1020.9375,1002.8541666666666,86.83333333333333,0.38,0.0325,8.5,17.3,241.33333333333331,228.33333333333331,14.4,4.295833333333333,4.925,0.3663749999999999,0.369375,40.91666666666666,10.333333333333334,30.58333333333333,39.75416666666667,40.91666666666666,120.975
2021-12-31,43.80416666666667,56.1,33.4,18:00:00,05:00:00,1.5416666666666667,6.0,0.0,13:00:00,00:00:00,5.058333333333334,6.2,3.6,15:00:00,03:00:00,54.8375,78.9,39.1,22:00:00,14:00:00,64.92916666666666,89.8,46.6,23:00:00,06:00:00,56.54826388888889,65.31197916666666,5,2,1,1,5,4,2.845833333333333,0.6,6.5,0.0875,96.5,2.308333333333333,0.0,0.0,1025.7416666666666,1007.5208333333334,84.29166666666667,0.43,0.0295833333333333,10.8,21.1,283.7916666666667,282.4583333333333,19.4,4.245833333333334,4.8500000000000005,0.3623749999999999,0.3667083333333333,50.5,19.95833333333333,30.541666666666668,70.02083333333333,50.5,121.50416666666666
2022-01-01,45.4125,56.8,28.8,19:00:00,13:00:00,2.875,11.0,0.0,13:00:00,00:00:00,4.854166666666667,8.4,2.5,20:00:00,03:00:00,46.2375,61.4,32.6,22:00:00,06:00:00,48.51666666666667,74.9,33.3,00:00:00,06:00:00,49.80381944444445,56.93993055555556,4,2,1,1,4,4,3.5125,1.2,8.5,0.9666666666666668,96.0,2.9125,0.0,0.0,1026.1208333333334,1007.9416666666666,83.16666666666667,0.39,0.0354166666666666,16.3,34.7,184.5,205.41666666666663,24.1,4.220833333333333,4.720833333333333,0.360875,0.365,42.54166666666666,9.75,32.791666666666664,39.37083333333334,42.54166666666666,122.0875
2022-01-02,38.775,54.1,20.2,00:00:00,14:00:00,3.75,16.0,0.0,15:00:00,00:00:00,4.5875,6.7,3.3,06:00:00,19:00:00,34.295833333333334,62.2,16.4,01:00:00,16:00:00,35.375,63.2,19.3,00:00:00,15:00:00,44.309375,45.32204861111112,4,1,1,1,4,3,4.595833333333333,1.6,8.0,1.8916666666666664,96.45833333333331,4.070833333333334,0.0,0.0,1025.7083333333333,1007.6083333333332,81.66666666666667,0.31,0.0329166666666666,14.0,23.4,290.8333333333333,264.7916666666667,25.6,4.516666666666667,4.779166666666667,0.356875,0.3626666666666667,34.125,5.666666666666667,28.45833333333333,22.08333333333333,34.125,122.7125
2022-01-03,36.1875,46.9,26.2,08:00:00,13:00:00,4.5,15.0,0.0,05:00:00,00:00:00,4.079166666666667,5.4,2.6,13:00:00,00:00:00,31.929166666666664,43.3,26.1,23:00:00,15:00:00,37.67916666666667,53.0,27.6,19:00:00,02:00:00,29.3484375,32.094791666666666,4,1,1,1,4,2,6.220833333333334,5.4,8.6,4.3375,95.375,5.516666666666667,0.0,0.0,1020.4333333333334,1002.5125,100.0,0.3,0.04625,9.5,21.2,209.54166666666663,222.16666666666663,18.4,5.45,5.4375,0.3615,0.3643749999999999,22.416666666666668,0.1666666666666666,22.25,0.4791666666666667,22.416666666666668,123.40416666666664
2022-01-04,49.67083333333333,56.8,42.4,10:00:00,15:00:00,1.1666666666666667,4.0,0.0,01:00:00,02:00:00,4.829166666666667,6.2,3.3,23:00:00,01:00:00,58.81666666666666,65.8,47.0,15:00:00,00:00:00,69.14166666666667,78.4,53.8,05:00:00,00:00:00,46.03628472222223,56.78003472222222,4,2,1,1,4,4,6.170833333333333,5.6,7.0,4.591666666666667,95.66666666666669,5.5125,4.2,4.2,1012.2583333333332,994.4916666666668,100.0,0.24,0.0420833333333333,6.5,11.3,231.5,232.75,12.6,6.25,6.208333333333333,0.3744583333333333,0.365375,13.625,0.375,13.25,1.1,13.625,124.14583333333331
2022-01-05,34.358333333333334,53.5,15.6,02:00:00,21:00:00,12.833333333333334,55.0,0.0,23:00:00,00:00:00,3.641666666666666,5.6,1.7,00:00:00,23:00:00,24.929166666666664,63.9,3.0,01:00:00,23:00:00,27.683333333333334,65.1,4.7,01:00:00,23:00:00,46.3546875,51.4921875,4,1,1,1,4,4,6.445833333333333,5.5,8.1,3.1833333333333336,76.04166666666667,1.0708333333333333,4.9,4.8,1003.0875,985.5,91.20833333333331,1.14,0.2383333333333333,26.7,43.7,235.04166666666663,241.875,45.0,6.291666666666667,6.45,0.3971666666666666,0.37925,35.416666666666664,10.25,25.166666666666668,40.625,35.416666666666664,124.94583333333333
2022-01-06,34.27916666666667,60.8,13.2,19:00:00,00:00:00,24.25,48.0,0.0,00:00:00,22:00:00,3.1333333333333333,4.6,1.5,22:00:00,01:00:00,18.83333333333333,50.0,2.9,23:00:00,00:00:00,22.02916666666667,55.3,4.5,23:00:00,00:00:00,14.152430555555556,16.794618055555556,2,1,1,1,2,1,4.370833333333333,-0.1,8.2,1.0833333333333333,73.75,-0.8541666666666666,0.0,0.0,1013.8,995.8916666666668,33.291666666666664,1.1,0.2379166666666666,20.9,36.8,140.16666666666666,151.0,34.6,5.654166666666666,6.425,0.3685,0.3735416666666666,73.25,52.79166666666666,20.45833333333333,181.72083333333333,73.25,125.80833333333334
2022-01-07,45.41666666666666,63.4,25.0,19:00:00,13:00:00,9.541666666666666,40.0,0.0,14:00:00,00:00:00,4.029166666666667,6.1,2.8,23:00:00,15:00:00,33.983333333333334,55.6,15.9,01:00:00,15:00:00,36.24583333333333,56.5,19.9,01:00:00,14:00:00,31.032465277777774,34.61631944444444,4,2,1,1,4,2,1.0958333333333332,-2.2,5.6,-2.1375,81.66666666666667,-1.8,0.0,0.0,1020.5125,1002.2708333333334,19.45833333333333,0.59,0.1325,9.4,14.4,104.91666666666669,108.875,19.8,2.7,4.4125000000000005,0.3679583333333333,0.372125,70.0,44.708333333333336,25.291666666666668,155.375,70.0,126.7375
2022-01-08,44.24166666666667,57.0,28.0,00:00:00,13:00:00,4.291666666666667,17.0,0.0,14:00:00,00:00:00,4.783333333333333,7.8,2.8,12:00:00,17:00:00,42.56666666666667,57.5,27.4,23:00:00,16:00:00,47.85833333333333,82.7,35.9,23:00:00,16:00:00,37.53732638888889,38.88072916666667,4,2,1,1,4,2,-0.85,-4.2,4.0,-4.141666666666667,88.16666666666667,-2.629166666666667,0.0,0.0,1015.4041666666668,997.1375,32.166666666666664,0.54,0.07625,11.1,18.4,204.125,196.125,20.9,1.225,2.9875000000000003,0.3624583333333333,0.3678333333333333,76.25,55.208333333333336,21.041666666666668,189.85,76.25,127.70833333333331
2022-01-09,40.075,60.8,21.1,22:00:00,12:00:00,5.333333333333333,22.0,0.0,15:00:00,00:00:00,4.2250000000000005,5.6,3.1,12:00:00,06:00:00,40.74583333333333,62.8,20.9,03:00:00,15:00:00,48.19583333333333,84.4,22.2,01:00:00,15:00:00,43.50503472222223,52.14322916666666,4,2,1,1,4,4,0.2166666666666666,-3.4,4.9,-3.125,89.91666666666667,-1.3208333333333333,2.5,0.0,1006.6625,988.6208333333334,53.41666666666666,0.53,0.0725,12.1,18.4,178.125,168.58333333333334,23.4,1.5541666666666665,2.8166666666666664,0.3640833333333333,0.3677916666666667,72.875,43.41666666666666,29.45833333333333,148.8625,72.875,128.73333333333332
2022-01-10,40.04583333333333,54.5,28.6,18:00:00,13:00:00,3.0,9.0,0.0,14:00:00,03:00:00,3.8333333333333335,5.7,2.6,11:00:00,01:00:00,33.90416666666667,51.3,20.8,00:00:00,20:00:00,36.50416666666667,52.7,22.4,00:00:00,20:00:00,37.32326388888889,41.464756944444446,4,2,1,1,4,3,-0.3166666666666667,-3.2,3.9,-4.095833333333333,84.25,-3.0,0.0,0.0,1012.8833333333332,994.6958333333332,35.708333333333336,0.6,0.1025,13.2,28.9,235.91666666666663,201.875,24.1,0.3791666666666666,2.2125,0.364,0.36575,65.5,33.375,32.125,120.05,65.5,129.82083333333333
2022-01-11,46.64166666666667,75.4,23.9,19:00:00,03:00:00,4.0,14.0,0.0,14:00:00,05:00:00,4.008333333333334,5.5,2.4,11:00:00,02:00:00,27.0375,58.4,11.4,23:00:00,02:00:00,32.50416666666667,59.3,12.7,22:00:00,02:00:00,24.227951388888886,28.529340277777777,3,2,1,1,3,2,0.6083333333333333,-4.4,6.3,-3.004166666666667,68.83333333333333,-4.775,0.0,0.0,1023.4041666666668,1005.0791666666668,0.0,0.81,0.22,12.2,18.0,163.04166666666666,112.625,16.2,0.4791666666666667,1.8875,0.3608333333333333,0.364125,83.625,64.95833333333333,18.666666666666668,222.1,83.625,131.04166666666666
2022-01-12,59.59166666666667,80.2,29.2,20:00:00,11:00:00,3.625,19.0,0.0,16:00:00,00:00:00,5.054166666666666,8.0,2.6,23:00:00,01:00:00,46.8625,59.7,32.4,22:00:00,05:00:00,53.93333333333334,70.8,33.6,21:00:00,05:00:00,40.13177083333333,45.04704861111111,4,2,1,1,4,3,-0.2666666666666666,-4.4,6.4,-3.5416666666666665,84.70833333333333,-2.5791666666666666,0.0,0.0,1031.8291666666669,1013.2875,0.2916666666666667,0.67,0.1020833333333333,9.5,16.2,192.79166666666663,179.16666666666666,15.5,1.3791666666666669,2.225,0.3567916666666666,0.3615833333333333,83.33333333333333,64.125,19.20833333333333,217.63333333333333,83.33333333333333,132.3125
2022-01-13,60.32083333333333,79.1,40.3,01:00:00,10:00:00,3.125,13.0,0.0,15:00:00,00:00:00,5.720833333333334,7.7,3.2,00:00:00,04:00:00,57.40416666666667,68.6,48.4,23:00:00,09:00:00,63.675,79.2,49.4,21:00:00,03:00:00,52.225,59.57534722222223,5,2,1,1,5,4,-0.4624999999999999,-4.4,6.9,-3.920833333333333,81.29166666666667,-3.395833333333333,0.0,0.0,1037.2708333333333,1018.625,4.541666666666667,0.67,0.1266666666666666,9.9,19.8,238.08333333333331,239.625,13.7,1.1083333333333334,2.125,0.3587083333333333,0.3620833333333333,83.20833333333333,63.75,19.45833333333333,214.20833333333331,83.20833333333333,133.62916666666666
2022-01-14,62.22083333333333,84.9,45.4,19:00:00,07:00:00,6.958333333333333,26.0,0.0,15:00:00,00:00:00,5.4875,6.2,4.9,08:00:00,23:00:00,50.458333333333336,76.1,33.5,01:00:00,07:00:00,57.43333333333334,78.8,38.3,00:00:00,07:00:00,56.2390625,63.245138888888896,5,2,1,1,5,4,0.6041666666666666,-3.2,7.3,-3.3125,71.5,-4.075,0.0,0.0,1032.2791666666667,1013.8041666666668,0.0,0.8600000000000001,0.1975,12.2,25.3,277.2916666666667,271.2916666666667,20.9,0.6124999999999999,1.6916666666666669,0.35775,0.3610416666666666,83.54166666666667,64.875,18.666666666666668,216.59166666666667,83.54166666666667,134.99583333333334
2022-01-15,56.9,72.2,42.5,19:00:00,12:00:00,6.291666666666667,25.0,0.0,16:00:00,00:00:00,4.558333333333333,6.3,2.9,14:00:00,23:00:00,42.25416666666667,61.3,26.2,23:00:00,08:00:00,45.47916666666666,65.8,24.0,23:00:00,09:00:00,43.73489583333333,48.638020833333336,4,2,1,1,4,3,2.0916666666666663,-1.5,8.9,-1.1916666666666669,80.70833333333333,-0.9583333333333334,0.0,0.0,1025.5583333333334,1007.3,0.0,0.77,0.15,10.6,23.4,161.625,174.91666666666666,17.6,1.7125,2.025,0.3591249999999999,0.3609166666666666,83.41666666666667,65.04166666666667,18.375,215.56666666666663,83.41666666666667,136.43333333333334
2022-01-16,56.19583333333333,70.5,37.3,20:00:00,12:00:00,6.208333333333333,23.0,0.0,15:00:00,00:00:00,5.333333333333333,7.8,3.0,12:00:00,00:00:00,52.57916666666667,71.3,38.0,01:00:00,23:00:00,59.39166666666667,74.3,44.2,01:00:00,23:00:00,50.6390625,56.51996527777777,5,2,1,1,5,4,1.8291666666666668,-3.4,8.4,-1.575,80.5,-1.2833333333333334,0.0,0.0,1024.9166666666667,1006.6458333333334,0.0,0.78,0.15375,17.4,35.7,271.2916666666667,252.20833333333331,29.2,1.1083333333333334,2.120833333333333,0.3587499999999999,0.3601666666666667,84.08333333333333,65.25,18.83333333333333,214.65416666666667,84.08333333333333,137.9375
2022-01-17,38.6625,53.8,25.3,20:00:00,06:00:00,17.375,36.0,4.0,15:00:00,02:00:00,2.895833333333333,3.7,2.1,18:00:00,04:00:00,19.183333333333334,27.5,10.7,21:00:00,15:00:00,21.98333333333333,31.0,12.1,10:00:00,06:00:00,32.98784722222222,37.321354166666666,4,1,1,1,4,2,5.491666666666667,0.5,13.6,1.4291666666666665,59.833333333333336,-1.8666666666666665,0.0,0.0,1026.2375,1008.1833333333334,4.375,1.53,0.3829166666666666,16.6,31.9,281.0833333333333,303.2083333333333,27.0,3.4916666666666667,3.0125,0.3640416666666666,0.365375,84.95833333333333,64.66666666666667,20.291666666666668,211.86666666666667,84.95833333333333,139.475
2022-01-18,45.520833333333336,79.2,27.5,20:00:00,02:00:00,13.041666666666666,42.0,0.0,16:00:00,21:00:00,3.270833333333333,4.7,2.2,22:00:00,05:00:00,29.491666666666664,51.5,8.6,23:00:00,02:00:00,35.825,58.4,7.4,23:00:00,02:00:00,21.19045138888889,25.16128472222222,3,2,1,1,3,2,4.583333333333333,-0.1,10.3,1.2458333333333331,72.625,-0.2208333333333333,0.0,0.0,1032.0125,1013.8041666666668,0.0833333333333333,1.11,0.2541666666666666,15.5,29.5,126.04166666666669,142.83333333333334,25.2,4.229166666666667,4.45,0.361375,0.3645,85.375,66.41666666666667,18.95833333333333,215.1125,85.375,141.05416666666667
2022-01-19,51.10833333333333,63.8,31.0,01:00:00,13:00:00,7.875,38.0,0.0,16:00:00,00:00:00,5.2625,6.7,3.4,11:00:00,05:00:00,48.8,74.4,32.3,23:00:00,16:00:00,55.79166666666666,86.5,41.8,23:00:00,15:00:00,42.49652777777778,49.909375,4,2,1,1,4,3,1.9958333333333331,-1.5,7.6,-0.875,91.5,0.6833333333333335,0.0,0.0,1030.8666666666666,1012.4958333333334,22.625,0.61,0.0729166666666666,9.4,11.4,269.5833333333333,259.5416666666667,18.0,2.9875000000000003,3.954166666666667,0.3562916666666667,0.3605416666666667,67.95833333333333,36.91666666666666,31.041666666666668,119.32916666666668,67.95833333333333,142.72916666666666
2022-01-20,36.31666666666667,58.1,20.6,00:00:00,14:00:00,13.958333333333334,37.0,0.0,22:00:00,00:00:00,4.025,5.9,1.8,00:00:00,23:00:00,39.5,77.2,3.3,00:00:00,23:00:00,44.625,89.8,6.0,00:00:00,23:00:00,50.90555555555556,57.72708333333333,5,1,1,1,5,4,3.9291666666666663,-0.2,7.5,0.2666666666666666,78.04166666666667,-0.4541666666666666,1.6,1.6,1021.4666666666668,1003.4041666666668,32.041666666666664,1.19,0.2020833333333333,23.6,42.0,276.1666666666667,277.9583333333333,39.2,3.883333333333333,4.029166666666667,0.3612916666666666,0.3593333333333333,77.75,49.625,28.125,160.275,77.75,144.49166666666667
2022-01-21,36.266666666666666,75.0,13.6,23:00:00,05:00:00,16.416666666666668,38.0,0.0,02:00:00,22:00:00,2.775,5.4,1.5,23:00:00,00:00:00,21.766666666666666,54.0,3.6,23:00:00,04:00:00,30.945833333333336,71.2,4.1,23:00:00,02:00:00,19.472395833333334,24.323958333333334,2,1,1,1,2,2,2.8666666666666667,-2.4,6.8,-1.2916666666666667,63.583333333333336,-4.141666666666667,0.0,0.0,1024.1583333333333,1005.9666666666668,3.9583333333333335,1.35,0.2891666666666667,19.8,37.2,109.41666666666669,118.625,36.7,2.558333333333333,3.8333333333333335,0.355375,0.3520416666666666,84.375,61.708333333333336,22.666666666666668,199.39583333333331,84.375,146.2875
2022-01-22,40.77916666666667,74.0,21.5,00:00:00,14:00:00,9.208333333333334,26.0,0.0,15:00:00,00:00:00,3.6791666666666663,5.4,2.3,00:00:00,04:00:00,35.84583333333333,63.4,21.7,01:00:00,18:00:00,44.29166666666666,71.0,24.7,00:00:00,16:00:00,35.83645833333333,46.6703125,4,2,1,1,4,3,1.4583333333333333,-2.7,7.2,-2.3375,84.29166666666667,-1.075,0.0,0.0,1027.3458333333333,1009.0,43.54166666666666,0.76,0.1216666666666666,18.1,27.5,261.4166666666667,248.375,32.4,1.6291666666666669,2.9291666666666667,0.353375,0.353875,79.45833333333333,51.708333333333336,27.75,154.54166666666666,79.45833333333333,148.12083333333334
2022-01-23,40.54166666666666,57.2,21.6,22:00:00,13:00:00,11.083333333333334,33.0,0.0,15:00:00,02:00:00,3.2125,4.8,2.4,22:00:00,04:00:00,48.87916666666666,65.1,32.4,23:00:00,06:00:00,57.68333333333334,73.2,42.9,23:00:00,00:00:00,38.68576388888889,46.87777777777777,4,2,1,1,4,3,1.1875,-2.2,6.3,-2.1125000000000003,86.91666666666667,-0.8416666666666667,0.0,0.0,1030.2625,1011.8541666666666,5.583333333333333,0.78,0.0979166666666666,13.2,27.7,120.95833333333331,124.58333333333331,22.0,2.1791666666666667,3.1916666666666664,0.3591666666666666,0.3605416666666667,91.29166666666669,70.54166666666667,20.75,219.6291666666667,91.29166666666669,150.0
2022-01-24,51.56666666666666,61.3,40.9,20:00:00,16:00:00,3.75,9.0,0.0,15:00:00,03:00:00,3.6791666666666663,6.2,1.4,10:00:00,17:00:00,69.4875,83.2,55.9,17:00:00,08:00:00,78.14999999999999,97.5,58.8,16:00:00,07:00:00,60.8765625,68.17326388888888,5,2,1,1,5,4,-0.2791666666666667,-3.1,3.4,-3.391666666666667,90.41666666666669,-1.7541666666666669,0.0,0.0,1032.9625,1014.4041666666668,69.875,0.55,0.0641666666666666,7.2,14.8,141.33333333333334,135.16666666666666,16.9,0.0291666666666666,1.8875,0.3584583333333333,0.3610833333333333,65.0,25.25,39.75,80.70416666666667,65.0,151.92083333333332
2022-01-25,43.18333333333334,54.8,30.9,21:00:00,14:00:00,9.833333333333334,29.0,1.0,16:00:00,00:00:00,3.8333333333333335,5.0,2.2,20:00:00,00:00:00,54.4375,87.3,40.8,23:00:00,17:00:00,66.39999999999999,93.3,47.0,01:00:00,16:00:00,61.58142361111111,75.31857638888889,5,2,1,1,5,4,1.3666666666666665,-1.5,3.9,-1.6541666666666668,94.54166666666669,0.5416666666666666,0.0,0.0,1034.275,1015.8083333333334,69.70833333333333,0.38,0.04,11.3,15.1,264.8333333333333,252.20833333333331,22.0,2.2416666666666667,2.2416666666666667,0.3551666666666666,0.3588333333333333,41.16666666666666,5.916666666666667,35.25,18.58333333333333,41.16666666666666,153.90416666666667
2022-01-26,49.42083333333333,70.2,30.9,22:00:00,05:00:00,5.25,13.0,0.0,15:00:00,20:00:00,4.125,6.8,3.0,21:00:00,01:00:00,64.21666666666667,89.0,45.0,01:00:00,16:00:00,80.34583333333333,101.5,58.8,01:00:00,17:00:00,61.35798611111111,74.00138888888888,5,2,1,1,5,4,1.7583333333333335,-1.8,6.3,-1.1208333333333331,94.125,0.8916666666666666,0.0,0.0,1029.0333333333333,1010.6875,68.45833333333333,0.43,0.04625,11.9,22.3,266.9583333333333,241.79166666666663,21.6,2.25,2.6916666666666664,0.3576666666666666,0.3603333333333333,46.29166666666666,11.833333333333334,34.458333333333336,45.40833333333333,46.29166666666666,155.9375
2022-01-27,49.53333333333333,65.3,37.4,21:00:00,14:00:00,3.9583333333333335,12.0,0.0,15:00:00,00:00:00,5.404166666666666,8.9,3.4,19:00:00,01:00:00,56.525,72.2,39.1,00:00:00,17:00:00,70.56666666666666,90.7,47.5,01:00:00,23:00:00,60.28958333333333,76.14496527777779,5,2,1,1,5,4,1.5291666666666668,-0.8,5.7,-1.4333333333333331,90.33333333333331,0.075,0.0,0.0,1027.125,1008.8041666666668,77.125,0.55,0.0695833333333333,12.9,26.2,279.0,277.2916666666667,20.5,2.191666666666667,2.9291666666666667,0.3580833333333333,0.3615416666666666,60.54166666666666,20.83333333333333,39.708333333333336,58.4625,60.54166666666666,158.0375
2022-01-28,33.800000000000004,50.9,13.7,22:00:00,14:00:00,24.291666666666668,62.0,5.0,14:00:00,10:00:00,3.0666666666666664,4.6,1.4,08:00:00,14:00:00,23.933333333333334,49.9,4.8,01:00:00,13:00:00,27.979166666666668,56.8,7.0,01:00:00,15:00:00,41.23888888888889,49.2046875,4,1,1,1,4,3,5.295833333333333,-0.6,14.6,0.5208333333333334,61.25,-3.3041666666666667,0.0,0.0,1026.5,1008.4166666666666,29.166666666666668,1.94,0.44,27.2,41.7,189.95833333333331,182.04166666666663,44.6,3.358333333333334,3.3875,0.3502083333333333,0.3566666666666666,101.625,79.20833333333333,22.416666666666668,230.60416666666663,101.625,160.225
2022-01-29,44.15,62.7,30.1,19:00:00,05:00:00,11.0,39.0,0.0,14:00:00,05:00:00,4.295833333333333,6.0,2.9,19:00:00,01:00:00,35.24166666666667,50.0,23.4,22:00:00,06:00:00,41.141666666666666,57.8,24.2,12:00:00,06:00:00,24.75555555555556,28.98888888888889,3,2,1,1,3,2,3.0708333333333333,-1.7,9.2,-0.2375,73.91666666666667,-1.2916666666666667,0.0,0.0,1029.1375,1010.875,12.291666666666666,1.08,0.2120833333333333,15.7,33.1,173.91666666666666,186.41666666666663,25.2,2.8833333333333333,3.3875,0.3386666666666666,0.3488333333333333,98.5,75.875,22.625,221.41666666666663,98.5,162.49583333333334
2022-01-30,40.1,62.4,20.5,21:00:00,14:00:00,21.70833333333333,58.0,3.0,15:00:00,21:00:00,3.875,5.4,2.9,10:00:00,20:00:00,22.65,47.7,12.7,00:00:00,15:00:00,27.558333333333334,52.5,17.5,00:00:00,15:00:00,31.97048611111111,38.046527777777776,4,2,1,1,4,2,5.65,1.3,13.9,1.4416666666666669,69.83333333333333,0.5291666666666667,0.0,0.0,1020.1583333333332,1002.2125,4.916666666666667,1.53,0.2879166666666666,22.0,41.4,250.79166666666663,258.8333333333333,35.3,4.420833333333333,3.966666666666667,0.3242083333333334,0.340875,102.70833333333331,80.875,21.83333333333333,236.78333333333333,102.70833333333331,164.82500000000002
2022-01-31,33.61666666666667,56.6,13.2,00:00:00,23:00:00,27.916666666666668,69.0,1.0,23:00:00,07:00:00,3.016666666666667,4.9,1.4,11:00:00,22:00:00,29.65416666666667,57.5,4.0,03:00:00,23:00:00,37.083333333333336,76.7,5.2,12:00:00,23:00:00,29.08888888888889,34.88697916666667,4,1,1,1,4,2,5.925,1.8,10.7,1.9958333333333331,72.83333333333333,-0.1833333333333333,0.0,0.0,1011.9458333333332,994.1625,62.79166666666666,1.63,0.295,34.6,54.2,244.33333333333331,243.375,70.9,5.458333333333333,4.929166666666666,0.322625,0.3368333333333333,71.66666666666667,31.291666666666668,40.375,93.7125,71.66666666666667,167.1875
2022-02-01,19.916666666666668,40.6,5.1,23:00:00,04:00:00,58.208333333333336,77.0,30.0,15:00:00,21:00:00,2.15,4.0,1.1,22:00:00,02:00:00,7.587499999999999,21.8,2.0,22:00:00,02:00:00,10.691666666666668,23.5,3.2,22:00:00,03:00:00,12.552777777777775,18.169965277777777,2,1,2,1,2,1,8.016666666666667,4.2,12.7,2.033333333333333,34.041666666666664,-7.158333333333334,0.0,0.0,1014.0208333333334,996.3416666666668,31.70833333333333,3.23,0.7233333333333333,37.8,59.9,307.6666666666667,313.625,71.3,7.058333333333334,5.983333333333333,0.3210833333333333,0.3352083333333333,106.5,83.29166666666667,23.20833333333333,236.3125,106.5,169.6
2022-02-02,24.616666666666664,36.4,8.9,20:00:00,15:00:00,41.0,69.0,23.0,15:00:00,08:00:00,2.5416666666666665,3.5,1.6,23:00:00,15:00:00,8.716666666666667,17.6,4.3,00:00:00,15:00:00,10.829166666666666,19.1,6.5,00:00:00,14:00:00,9.691840277777777,12.12517361111111,1,1,1,1,1,1,10.729166666666666,4.9,17.5,6.0375000000000005,44.91666666666666,-1.0,0.0,0.0,1013.1916666666666,995.6916666666666,41.66666666666666,2.87,0.75875,28.5,47.1,308.5,318.1666666666667,47.5,8.320833333333333,6.925,0.2977916666666666,0.3239166666666667,88.95833333333333,53.583333333333336,35.375,152.4416666666667,88.95833333333333,172.02916666666667
2022-02-03,37.7875,59.3,23.7,20:00:00,13:00:00,18.791666666666668,46.0,1.0,14:00:00,07:00:00,3.358333333333333,4.0,2.8,09:00:00,23:00:00,22.1,32.8,10.0,23:00:00,05:00:00,26.245833333333334,47.7,11.7,20:00:00,05:00:00,13.627604166666666,16.400000000000002,2,1,1,1,2,1,7.15,2.7,11.5,3.9875,72.91666666666667,2.4208333333333334,0.0,0.0,1020.8541666666666,1003.0083333333332,33.166666666666664,1.34,0.29,14.9,28.5,130.5,144.45833333333334,28.1,7.791666666666667,7.579166666666667,0.2814583333333333,0.310125,97.91666666666669,63.66666666666666,34.25,173.09583333333333,97.91666666666669,174.4958333333333
2022-02-04,44.47083333333333,60.9,28.4,09:00:00,04:00:00,14.541666666666666,29.0,1.0,15:00:00,23:00:00,3.8875,7.1,2.3,23:00:00,01:00:00,41.329166666666666,59.8,33.0,23:00:00,00:00:00,50.37083333333334,66.0,36.8,10:00:00,00:00:00,33.05902777777778,40.54930555555556,4,2,1,1,4,3,6.720833333333334,4.3,9.6,4.841666666666667,89.20833333333333,5.0375000000000005,0.3,0.3,1018.475,1000.6291666666666,81.58333333333333,0.53,0.1125,9.9,17.0,175.54166666666666,179.95833333333334,16.2,7.595833333333334,7.337499999999999,0.2866666666666667,0.31,42.16666666666666,10.583333333333334,31.58333333333333,36.65,42.16666666666666,177.0041666666667
2022-02-05,42.89166666666667,61.2,25.3,21:00:00,13:00:00,7.416666666666667,25.0,0.0,15:00:00,22:00:00,3.875,7.1,2.6,00:00:00,23:00:00,57.5375,77.6,37.5,01:00:00,16:00:00,69.125,80.1,60.1,01:00:00,05:00:00,52.09965277777778,60.70208333333333,5,2,1,1,5,4,4.7,1.5,10.2,2.370833333333333,92.5,3.4625,0.0,0.0,1019.8333333333334,1001.8375,41.79166666666666,0.94,0.0820833333333333,9.2,15.9,214.66666666666663,218.875,15.1,6.041666666666667,6.6625000000000005,0.29125,0.3104583333333333,94.125,58.833333333333336,35.291666666666664,157.84166666666667,94.125,179.5375
2022-02-06,41.87916666666667,60.5,24.1,20:00:00,14:00:00,6.791666666666667,24.0,0.0,15:00:00,00:00:00,3.8375,5.4,1.9,12:00:00,01:00:00,61.21666666666667,72.4,50.1,01:00:00,23:00:00,67.51666666666667,85.2,56.6,20:00:00,13:00:00,59.01927083333334,68.16336805555555,5,2,1,1,5,4,3.8791666666666655,0.6,8.4,1.2291666666666667,91.41666666666669,2.5416666666666665,0.0,0.0,1021.1166666666668,1003.05,73.25,0.6,0.08125,13.0,24.4,274.7916666666667,239.58333333333331,20.9,4.8125,5.679166666666667,0.3065416666666666,0.313125,57.375,11.541666666666666,45.833333333333336,32.34583333333334,57.375,182.09166666666667
2022-02-07,23.34583333333333,47.6,7.4,00:00:00,13:00:00,42.41666666666666,84.0,3.0,12:00:00,00:00:00,2.2625,4.0,1.0,00:00:00,17:00:00,19.4875,55.3,2.4,03:00:00,13:00:00,25.054166666666664,67.4,5.3,02:00:00,10:00:00,42.80364583333333,50.809895833333336,4,1,1,1,4,4,6.983333333333333,1.2,12.7,1.3291666666666666,47.75,-5.491666666666667,0.0,0.0,1016.375,998.5916666666668,26.20833333333333,2.84,0.5925,54.5,81.8,172.91666666666666,159.70833333333334,92.5,6.470833333333334,6.179166666666667,0.315125,0.3170833333333333,118.75,94.45833333333331,24.291666666666668,251.5583333333333,118.75,184.66666666666663
2022-02-08,43.51666666666667,73.8,22.9,20:00:00,04:00:00,20.041666666666668,45.0,0.0,15:00:00,23:00:00,4.8,7.5,2.2,20:00:00,00:00:00,20.8375,44.8,9.1,23:00:00,05:00:00,27.5125,56.0,11.5,23:00:00,05:00:00,13.797743055555555,18.653819444444444,2,2,1,1,2,1,4.216666666666667,-1.9,12.4,0.5041666666666667,52.91666666666666,-5.083333333333333,0.0,0.0,1029.7375,1011.5333333333332,1.4583333333333333,1.65,0.4320833333333333,11.6,27.0,294.125,279.4166666666667,15.1,5.645833333333333,6.104166666666667,0.276375,0.2975416666666666,119.08333333333331,94.91666666666669,24.166666666666668,256.4791666666667,119.08333333333331,187.2625
2022-02-09,44.4875,68.3,21.8,00:00:00,16:00:00,22.041666666666668,61.0,0.0,16:00:00,00:00:00,4.558333333333334,6.7,2.6,11:00:00,23:00:00,28.0625,45.5,10.7,00:00:00,16:00:00,35.395833333333336,53.4,17.7,10:00:00,14:00:00,29.82552083333333,36.71267361111111,4,2,1,1,4,2,7.129166666666666,1.8,13.6,4.241666666666666,75.875,2.9958333333333336,0.0,0.0,1030.7125,1012.6916666666666,5.333333333333333,1.44,0.2716666666666666,13.8,29.3,284.7916666666667,259.9166666666667,24.8,6.4125000000000005,6.025,0.2571666666666667,0.2882083333333333,113.70833333333331,85.91666666666667,27.791666666666668,230.4833333333333,113.70833333333331,189.8708333333333
2022-02-10,51.02916666666667,65.1,32.5,23:00:00,15:00:00,5.416666666666667,16.0,0.0,16:00:00,08:00:00,4.570833333333334,7.4,2.5,09:00:00,02:00:00,28.804166666666664,46.8,18.8,23:00:00,16:00:00,34.300000000000004,53.8,22.6,23:00:00,05:00:00,24.90659722222222,31.28333333333333,3,2,1,1,3,2,7.491666666666667,4.3,12.4,5.604166666666667,87.375,5.404166666666666,0.0,0.0,1026.7833333333333,1008.85,62.625,0.88,0.1495833333333333,10.1,13.6,274.0,259.7083333333333,20.9,7.583333333333333,7.141666666666667,0.256,0.2832083333333333,70.25,33.416666666666664,36.833333333333336,89.67916666666666,70.25,192.49166666666667
2022-02-11,38.63333333333333,63.8,17.8,00:00:00,17:00:00,22.58333333333333,58.0,0.0,18:00:00,03:00:00,3.845833333333333,5.5,1.7,09:00:00,18:00:00,27.5625,49.6,4.7,00:00:00,18:00:00,33.525,57.5,6.2,00:00:00,18:00:00,32.820659722222224,39.26805555555556,4,1,1,1,4,2,8.8375,5.0,13.4,5.625,65.625,1.3958333333333333,0.9,0.9,1023.9916666666668,1006.1791666666668,53.083333333333336,1.8,0.4095833333333333,24.9,43.3,295.2916666666667,272.8333333333333,42.1,8.833333333333334,8.0125,0.270125,0.2874166666666666,78.04166666666667,41.208333333333336,36.833333333333336,110.85833333333332,78.04166666666667,195.12083333333337
2022-02-12,32.354166666666664,69.1,10.8,21:00:00,14:00:00,29.041666666666668,67.0,0.0,15:00:00,22:00:00,2.270833333333333,3.1,1.6,21:00:00,16:00:00,17.654166666666665,33.3,7.0,07:00:00,13:00:00,21.42083333333333,41.0,9.0,06:00:00,12:00:00,18.2234375,22.791493055555552,2,1,1,1,2,2,5.583333333333333,0.9,10.3,1.9875,58.54166666666666,-2.441666666666667,0.0,0.0,1031.2625,1013.1333333333332,8.541666666666666,1.62,0.4066666666666667,12.2,24.5,72.04166666666667,85.5,26.3,7.120833333333334,7.758333333333333,0.2736666666666666,0.288,125.04166666666669,97.83333333333331,27.20833333333333,250.09583333333333,125.04166666666669,197.7541666666667
2022-02-13,42.48333333333333,67.6,14.7,01:00:00,14:00:00,22.95833333333333,67.0,0.0,16:00:00,03:00:00,3.079166666666667,4.1,2.3,09:00:00,03:00:00,28.9625,45.8,15.1,23:00:00,14:00:00,29.508333333333336,43.6,17.4,23:00:00,14:00:00,24.15295138888889,26.110763888888886,3,2,1,1,3,2,2.9250000000000003,-1.2,8.6,-0.1291666666666666,73.91666666666667,-1.5333333333333332,0.0,0.0,1027.2708333333333,1009.0333333333332,10.791666666666666,1.25,0.2254166666666666,9.4,12.1,81.625,93.20833333333331,14.4,5.204166666666667,6.241666666666667,0.2702083333333333,0.2890416666666666,127.04166666666669,100.20833333333331,26.83333333333333,257.3666666666667,127.04166666666669,200.425
2022-02-14,52.05416666666667,61.8,40.9,01:00:00,14:00:00,6.5,26.0,0.0,15:00:00,06:00:00,3.483333333333334,5.4,1.7,08:00:00,23:00:00,43.583333333333336,61.2,24.9,10:00:00,22:00:00,44.0625,63.5,28.0,10:00:00,22:00:00,38.38229166666667,38.274479166666666,4,2,1,1,4,2,1.825,-1.2,3.5,-0.9416666666666668,87.41666666666667,-0.0833333333333333,6.1,5.4,1019.5333333333332,1001.3625,81.16666666666667,0.32,0.0895833333333333,7.4,12.3,233.75,230.79166666666663,13.7,3.858333333333333,5.158333333333333,0.2769583333333333,0.2954583333333333,20.0,0.25,19.75,0.5291666666666667,20.0,203.13333333333333
2022-02-15,41.7125,55.6,26.1,22:00:00,14:00:00,9.208333333333334,22.0,0.0,15:00:00,23:00:00,3.1833333333333336,4.8,1.5,12:00:00,00:00:00,24.6375,41.5,18.2,21:00:00,14:00:00,31.98333333333333,50.7,23.3,22:00:00,08:00:00,30.48263888888889,34.93020833333333,4,2,1,1,4,2,0.9916666666666668,-3.5,3.5,-1.9583333333333333,97.41666666666669,0.6208333333333333,14.3,7.5,1014.2875,996.1541666666668,85.875,0.51,0.0179166666666666,10.9,14.7,206.75,223.83333333333331,22.0,3.1791666666666667,4.245833333333334,0.3745,0.3170833333333333,61.91666666666666,7.583333333333333,54.333333333333336,23.1875,61.91666666666666,205.8791666666667
2022-02-16,48.78333333333333,64.7,37.7,19:00:00,11:00:00,6.916666666666667,29.0,0.0,14:00:00,00:00:00,4.116666666666666,6.1,3.0,20:00:00,04:00:00,36.475,47.9,30.0,01:00:00,15:00:00,42.17083333333333,62.5,36.3,01:00:00,15:00:00,32.43559027777778,39.6765625,4,2,1,1,4,2,2.895833333333333,-1.8,7.6,0.3333333333333333,94.58333333333331,2.058333333333333,0.0,0.0,1017.5166666666668,999.4416666666666,77.41666666666667,0.8,0.0483333333333333,8.4,18.4,170.20833333333334,172.08333333333334,16.6,4.3875,4.245833333333334,0.3593333333333333,0.3368333333333333,82.54166666666667,27.0,55.54166666666666,71.75416666666668,82.54166666666667,208.64583333333331
2022-02-17,33.40416666666667,54.0,15.2,20:00:00,12:00:00,17.416666666666668,56.0,0.0,15:00:00,00:00:00,4.641666666666667,5.8,3.1,09:00:00,01:00:00,26.129166666666663,33.1,17.3,00:00:00,15:00:00,30.191666666666663,38.6,25.4,13:00:00,17:00:00,30.815972222222225,34.749826388888884,4,1,1,1,4,2,6.5,-0.3,13.5,3.2125000000000004,80.33333333333333,3.1208333333333336,0.0,0.0,1012.6708333333332,994.9125,29.75,1.53,0.2358333333333333,18.2,34.8,270.5833333333333,264.9583333333333,33.5,5.658333333333334,4.9625,0.3539999999999999,0.3437083333333333,122.70833333333331,89.04166666666667,33.666666666666664,214.4625,122.70833333333331,211.4416666666667
2022-02-18,42.44166666666667,71.2,26.6,23:00:00,13:00:00,13.5,45.0,0.0,16:00:00,02:00:00,3.3875,4.8,2.4,01:00:00,07:00:00,42.4,74.6,22.9,23:00:00,03:00:00,51.06666666666666,81.0,25.6,23:00:00,06:00:00,30.744097222222223,36.78541666666667,4,2,1,1,4,2,5.625,1.5,9.3,3.2458333333333336,91.16666666666669,4.25,0.4,0.4,1015.9833333333332,998.1166666666668,69.375,0.77,0.0895833333333333,13.7,27.0,170.08333333333334,171.08333333333334,25.2,6.108333333333333,6.1625000000000005,0.344125,0.342125,75.04166666666667,18.416666666666668,56.625,41.30833333333333,75.04166666666667,214.2541666666667
2022-02-19,41.27916666666667,73.8,19.3,00:00:00,12:00:00,9.375,33.0,0.0,16:00:00,22:00:00,3.8083333333333336,5.4,2.7,12:00:00,20:00:00,51.23333333333333,84.1,24.8,02:00:00,15:00:00,64.17916666666666,92.3,34.0,04:00:00,16:00:00,55.01232638888889,65.39236111111111,5,2,1,1,5,4,8.491666666666667,5.4,12.3,6.820833333333333,91.45833333333331,7.108333333333333,0.9,0.9,1015.6875,998.0041666666666,76.16666666666667,1.06,0.1070833333333333,8.9,15.0,231.08333333333331,243.08333333333331,18.4,8.470833333333333,7.583333333333333,0.3464583333333333,0.3415833333333333,94.79166666666669,35.625,59.16666666666666,78.45833333333333,94.79166666666669,217.09583333333333
2022-02-20,36.9625,63.7,19.0,21:00:00,15:00:00,19.625,62.0,0.0,17:00:00,02:00:00,4.8500000000000005,7.2,3.2,22:00:00,06:00:00,35.63333333333333,69.8,18.2,01:00:00,16:00:00,41.85,74.9,21.9,00:00:00,16:00:00,42.22048611111111,53.44253472222223,4,1,1,1,4,4,8.683333333333334,4.9,14.1,6.6875,86.375,6.341666666666666,0.7,0.7,1018.4708333333332,1000.7541666666666,39.0,1.4,0.1804166666666666,11.2,19.9,253.91666666666663,232.33333333333331,22.7,9.095833333333331,8.241666666666667,0.3403333333333333,0.3390416666666667,122.20833333333331,82.54166666666667,39.66666666666666,185.20416666666665,122.20833333333331,219.96666666666667
2022-02-21,25.78333333333333,58.5,8.5,00:00:00,15:00:00,32.75,79.0,0.0,16:00:00,03:00:00,3.275,5.4,1.3,10:00:00,16:00:00,16.575,36.2,3.4,10:00:00,16:00:00,21.45833333333333,48.5,6.8,10:00:00,15:00:00,24.01163194444445,29.325,3,1,1,1,3,2,8.683333333333334,5.0,15.1,5.004166666666666,65.29166666666667,0.6708333333333334,0.3,0.3,1010.0083333333332,992.45,45.083333333333336,2.29,0.4520833333333333,32.7,47.7,288.2083333333333,287.2916666666667,56.9,8.375,8.0375,0.3322916666666667,0.337375,119.33333333333331,74.75,44.583333333333336,183.3875,119.33333333333331,222.83333333333331
2022-02-22,21.091666666666665,57.6,6.4,22:00:00,04:00:00,52.29166666666666,79.0,6.0,15:00:00,23:00:00,2.2666666666666666,4.1,1.1,18:00:00,05:00:00,7.770833333333333,24.9,2.9,22:00:00,14:00:00,11.579166666666666,29.7,3.5,22:00:00,04:00:00,8.577083333333333,12.510763888888889,2,1,2,1,1,1,10.6375,6.3,17.0,5.5,35.791666666666664,-4.25,0.0,0.0,1016.6958333333332,999.1375,6.333333333333333,3.63,0.8595833333333333,25.3,43.5,277.9166666666667,296.0,43.9,9.691666666666666,8.7125,0.3184166666666667,0.3366666666666666,147.875,118.83333333333331,29.041666666666668,281.93333333333334,147.875,225.72916666666663
2022-02-23,46.28333333333333,71.8,26.4,21:00:00,15:00:00,23.416666666666668,63.0,0.0,16:00:00,07:00:00,4.258333333333334,5.6,3.4,09:00:00,19:00:00,28.683333333333334,36.1,19.8,11:00:00,04:00:00,33.52916666666667,43.3,22.2,12:00:00,04:00:00,18.92673611111111,23.686631944444443,2,2,1,1,2,2,7.591666666666666,1.4,15.0,4.8375,65.04166666666667,1.1833333333333331,0.0,0.0,1024.3041666666666,1006.4166666666666,0.125,1.85,0.40375,11.5,24.0,132.125,122.04166666666669,19.4,8.5625,8.579166666666667,0.3030833333333333,0.3275,147.83333333333334,118.54166666666669,29.291666666666668,278.15833333333336,147.83333333333334,228.7458333333333
2022-02-24,48.375,73.0,30.6,21:00:00,15:00:00,17.333333333333332,50.0,0.0,15:00:00,07:00:00,4.4375,6.1,2.5,19:00:00,05:00:00,35.47083333333333,43.5,26.2,02:00:00,16:00:00,38.333333333333336,47.4,27.7,10:00:00,06:00:00,33.77291666666667,36.69461805555556,4,2,1,1,4,2,6.991666666666667,2.4,12.1,4.516666666666667,74.20833333333333,2.408333333333333,0.0,0.0,1023.0958333333332,1005.1916666666666,35.833333333333336,1.26,0.295,9.7,22.3,156.79166666666666,154.29166666666666,16.9,7.995833333333334,8.262500000000001,0.2845416666666666,0.311875,111.66666666666669,41.91666666666666,69.75,96.6125,111.66666666666669,231.7541666666667
2022-02-25,27.29583333333333,49.2,9.1,02:00:00,15:00:00,37.91666666666666,86.0,2.0,17:00:00,03:00:00,3.0708333333333333,5.7,1.2,00:00:00,16:00:00,16.966666666666665,43.9,3.3,07:00:00,14:00:00,21.2,49.3,5.2,07:00:00,14:00:00,28.2359375,32.88368055555556,4,1,1,1,4,2,7.620833333333334,1.3,16.0,2.970833333333333,56.583333333333336,-2.8875,0.0,0.0,1019.1125,1001.3166666666666,4.625,2.99,0.5499999999999999,31.7,50.7,313.0,310.4166666666667,53.3,7.854166666666667,7.758333333333333,0.2757083333333334,0.3022499999999999,149.08333333333334,116.33333333333331,32.75,266.4375,149.08333333333334,234.76666666666668
2022-02-26,20.825,43.6,7.7,20:00:00,16:00:00,51.29166666666666,82.0,15.0,15:00:00,08:00:00,2.1708333333333334,2.7,1.6,05:00:00,13:00:00,11.791666666666666,29.4,2.9,06:00:00,15:00:00,14.325,28.9,5.1,06:00:00,15:00:00,11.328645833333333,14.475347222222224,2,1,2,1,2,1,6.691666666666666,1.7,14.4,2.65,55.375,-3.920833333333333,0.0,0.0,1025.9041666666667,1007.9375,14.166666666666666,2.48,0.5329166666666667,21.6,37.7,134.625,143.45833333333334,37.8,8.395833333333334,8.020833333333334,0.2557083333333333,0.2938333333333333,157.70833333333334,125.70833333333331,32.0,283.2375,157.70833333333334,237.77916666666667
2022-02-27,30.45833333333333,63.6,10.6,22:00:00,16:00:00,38.208333333333336,78.0,2.0,16:00:00,23:00:00,3.358333333333333,4.7,2.4,10:00:00,01:00:00,17.066666666666666,26.6,7.4,02:00:00,16:00:00,18.179166666666667,27.6,8.6,02:00:00,16:00:00,15.501041666666667,17.232118055555556,2,1,1,1,2,1,5.045833333333333,-0.5,10.8,1.6541666666666668,54.625,-4.125,0.0,0.0,1027.6166666666666,1009.5083333333332,0.3333333333333333,1.8,0.4554166666666666,10.5,15.7,208.875,197.41666666666663,17.6,6.5,7.379166666666666,0.2567916666666667,0.2912499999999999,158.20833333333334,125.75,32.458333333333336,284.9583333333333,158.20833333333334,240.7875
2022-02-28,37.97083333333333,59.7,19.1,00:00:00,16:00:00,30.33333333333333,72.0,0.0,15:00:00,02:00:00,4.129166666666666,6.7,2.5,10:00:00,23:00:00,22.09583333333333,33.3,11.6,01:00:00,16:00:00,25.3625,42.4,13.0,10:00:00,15:00:00,19.303993055555555,21.694618055555555,2,1,1,1,2,2,4.3875,-2.5,11.5,0.5833333333333334,57.708333333333336,-3.75,0.0,0.0,1026.7166666666667,1008.5875,0.1666666666666666,2.0500000000000003,0.405,21.6,37.8,207.75,199.83333333333331,36.7,5.795833333333333,6.6125,0.2527083333333333,0.2882499999999999,162.41666666666666,131.16666666666666,31.25,294.8875,162.41666666666666,243.7875
2022-03-01,28.67083333333333,81.1,7.0,21:00:00,03:00:00,53.083333333333336,75.0,5.0,17:00:00,23:00:00,2.670833333333333,4.2,1.9,23:00:00,03:00:00,13.604166666666666,30.9,6.1,23:00:00,04:00:00,17.545833333333334,37.9,7.2,23:00:00,04:00:00,15.823958333333332,19.073958333333334,2,1,2,1,2,1,5.5125,0.7,9.5,1.2916666666666667,47.875,-4.9875,0.0,0.0,1030.4375,1012.3208333333332,25.625,2.28,0.4908333333333333,23.8,39.7,205.33333333333331,186.75,41.8,7.254166666666666,7.204166666666667,0.2394999999999999,0.277125,161.79166666666666,127.70833333333331,34.083333333333336,276.175,161.79166666666666,246.80416666666667
2022-03-02,48.59166666666667,85.4,19.3,00:00:00,16:00:00,26.291666666666668,78.0,1.0,16:00:00,00:00:00,5.2875000000000005,7.8,3.0,10:00:00,17:00:00,29.816666666666663,38.2,19.9,01:00:00,14:00:00,35.06666666666667,48.3,23.7,10:00:00,15:00:00,24.23888888888889,28.261284722222225,3,2,1,1,3,2,3.775,-2.9,10.9,0.4166666666666666,64.70833333333333,-3.0041666666666664,0.0,0.0,1024.0666666666666,1005.9375,26.875,1.78,0.3508333333333333,9.4,13.8,260.0833333333333,242.95833333333331,19.4,5.5625,6.433333333333334,0.245,0.2801666666666667,154.66666666666666,106.33333333333331,48.333333333333336,229.5583333333333,154.66666666666666,249.9
2022-03-03,44.15833333333333,76.7,19.3,20:00:00,14:00:00,41.16666666666666,83.0,5.0,16:00:00,07:00:00,5.904166666666666,8.9,3.9,09:00:00,16:00:00,30.454166666666666,43.2,22.0,07:00:00,14:00:00,34.770833333333336,48.5,28.0,09:00:00,16:00:00,29.72864583333333,34.79618055555556,4,2,1,1,4,2,6.970833333333334,1.4,12.9,4.45,71.95833333333333,1.9625,0.0,0.0,1016.6875,998.8916666666668,15.833333333333334,1.9,0.3225,10.0,22.6,259.7916666666667,246.54166666666663,16.6,7.629166666666666,7.0375000000000005,0.23825,0.27375,164.83333333333334,131.08333333333334,33.75,286.8958333333333,164.83333333333334,253.13333333333333
2022-03-04,36.1625,54.9,14.2,03:00:00,15:00:00,41.958333333333336,84.0,1.0,16:00:00,04:00:00,3.2458333333333336,4.8,2.6,01:00:00,18:00:00,40.23333333333333,62.1,27.1,07:00:00,16:00:00,45.8625,66.3,28.9,08:00:00,01:00:00,36.40121527777777,41.41840277777778,4,1,1,1,4,3,6.416666666666667,2.2,12.2,3.075,71.625,1.2166666666666666,0.0,0.0,1014.5916666666668,996.8125,47.625,1.82,0.315,13.8,27.8,92.04166666666669,123.20833333333331,24.5,7.633333333333333,7.529166666666666,0.2357916666666666,0.2715833333333333,129.125,80.45833333333333,48.66666666666666,162.25833333333333,129.125,256.34166666666664
2022-03-05,25.60833333333333,55.7,9.8,23:00:00,13:00:00,56.208333333333336,84.0,23.0,16:00:00,23:00:00,2.5708333333333333,3.7,2.0,00:00:00,11:00:00,23.258333333333336,39.0,14.9,00:00:00,16:00:00,27.45833333333333,44.6,18.7,00:00:00,16:00:00,30.464583333333334,35.759375,4,1,2,1,4,2,4.7625,0.4,9.5,0.7374999999999999,57.0,-3.3208333333333333,0.0,0.0,1017.725,999.7833333333332,27.875,2.08,0.3954166666666667,14.9,27.0,88.66666666666667,97.04166666666669,28.8,7.083333333333333,7.475,0.231,0.2669583333333333,160.33333333333334,110.5,49.833333333333336,241.3375,160.33333333333334,259.55833333333334
2022-03-06,30.8375,66.8,10.9,23:00:00,14:00:00,49.208333333333336,84.0,17.0,15:00:00,07:00:00,2.75,3.7,2.3,08:00:00,11:00:00,22.116666666666664,31.1,15.4,00:00:00,12:00:00,24.1875,31.5,18.3,23:00:00,13:00:00,22.79479166666667,25.92465277777778,3,1,1,1,3,2,3.7083333333333335,-0.5,9.0,0.0583333333333333,56.625,-4.566666666666666,0.0,0.0,1018.275,1000.2375,35.375,1.78,0.3799999999999999,9.4,21.1,87.875,102.08333333333331,19.8,6.008333333333333,6.775,0.2240416666666666,0.2589166666666667,151.70833333333334,96.29166666666669,55.41666666666666,207.52083333333331,151.70833333333334,262.7916666666667
2022-03-07,45.07916666666667,83.6,15.6,21:00:00,13:00:00,32.375,78.0,3.0,15:00:00,23:00:00,3.6791666666666663,5.3,2.8,08:00:00,16:00:00,35.05833333333333,46.8,25.4,05:00:00,14:00:00,39.29166666666666,60.1,26.8,09:00:00,14:00:00,29.29461805555556,31.946875,4,2,1,1,4,2,3.408333333333333,-2.4,9.8,-0.0916666666666667,62.79166666666666,-3.458333333333333,0.0,0.0,1018.8333333333334,1000.7708333333334,0.375,1.95,0.3341666666666666,10.6,16.3,108.5,126.5,18.7,5.570833333333333,6.2250000000000005,0.2183749999999999,0.2532083333333333,176.58333333333334,140.41666666666666,36.16666666666666,296.975,176.58333333333334,266.025
2022-03-08,34.6375,82.8,13.0,23:00:00,15:00:00,39.29166666666666,72.0,3.0,16:00:00,23:00:00,2.7416666666666667,4.9,1.8,23:00:00,16:00:00,29.0,49.1,16.2,00:00:00,13:00:00,35.5125,54.4,25.1,23:00:00,15:00:00,31.77378472222222,37.09670138888889,4,1,1,1,4,2,3.6291666666666655,-0.9,8.5,-0.3625,61.083333333333336,-3.5625,0.0,0.0,1023.225,1005.0958333333332,52.0,1.64,0.3366666666666666,15.2,27.8,118.0,104.91666666666669,28.1,5.445833333333333,6.233333333333333,0.2137083333333333,0.2482916666666666,122.0,46.5,75.5,101.82083333333333,122.0,269.3625
2022-03-09,46.21666666666667,82.4,18.0,22:00:00,15:00:00,25.95833333333333,79.0,1.0,16:00:00,00:00:00,4.770833333333333,6.9,3.0,22:00:00,17:00:00,39.2875,52.6,27.9,01:00:00,16:00:00,43.895833333333336,58.2,30.4,01:00:00,15:00:00,35.425694444444446,41.44461805555556,4,2,1,1,4,3,3.7291666666666665,-3.8,11.4,0.4166666666666667,66.41666666666667,-2.6875,0.0,0.0,1024.4583333333333,1006.3125,2.083333333333333,2.05,0.3454166666666666,8.4,15.8,277.3333333333333,266.0416666666667,20.9,5.245833333333334,5.683333333333334,0.2066666666666666,0.2419166666666666,183.375,147.41666666666666,35.958333333333336,307.6708333333333,183.375,272.76666666666665
2022-03-10,53.4125,81.2,21.5,21:00:00,15:00:00,31.75,96.0,0.0,16:00:00,06:00:00,4.745833333333334,6.8,3.4,11:00:00,17:00:00,42.016666666666666,52.2,32.6,23:00:00,12:00:00,45.41666666666666,62.5,35.6,21:00:00,16:00:00,39.078125,41.87482638888888,4,2,1,1,4,3,5.845833333333334,-3.1,13.4,2.9,60.25,-2.333333333333333,0.0,0.0,1025.0916666666667,1007.075,2.458333333333333,2.15,0.4775,6.9,10.8,231.04166666666663,224.08333333333331,16.9,5.708333333333333,5.9,0.19375,0.2330833333333333,185.875,150.20833333333334,35.666666666666664,311.975,185.875,276.1666666666667
2022-03-11,24.47083333333333,59.3,11.5,00:00:00,13:00:00,50.708333333333336,77.0,3.0,14:00:00,00:00:00,2.495833333333333,3.1,1.9,00:00:00,17:00:00,25.225,58.0,14.3,00:00:00,13:00:00,31.40833333333333,63.0,18.5,00:00:00,08:00:00,35.58767361111111,41.64982638888889,4,1,2,1,4,3,6.391666666666667,2.4,10.8,2.379166666666667,65.41666666666667,0.0916666666666666,0.0,0.0,1026.7208333333333,1008.7208333333332,59.66666666666666,1.94,0.3625,19.5,29.5,87.16666666666667,93.625,38.5,6.879166666666666,6.7375,0.1977916666666666,0.2368333333333333,135.83333333333334,64.875,70.95833333333333,130.9125,135.83333333333334,279.56666666666666
2022-03-12,21.991666666666664,51.2,12.8,21:00:00,15:00:00,61.375,82.0,35.0,16:00:00,21:00:00,2.4208333333333334,3.0,2.0,07:00:00,04:00:00,20.4625,26.9,16.1,22:00:00,03:00:00,24.72083333333333,32.2,18.2,20:00:00,03:00:00,19.56215277777778,24.70607638888889,2,1,2,1,2,2,5.179166666666666,2.0,8.9,1.3166666666666669,58.083333333333336,-2.625,0.0,0.0,1028.2458333333334,1010.1375,74.0,1.43,0.3854166666666667,13.7,27.2,85.20833333333333,91.95833333333331,24.8,6.575,7.016666666666667,0.202625,0.2399583333333333,82.16666666666667,14.875,67.29166666666667,47.43333333333334,82.16666666666667,282.9583333333333
2022-03-13,27.85833333333333,46.5,9.1,08:00:00,15:00:00,58.458333333333336,95.0,23.0,16:00:00,07:00:00,2.6375,3.3,1.9,09:00:00,17:00:00,23.8375,32.2,16.0,05:00:00,16:00:00,26.570833333333336,35.8,17.8,05:00:00,15:00:00,23.5640625,27.228472222222223,3,1,2,1,3,2,4.941666666666666,-0.7,9.4,1.3666666666666665,54.16666666666666,-3.7916666666666665,0.0,0.0,1027.3666666666666,1009.2541666666666,51.04166666666666,2.11,0.4266666666666667,9.1,17.7,79.54166666666667,89.33333333333333,21.2,6.891666666666667,6.8500000000000005,0.19875,0.2385416666666666,170.16666666666666,117.0,53.16666666666666,229.40833333333333,170.16666666666666,286.35
2022-03-14,34.21666666666667,55.9,17.5,08:00:00,15:00:00,47.0,81.0,15.0,16:00:00,23:00:00,4.0875,7.0,2.4,23:00:00,01:00:00,29.775,38.1,22.0,09:00:00,18:00:00,35.475,56.7,27.9,10:00:00,18:00:00,26.97690972222222,31.08767361111111,4,1,1,1,4,2,7.8625,5.2,11.2,4.995833333333333,58.04166666666666,-0.0208333333333333,0.2,0.2,1032.7583333333334,1014.7458333333334,83.95833333333333,1.63,0.4608333333333334,8.2,15.1,189.95833333333331,172.95833333333334,18.7,8.604166666666666,7.758333333333333,0.1841666666666666,0.2289583333333333,106.625,42.5,64.125,76.45,106.625,289.7291666666667
2022-03-15,40.79583333333333,62.5,26.8,22:00:00,16:00:00,27.666666666666668,56.0,4.0,17:00:00,08:00:00,4.425,6.4,3.6,00:00:00,17:00:00,32.86666666666667,47.5,17.3,07:00:00,18:00:00,39.9,50.2,24.7,07:00:00,17:00:00,31.592361111111117,37.92621527777778,4,2,1,1,4,2,9.9375,6.2,13.9,7.691666666666666,63.66666666666666,3.158333333333333,0.2,0.2,1033.7541666666666,1015.8541666666666,83.66666666666667,2.27,0.4704166666666666,8.7,18.1,235.54166666666663,198.75,16.2,10.8375,9.070833333333333,0.1717916666666666,0.2239583333333333,168.29166666666666,110.29166666666669,58.0,201.8791666666667,168.29166666666666,293.0833333333333
2022-03-16,28.275,49.5,12.3,22:00:00,15:00:00,40.29166666666666,73.0,13.0,17:00:00,23:00:00,3.6791666666666663,4.8,2.4,07:00:00,17:00:00,19.4125,36.7,12.7,00:00:00,16:00:00,27.95,41.6,22.1,00:00:00,07:00:00,25.84375,33.448437500000004,4,1,1,1,4,2,11.175,7.9,16.1,8.666666666666666,68.5,5.416666666666667,0.0,0.0,1025.5916666666667,1007.9125,64.0,2.3,0.4470833333333333,14.8,20.1,260.125,262.5833333333333,28.1,11.945833333333333,10.425,0.1624583333333333,0.2195833333333333,159.79166666666666,96.91666666666669,62.875,197.10833333333332,159.79166666666666,296.4166666666667
2022-03-17,33.34166666666667,63.8,18.0,22:00:00,04:00:00,42.66666666666666,72.0,11.0,16:00:00,00:00:00,2.733333333333333,4.2,2.0,00:00:00,12:00:00,40.67916666666667,57.2,21.2,23:00:00,01:00:00,57.85416666666666,72.5,25.0,23:00:00,01:00:00,28.18541666666667,40.83090277777777,4,1,1,1,4,3,10.941666666666668,7.8,14.5,8.904166666666667,74.83333333333333,6.516666666666667,0.0,0.0,1027.15,1009.4208333333332,83.66666666666667,1.35,0.3479166666666666,12.6,18.3,80.625,88.375,24.8,11.4,10.733333333333334,0.1631666666666666,0.2131666666666666,74.5,11.208333333333334,63.29166666666666,19.791666666666668,74.5,299.725
2022-03-18,38.0625,59.4,16.7,00:00:00,15:00:00,38.79166666666666,83.0,1.0,15:00:00,05:00:00,2.8875,3.6,2.3,09:00:00,17:00:00,42.99166666666667,73.3,22.4,02:00:00,18:00:00,53.72916666666666,86.1,27.1,01:00:00,17:00:00,47.877951388888896,64.00190972222222,4,1,1,1,4,4,9.920833333333333,6.5,14.6,7.175,66.875,3.395833333333333,0.0,0.0,1032.325,1014.4458333333332,79.79166666666667,1.58,0.455,14.3,22.8,114.625,111.25,27.0,10.441666666666666,10.083333333333334,0.161375,0.2071666666666666,70.95833333333333,8.708333333333334,62.25,18.991666666666664,70.95833333333333,303.02500000000003
2022-03-19,22.816666666666663,48.0,9.1,00:00:00,14:00:00,61.29166666666666,96.0,26.0,17:00:00,01:00:00,2.4125,3.1,2.0,08:00:00,19:00:00,20.883333333333333,25.2,14.6,00:00:00,05:00:00,25.304166666666664,31.5,19.0,17:00:00,05:00:00,26.46475694444445,32.48142361111111,4,1,2,1,4,2,8.958333333333334,4.5,13.7,5.125,48.583333333333336,-1.5416666666666667,0.0,0.0,1034.4291666666666,1016.4458333333332,28.08333333333333,3.0700000000000003,0.61375,17.3,32.3,89.75,97.79166666666669,30.2,10.254166666666666,9.670833333333333,0.1585416666666666,0.2087916666666666,194.58333333333331,144.79166666666666,49.79166666666666,274.575,194.58333333333331,306.27916666666664
2022-03-20,22.079166666666666,41.4,8.5,21:00:00,13:00:00,66.33333333333333,106.0,18.0,17:00:00,08:00:00,2.520833333333333,3.8,1.6,08:00:00,18:00:00,20.925,26.1,16.5,22:00:00,01:00:00,23.641666666666666,28.4,16.9,10:00:00,02:00:00,20.85,24.069618055555555,3,1,2,1,3,2,7.604166666666667,1.7,13.9,3.7541666666666655,44.375,-4.2125,0.0,0.0,1035.7958333333331,1017.7,6.625,2.93,0.6304166666666666,12.4,26.9,80.58333333333333,93.5,26.3,9.379166666666666,9.408333333333331,0.1577083333333333,0.2090416666666666,196.70833333333331,144.58333333333334,52.125,274.7291666666667,196.70833333333331,309.52500000000003
2022-03-21,31.98333333333333,77.5,12.3,23:00:00,14:00:00,60.41666666666666,97.0,13.0,16:00:00,23:00:00,3.6041666666666665,4.4,3.1,08:00:00,00:00:00,21.154166666666665,27.6,16.2,23:00:00,11:00:00,25.9375,34.7,19.4,23:00:00,11:00:00,21.41736111111111,25.26527777777778,3,1,2,1,3,2,7.608333333333333,1.7,13.3,4.045833333333333,44.708333333333336,-4.158333333333333,0.0,0.0,1036.4875,1018.3875,5.416666666666667,2.86,0.6220833333333333,10.8,19.4,117.08333333333331,128.29166666666666,23.0,9.7375,9.333333333333334,0.1538333333333333,0.2050833333333333,210.41666666666663,168.41666666666666,42.0,321.89166666666665,210.41666666666663,312.725
2022-03-22,48.57916666666667,80.9,13.0,23:00:00,15:00:00,45.208333333333336,105.0,2.0,15:00:00,03:00:00,3.529166666666667,4.9,2.5,10:00:00,16:00:00,30.308333333333334,45.1,20.5,05:00:00,12:00:00,35.93333333333333,48.2,28.6,23:00:00,13:00:00,26.9484375,31.549131944444444,4,2,1,1,4,2,7.470833333333334,0.7,14.1,4.270833333333333,52.458333333333336,-2.620833333333333,0.0,0.0,1035.2583333333334,1017.1708333333332,0.0,2.71,0.5808333333333333,8.7,10.8,122.0,127.95833333333331,23.0,8.85,8.916666666666666,0.1492083333333333,0.2015833333333333,213.29166666666663,171.66666666666666,41.625,326.46666666666664,213.29166666666663,315.8875
2022-03-23,46.0375,92.3,16.5,23:00:00,16:00:00,39.66666666666666,103.0,3.0,16:00:00,01:00:00,3.9791666666666665,5.1,2.9,09:00:00,17:00:00,29.504166666666663,43.7,17.9,02:00:00,18:00:00,35.25833333333333,51.0,21.0,02:00:00,16:00:00,30.36684027777778,37.12482638888889,4,2,1,1,4,2,9.0625,0.9,17.9,5.745833333333334,47.79166666666666,-2.6333333333333333,0.0,0.0,1031.4208333333331,1013.5,0.0,3.2,0.7304166666666667,10.4,16.6,270.75,228.375,18.7,10.1875,9.245833333333334,0.140125,0.1941666666666666,217.58333333333331,176.20833333333334,41.375,333.3541666666667,217.58333333333331,319.0166666666667
2022-03-24,49.2,88.4,15.9,00:00:00,16:00:00,39.458333333333336,103.0,4.0,16:00:00,06:00:00,5.183333333333334,7.0,3.6,12:00:00,15:00:00,24.525,33.5,15.6,00:00:00,17:00:00,28.9125,40.4,19.0,10:00:00,16:00:00,26.2453125,30.343229166666664,4,2,1,1,4,2,11.091666666666669,0.9,20.0,7.9375,42.0,-2.8375,0.0,0.0,1026.9208333333331,1009.1958333333332,0.0,3.32,0.9429166666666666,10.5,24.7,262.9166666666667,248.29166666666663,18.0,11.116666666666667,9.991666666666667,0.1232083333333333,0.1823749999999999,220.375,178.83333333333334,41.54166666666666,336.7083333333333,220.375,322.1083333333333
2022-03-25,38.125,70.2,13.2,08:00:00,16:00:00,59.625,108.0,15.0,15:00:00,07:00:00,4.9375,7.1,3.6,07:00:00,14:00:00,18.554166666666667,27.1,10.0,10:00:00,18:00:00,23.745833333333334,36.3,16.5,09:00:00,15:00:00,21.486979166666668,26.963541666666668,3,1,2,1,3,2,12.075,5.5,19.6,8.558333333333334,34.625,-3.670833333333333,0.0,0.0,1025.2708333333333,1007.6375,9.833333333333334,3.61,1.0141666666666669,11.1,23.1,266.7916666666667,263.4583333333333,23.8,12.129166666666668,10.791666666666666,0.116,0.1753749999999999,212.33333333333331,157.125,55.208333333333336,284.9208333333333,212.33333333333331,325.19166666666666
2022-03-26,41.9125,69.6,12.8,22:00:00,16:00:00,55.79166666666666,132.0,4.0,16:00:00,08:00:00,4.275,7.0,2.7,09:00:00,18:00:00,27.875,43.0,16.1,23:00:00,02:00:00,33.63333333333333,52.8,18.3,22:00:00,04:00:00,20.02951388888889,24.8953125,3,2,2,1,3,2,12.054166666666667,2.5,20.2,9.05,40.0,-2.020833333333333,0.0,0.0,1026.425,1008.775,0.0,3.51,0.97125,9.0,19.8,173.41666666666666,178.08333333333334,22.7,12.708333333333334,11.45,0.1270833333333333,0.1796666666666666,223.20833333333331,180.75,42.458333333333336,335.55833333333334,223.20833333333331,328.24583333333334
2022-03-27,34.108695652173914,59.7,10.7,23:00:00,17:00:00,60.26086956521739,124.0,12.0,17:00:00,01:00:00,3.682608695652174,5.7,2.8,00:00:00,04:00:00,31.756521739130434,46.4,21.7,00:00:00,17:00:00,39.82173913043478,56.0,30.1,00:00:00,20:00:00,34.19909420289855,41.88134057971015,4,1,2,1,4,3,13.582608695652173,4.8,20.9,10.691304347826089,43.130434782608695,0.2130434782608695,0.0,0.0,1027.704347826087,1010.1304347826087,2.4782608695652173,3.66,1.0182608695652176,9.0,16.4,105.56521739130434,94.52173913043478,23.0,13.57391304347826,11.92608695652174,0.1332608695652174,0.185,234.4782608695652,189.91304347826087,44.56521739130435,350.4347826086956,234.4782608695652,345.704347826087
2022-03-28,43.825,65.7,18.9,23:00:00,17:00:00,52.208333333333336,120.0,9.0,18:00:00,02:00:00,4.666666666666667,7.3,3.4,13:00:00,00:00:00,30.641666666666666,38.6,24.1,11:00:00,06:00:00,38.454166666666666,57.4,30.7,11:00:00,17:00:00,29.72256944444445,37.86770833333333,4,2,2,1,4,2,12.470833333333331,4.0,20.7,9.429166666666667,41.208333333333336,-1.5166666666666666,0.0,0.0,1024.5708333333334,1006.9666666666668,1.5,3.7,0.9975,11.1,14.5,206.04166666666663,166.91666666666666,19.4,13.15,12.091666666666669,0.1327916666666666,0.1838333333333333,229.45833333333331,186.45833333333331,43.0,342.20416666666665,229.45833333333331,334.3333333333333
2022-03-29,36.958333333333336,71.4,13.7,00:00:00,16:00:00,54.75,99.0,17.0,18:00:00,03:00:00,4.654166666666667,5.6,3.9,21:00:00,05:00:00,36.3,47.5,22.0,04:00:00,22:00:00,48.17916666666667,75.3,27.9,10:00:00,23:00:00,34.9640625,43.92395833333333,4,1,2,1,4,3,11.579166666666666,5.6,18.1,8.9125,52.583333333333336,1.8,0.0,0.0,1014.8583333333332,997.3833333333332,42.583333333333336,3.18,0.7120833333333333,11.4,23.2,120.75,133.20833333333334,20.2,13.3625,12.3125,0.1321666666666666,0.1819166666666666,207.125,139.08333333333334,68.04166666666667,239.6875,207.125,337.3541666666667
2022-03-30,29.683333333333334,54.9,18.7,23:00:00,15:00:00,47.208333333333336,62.0,18.0,17:00:00,23:00:00,3.5125,5.2,2.5,00:00:00,11:00:00,32.05416666666667,42.1,11.8,11:00:00,02:00:00,39.96666666666667,52.4,18.5,10:00:00,03:00:00,30.890625,41.11163194444445,4,1,1,1,4,3,10.120833333333334,8.5,12.3,7.904166666666666,77.08333333333333,6.1875,2.1,2.1,1005.4208333333332,988.025,91.875,1.12,0.2854166666666666,14.5,20.0,102.95833333333331,118.70833333333331,27.7,11.295833333333334,12.045833333333334,0.1463333333333333,0.1771666666666666,65.875,3.7083333333333335,62.16666666666666,6.829166666666667,65.875,340.34166666666664
2022-03-31,26.47083333333333,44.9,13.2,00:00:00,15:00:00,43.208333333333336,75.0,19.0,18:00:00,08:00:00,3.575,4.7,2.3,09:00:00,20:00:00,26.1,37.4,12.1,02:00:00,19:00:00,30.9875,44.9,16.3,03:00:00,19:00:00,33.08767361111111,40.04392361111111,4,1,1,1,4,3,11.316666666666668,8.8,15.2,9.875,78.58333333333333,7.429166666666667,7.6,7.6,994.425,977.2875,93.04166666666669,1.94,0.3220833333333333,8.8,17.1,175.79166666666666,175.58333333333334,20.5,11.929166666666667,11.2625,0.2189166666666666,0.1790833333333333,139.16666666666666,49.29166666666666,89.875,89.16250000000001,139.16666666666666,343.30833333333334
2022-04-01,28.254166666666663,42.1,14.2,00:00:00,13:00:00,42.333333333333336,67.0,22.0,17:00:00,09:00:00,2.9,4.0,1.7,08:00:00,15:00:00,18.29583333333333,29.8,9.4,08:00:00,15:00:00,23.27083333333333,36.2,14.8,07:00:00,18:00:00,20.44236111111111,25.42795138888889,3,1,1,1,3,2,9.891666666666667,7.2,14.1,8.116666666666667,84.20833333333333,7.179166666666667,17.5,17.5,992.0375,974.8583333333332,55.41666666666666,1.87,0.2116666666666666,14.6,25.7,165.20833333333334,146.0,31.3,11.504166666666668,11.545833333333334,0.3145416666666666,0.189375,154.875,84.0,70.875,156.03333333333333,154.875,346.2583333333334
2022-04-02,22.0125,39.0,11.2,23:00:00,16:00:00,48.958333333333336,74.0,22.0,18:00:00,01:00:00,2.2333333333333334,3.1,1.7,22:00:00,02:00:00,9.35,19.9,5.0,00:00:00,15:00:00,11.454166666666666,21.3,6.5,00:00:00,14:00:00,13.243055555555555,16.51996527777778,2,1,1,1,2,1,6.570833333333333,4.1,8.8,3.145833333333333,71.54166666666667,1.4875,0.9,0.9,999.8291666666668,982.3125,71.125,1.36,0.2904166666666666,18.3,29.1,127.20833333333331,79.08333333333333,32.4,8.033333333333333,9.929166666666667,0.3163333333333333,0.2057083333333333,85.33333333333333,6.5,78.83333333333333,10.6625,85.33333333333333,349.1625
2022-04-03,25.10833333333333,47.8,8.6,03:00:00,16:00:00,37.708333333333336,71.0,8.0,17:00:00,07:00:00,2.458333333333333,3.4,1.4,00:00:00,17:00:00,13.0625,19.9,7.0,09:00:00,14:00:00,15.079166666666666,23.0,7.9,09:00:00,13:00:00,11.086284722222222,13.08576388888889,2,1,1,1,2,1,5.95,1.6,9.6,3.2375000000000003,79.08333333333333,2.458333333333333,1.9,1.9,1013.6583333333332,995.8541666666666,80.33333333333333,1.58,0.2154166666666666,10.3,19.1,112.20833333333331,129.95833333333334,24.1,7.75,8.416666666666666,0.2896666666666667,0.2108333333333333,141.79166666666666,56.79166666666666,85.0,101.80416666666667,141.79166666666666,352.05833333333334
2022-04-04,22.9625,51.9,11.9,23:00:00,13:00:00,54.625,84.0,23.0,18:00:00,09:00:00,2.6750000000000003,4.9,1.9,23:00:00,18:00:00,16.020833333333332,26.4,11.9,23:00:00,17:00:00,17.904166666666665,26.5,13.6,23:00:00,17:00:00,14.268576388888889,16.200694444444444,2,1,2,1,2,1,7.958333333333333,4.7,12.3,5.175,69.58333333333333,2.2125,2.9,2.9,1018.0666666666666,1000.3125,59.41666666666666,2.15,0.3679166666666666,13.2,22.2,139.54166666666666,144.875,22.7,9.570833333333333,9.254166666666666,0.2922083333333333,0.2137916666666666,173.41666666666666,82.70833333333333,90.70833333333331,156.71666666666667,173.41666666666666,355.05
2022-04-05,29.8,51.2,10.7,00:00:00,17:00:00,43.04166666666666,98.0,1.0,20:00:00,07:00:00,4.129166666666666,4.9,2.9,00:00:00,17:00:00,19.854166666666668,31.9,10.5,01:00:00,20:00:00,21.2125,32.2,13.1,01:00:00,20:00:00,19.791319444444444,20.97118055555556,2,1,1,1,2,2,8.995833333333334,1.3,17.0,6.4125000000000005,67.20833333333333,2.5708333333333333,0.0,0.0,1013.1708333333332,995.5583333333334,0.125,3.14,0.4804166666666666,11.6,26.2,269.5416666666667,260.0,25.9,10.466666666666669,9.683333333333334,0.2645,0.2123333333333333,241.33333333333331,193.54166666666663,47.79166666666666,338.7291666666667,241.33333333333331,358.0291666666667
2022-04-06,28.73333333333333,49.1,15.0,08:00:00,16:00:00,53.5,99.0,12.0,17:00:00,08:00:00,3.891666666666667,5.2,3.1,05:00:00,07:00:00,30.229166666666668,45.6,13.2,08:00:00,01:00:00,36.025,48.9,15.3,09:00:00,01:00:00,22.284375,25.938020833333336,3,1,2,1,3,2,10.283333333333331,4.2,17.0,8.0875,70.08333333333333,4.5625,0.0,0.0,1010.1416666666668,992.6541666666668,33.791666666666664,2.95,0.4554166666666666,14.2,27.5,165.5,172.29166666666666,23.4,11.783333333333331,10.716666666666669,0.2416666666666666,0.2082083333333333,219.875,144.25,75.625,255.73333333333332,219.875,360.9625
2022-04-07,19.354166666666668,39.4,12.8,09:00:00,05:00:00,66.79166666666667,93.0,32.0,17:00:00,09:00:00,3.8333333333333335,4.6,2.8,08:00:00,16:00:00,15.4375,23.7,10.4,10:00:00,17:00:00,18.4,35.0,12.8,12:00:00,04:00:00,24.009375,28.35260416666667,3,1,2,1,3,2,12.2875,5.8,20.3,9.666666666666666,63.083333333333336,4.979166666666667,0.0,0.0,1004.4541666666668,987.1916666666666,32.708333333333336,3.44,0.6158333333333333,20.4,27.8,261.0,252.33333333333331,37.4,13.2125,11.704166666666666,0.2327916666666666,0.2075416666666666,219.125,141.33333333333334,77.79166666666667,231.00833333333333,219.125,363.8666666666666
2022-04-08,20.17083333333333,39.2,10.1,09:00:00,16:00:00,49.16666666666666,79.0,12.0,18:00:00,09:00:00,4.154166666666667,5.6,2.3,10:00:00,20:00:00,12.2875,19.4,7.4,08:00:00,18:00:00,17.629166666666666,22.9,12.1,08:00:00,18:00:00,13.911111111111111,18.19809027777778,2,1,1,1,2,1,14.566666666666668,6.7,21.5,12.858333333333334,67.20833333333333,8.020833333333334,0.0,0.0,1002.1916666666666,985.1041666666666,37.79166666666666,3.43,0.6537499999999999,20.6,32.1,236.0,231.83333333333331,34.2,14.745833333333332,12.775,0.214125,0.202125,217.29166666666663,150.75,66.54166666666667,246.24583333333337,217.29166666666663,366.75
2022-04-09,14.441666666666668,38.3,5.6,00:00:00,16:00:00,60.54166666666666,93.0,17.0,18:00:00,08:00:00,1.9583333333333333,3.9,0.8,00:00:00,11:00:00,7.2875,17.7,1.5,00:00:00,14:00:00,10.316666666666666,25.6,3.1,00:00:00,14:00:00,10.216666666666669,15.084895833333334,2,1,2,1,2,1,12.725,6.9,17.7,7.779166666666666,49.458333333333336,-0.6833333333333335,0.0,0.0,1002.7083333333334,985.5,14.958333333333334,4.91,0.8429166666666666,38.6,53.3,272.5833333333333,273.625,67.7,14.25,13.5125,0.1934583333333333,0.198875,258.375,208.0,50.375,356.1583333333333,258.375,369.7708333333333
2022-04-10,15.645833333333334,32.1,6.5,23:00:00,16:00:00,64.66666666666667,95.0,36.0,17:00:00,08:00:00,2.395833333333333,4.0,1.3,23:00:00,13:00:00,8.120833333333334,14.1,3.8,06:00:00,14:00:00,9.625,15.0,5.8,06:00:00,16:00:00,7.377777777777777,8.974479166666669,2,1,2,1,1,1,9.7625,2.6,16.9,6.570833333333333,56.583333333333336,-0.9416666666666664,0.0,0.0,1017.9458333333332,1000.3,3.083333333333333,3.75,0.6791666666666667,13.4,26.7,232.875,242.83333333333331,26.6,12.3375,12.233333333333334,0.1889166666666666,0.1945833333333333,260.5416666666667,211.20833333333331,49.333333333333336,359.8666666666666,260.5416666666667,372.8041666666666
2022-04-11,25.741666666666664,49.2,12.0,08:00:00,15:00:00,58.333333333333336,100.0,10.0,20:00:00,09:00:00,3.9,5.4,2.8,10:00:00,16:00:00,12.029166666666669,20.8,6.4,09:00:00,02:00:00,15.729166666666666,29.4,8.2,09:00:00,00:00:00,9.66597222222222,12.31232638888889,2,1,2,1,1,1,10.658333333333331,3.2,17.0,7.7875,45.04166666666666,-1.5375,0.0,0.0,1021.0708333333332,1003.4291666666668,19.20833333333333,3.72,0.7816666666666667,13.8,27.8,208.54166666666663,214.20833333333331,24.1,12.708333333333334,11.958333333333334,0.1803749999999999,0.1908333333333333,252.04166666666663,193.375,58.66666666666666,318.90000000000003,252.04166666666663,375.7791666666667
2022-04-12,27.40833333333333,51.5,12.7,23:00:00,15:00:00,65.25,100.0,18.0,17:00:00,09:00:00,4.208333333333333,5.8,3.2,10:00:00,17:00:00,10.070833333333333,16.1,4.0,21:00:00,02:00:00,14.645833333333334,21.8,5.0,23:00:00,02:00:00,10.2453125,14.098263888888887,2,1,2,1,2,1,12.095833333333331,5.4,18.7,9.275,44.958333333333336,0.0791666666666667,0.0,0.0,1019.9708333333332,1002.4416666666666,25.08333333333333,3.76,0.8404166666666667,10.0,21.4,230.54166666666663,222.29166666666663,21.2,13.591666666666669,12.441666666666668,0.1720833333333333,0.1867083333333333,241.75,169.70833333333334,72.04166666666667,273.96250000000003,241.75,378.70416666666665
2022-04-13,30.2875,50.0,9.8,08:00:00,16:00:00,67.875,120.0,24.0,18:00:00,10:00:00,3.375,4.7,2.3,02:00:00,16:00:00,23.7375,34.0,16.1,07:00:00,00:00:00,27.620833333333334,36.4,18.3,07:00:00,00:00:00,18.289583333333333,22.54461805555556,2,1,2,1,2,2,13.804166666666667,7.5,20.2,11.733333333333334,57.5,5.033333333333333,0.2,0.2,1019.3041666666668,1001.8916666666668,27.95833333333333,3.76,0.75625,10.5,19.6,91.0,118.79166666666669,22.3,14.920833333333334,13.275,0.1692083333333333,0.187875,243.25,173.125,70.125,272.5833333333333,243.25,381.57916666666665
2022-04-14,30.445833333333336,55.3,11.5,08:00:00,18:00:00,66.0,119.0,11.0,19:00:00,07:00:00,3.725,5.9,2.5,10:00:00,18:00:00,24.09166666666667,38.2,17.8,09:00:00,17:00:00,28.979166666666668,47.3,20.5,09:00:00,20:00:00,24.05850694444445,28.96059027777778,3,1,2,1,3,2,15.2375,7.8,23.0,13.595833333333331,56.875,5.716666666666666,0.0,0.0,1019.5,1002.1541666666668,16.791666666666668,4.05,0.91125,10.5,16.7,172.625,140.54166666666666,20.9,15.945833333333333,13.983333333333334,0.1583333333333333,0.1820416666666666,256.7083333333333,195.54166666666663,61.16666666666666,330.78333333333336,256.7083333333333,384.4166666666667
2022-04-15,31.008333333333336,51.8,14.6,09:00:00,16:00:00,66.875,140.0,7.0,19:00:00,04:00:00,4.029166666666667,5.4,3.3,11:00:00,23:00:00,26.7375,34.9,18.8,11:00:00,02:00:00,31.42083333333333,38.6,21.0,10:00:00,02:00:00,24.88072916666667,29.155555555555555,3,1,2,1,3,2,16.733333333333334,8.5,24.5,15.1375,53.708333333333336,6.358333333333333,0.0,0.0,1019.0166666666668,1001.7583333333332,10.0,4.38,1.0558333333333334,12.3,26.7,106.58333333333331,120.75,20.5,17.358333333333334,15.016666666666666,0.1447083333333333,0.1717083333333333,258.75,206.5,52.25,343.25416666666666,258.75,387.23333333333335
2022-04-16,17.983333333333334,36.4,7.3,08:00:00,16:00:00,80.95833333333333,127.0,33.0,18:00:00,08:00:00,2.970833333333333,4.4,1.5,10:00:00,18:00:00,23.09166666666667,39.3,10.2,05:00:00,23:00:00,26.45833333333333,44.9,13.6,05:00:00,21:00:00,27.03298611111111,31.12100694444445,4,1,2,1,4,2,17.275000000000002,10.3,24.5,14.833333333333334,49.5,5.804166666666667,0.0,0.0,1017.9208333333332,1000.7291666666666,9.916666666666666,4.9,1.1254166666666665,27.5,39.8,87.75,85.5,49.7,18.791666666666668,16.412499999999998,0.137,0.165125,251.45833333333331,192.16666666666663,59.29166666666666,318.975,251.45833333333331,390.0833333333333
2022-04-17,9.741666666666667,17.8,5.2,23:00:00,12:00:00,74.45833333333333,96.0,54.0,20:00:00,08:00:00,2.1125000000000003,2.6,1.5,02:00:00,12:00:00,8.345833333333333,14.1,6.1,01:00:00,10:00:00,10.195833333333333,15.3,8.1,00:00:00,07:00:00,13.378298611111113,16.17621527777778,2,1,2,1,2,1,13.270833333333334,8.8,17.6,10.016666666666667,44.16666666666666,0.6749999999999999,0.0,0.0,1020.4166666666666,1002.95,15.125,4.49,0.8941666666666667,15.0,27.4,107.625,111.83333333333331,29.5,16.745833333333334,16.120833333333334,0.136625,0.16325,267.2916666666667,208.58333333333331,58.708333333333336,334.34583333333336,267.2916666666667,392.94166666666666
2022-04-18,13.841666666666669,28.5,6.6,23:00:00,13:00:00,79.75,106.0,53.0,19:00:00,08:00:00,2.6958333333333333,3.3,1.8,23:00:00,00:00:00,10.75,14.6,7.3,23:00:00,02:00:00,13.320833333333333,17.9,8.3,23:00:00,02:00:00,9.122916666666669,11.193923611111112,2,1,2,1,1,1,13.008333333333333,7.0,19.0,9.858333333333333,39.083333333333336,-1.0166666666666666,0.0,0.0,1015.8875,998.4875,6.041666666666667,4.42,0.9770833333333332,10.3,22.7,104.33333333333331,111.83333333333331,22.3,16.0,15.233333333333334,0.13925,0.165875,273.25,219.875,53.375,361.925,273.25,395.7625
2022-04-19,20.104166666666668,44.0,8.5,09:00:00,17:00:00,72.16666666666667,108.0,31.0,17:00:00,07:00:00,3.5500000000000003,4.5,2.9,09:00:00,02:00:00,13.720833333333331,23.8,8.0,09:00:00,18:00:00,17.479166666666668,25.5,11.8,09:00:00,18:00:00,13.330208333333331,16.371875000000003,2,1,2,1,2,1,13.516666666666666,6.3,21.0,10.6625,48.125,2.095833333333333,0.0,0.0,1010.425,993.1375,14.958333333333334,4.48,0.8933333333333334,22.3,32.8,166.33333333333334,169.70833333333334,38.5,16.179166666666667,15.070833333333333,0.13875,0.1656666666666666,269.75,210.0,59.75,332.34583333333336,269.75,398.54583333333335
2022-04-20,14.466666666666669,27.4,9.1,22:00:00,15:00:00,73.41666666666667,90.0,54.0,19:00:00,04:00:00,2.65,3.7,1.7,02:00:00,17:00:00,13.3625,23.5,9.0,05:00:00,00:00:00,16.9,23.2,14.1,04:00:00,02:00:00,12.90190972222222,16.746354166666666,2,1,2,1,2,1,12.4875,8.9,15.9,9.629166666666666,62.29166666666666,5.233333333333333,0.0,0.0,1012.3,994.9125,71.29166666666667,2.25,0.5720833333333334,20.9,28.4,82.33333333333333,99.54166666666669,37.8,14.458333333333334,14.879166666666668,0.141375,0.1675833333333333,106.375,14.333333333333334,92.04166666666669,30.366666666666664,106.375,401.3125
2022-04-21,16.099999999999998,23.3,10.4,00:00:00,04:00:00,71.83333333333333,93.0,52.0,17:00:00,09:00:00,2.6,3.2,2.2,10:00:00,02:00:00,12.616666666666667,15.3,10.4,22:00:00,03:00:00,15.9875,20.0,11.6,21:00:00,05:00:00,12.631770833333334,16.14982638888889,2,1,2,1,2,1,12.283333333333331,10.6,15.3,8.841666666666667,49.375,1.7041666666666666,0.0,0.0,1009.9166666666666,992.5625,97.25,2.76,0.73375,14.7,20.5,90.91666666666669,93.375,31.7,14.091666666666669,14.108333333333334,0.1470416666666666,0.1712916666666666,116.5,30.125,86.375,42.3875,116.5,404.0083333333334
2022-04-22,20.4625,30.9,12.0,09:00:00,16:00:00,55.75,82.0,34.0,18:00:00,10:00:00,3.3541666666666665,6.4,1.5,07:00:00,20:00:00,14.675,24.3,7.1,08:00:00,20:00:00,18.575,32.3,10.8,10:00:00,20:00:00,14.689409722222225,18.40329861111111,2,1,2,1,2,1,12.891666666666666,8.9,17.5,10.779166666666669,65.91666666666667,6.491666666666667,0.5,0.5,1002.5125,985.3333333333334,88.70833333333333,2.72,0.54125,13.7,20.4,197.83333333333331,201.625,30.2,14.341666666666669,13.983333333333334,0.1685416666666666,0.1680833333333333,170.41666666666666,55.375,115.04166666666669,85.29583333333333,170.41666666666666,406.6791666666666
2022-04-23,16.0625,29.3,10.9,00:00:00,14:00:00,50.083333333333336,71.0,27.0,17:00:00,09:00:00,1.7666666666666666,2.5,1.1,00:00:00,21:00:00,16.170833333333334,24.3,8.8,09:00:00,18:00:00,18.879166666666663,26.7,10.8,08:00:00,23:00:00,15.841493055555556,19.11336805555556,2,1,2,1,2,1,12.795833333333334,10.9,17.2,10.6125,81.375,9.575,17.2,17.2,1004.9625,987.7375,92.41666666666669,1.52,0.2916666666666667,26.4,42.8,83.33333333333333,88.70833333333333,46.4,13.45,13.983333333333334,0.219625,0.1680833333333333,83.125,10.833333333333334,72.29166666666667,15.795833333333334,83.125,409.3083333333333
2022-04-24,13.775,42.5,7.3,23:00:00,05:00:00,69.20833333333333,89.0,47.0,17:00:00,23:00:00,1.9166666666666667,3.4,0.8,23:00:00,00:00:00,8.275,14.3,6.1,23:00:00,14:00:00,10.241666666666667,17.5,7.0,23:00:00,01:00:00,10.72795138888889,13.055034722222224,2,1,2,1,2,1,12.004166666666668,8.7,16.4,9.908333333333331,76.33333333333333,7.579166666666667,2.8,2.8,1004.1791666666668,986.9166666666666,70.875,2.55,0.375,19.1,32.4,163.5,167.5,38.5,13.408333333333331,13.241666666666667,0.339625,0.201375,183.95833333333331,93.95833333333331,90.0,154.375,183.95833333333331,411.8875
2022-04-25,18.45833333333333,39.9,8.2,00:00:00,17:00:00,57.833333333333336,88.0,23.0,17:00:00,01:00:00,3.25,4.9,2.2,07:00:00,17:00:00,11.808333333333332,18.9,7.9,08:00:00,16:00:00,14.120833333333332,19.1,10.0,09:00:00,18:00:00,10.490798611111112,12.732986111111112,2,1,2,1,2,1,13.333333333333334,7.9,19.4,12.1,76.0,8.720833333333333,4.9,4.9,1009.1916666666666,991.9166666666666,41.41666666666666,3.23,0.44625,10.7,20.2,235.79166666666663,232.79166666666663,22.7,14.508333333333333,13.458333333333334,0.3045833333333333,0.2126249999999999,231.66666666666663,147.91666666666666,83.75,238.4958333333333,231.66666666666663,414.4291666666666
2022-04-26,23.1375,35.9,16.3,23:00:00,17:00:00,44.208333333333336,72.0,23.0,19:00:00,12:00:00,2.375,3.4,1.8,23:00:00,11:00:00,18.09583333333333,25.5,11.8,04:00:00,15:00:00,21.0,26.3,15.4,03:00:00,15:00:00,15.572222222222225,17.828472222222224,2,1,1,1,2,1,13.8875,10.5,18.3,13.104166666666666,81.125,10.4875,5.6,5.6,1013.4458333333332,996.1333333333332,37.5,2.62,0.3374999999999999,12.2,25.5,122.29166666666669,129.625,27.7,14.95,14.241666666666667,0.3179583333333333,0.2177083333333333,189.20833333333331,95.25,93.95833333333331,163.1625,189.20833333333331,416.9166666666667
2022-04-27,19.6625,33.9,9.6,23:00:00,16:00:00,53.29166666666666,108.0,11.0,20:00:00,07:00:00,2.5125,3.8,1.5,08:00:00,19:00:00,15.416666666666666,20.7,12.9,08:00:00,20:00:00,18.166666666666668,26.6,14.9,08:00:00,12:00:00,16.252083333333335,19.370486111111116,2,1,2,1,2,1,14.954166666666666,9.2,21.2,13.779166666666669,69.29166666666667,8.541666666666666,0.0,0.0,1017.675,1000.3583333333332,8.041666666666666,3.89,0.64125,10.5,22.3,169.95833333333334,168.95833333333334,22.3,16.095833333333335,14.7125,0.2799999999999999,0.2195833333333333,263.9583333333333,193.58333333333331,70.375,315.0833333333333,263.9583333333333,419.3458333333333
2022-04-28,18.5125,31.6,9.1,00:00:00,16:00:00,77.41666666666667,115.0,46.0,20:00:00,09:00:00,2.075,2.8,1.4,09:00:00,18:00:00,14.195833333333333,18.9,8.8,01:00:00,19:00:00,16.474999999999998,19.6,11.5,02:00:00,20:00:00,15.159895833333332,17.6375,2,1,2,1,2,1,15.7125,10.0,22.0,13.6125,56.0,6.404166666666666,0.0,0.0,1022.8375,1005.4666666666668,9.166666666666666,4.45,0.88125,13.6,27.4,95.66666666666669,102.66666666666669,26.3,17.066666666666666,15.629166666666668,0.2522083333333333,0.2158333333333333,271.5,199.125,72.375,322.83750000000003,271.5,421.73333333333335
2022-04-29,20.20833333333333,36.5,8.0,07:00:00,16:00:00,80.0,121.0,30.0,19:00:00,09:00:00,1.9875,2.6,1.3,06:00:00,17:00:00,15.625,19.4,10.9,10:00:00,20:00:00,19.3125,24.4,15.7,08:00:00,20:00:00,14.561805555555557,17.675347222222225,2,1,2,1,2,1,16.05,11.3,21.7,14.045833333333334,54.125,6.091666666666666,0.0,0.0,1024.2333333333331,1006.8666666666668,22.416666666666668,4.61,0.92875,13.3,20.3,92.91666666666669,104.04166666666669,28.8,17.583333333333332,16.245833333333334,0.2262083333333333,0.2086666666666666,280.125,213.375,66.75,333.01666666666665,280.125,424.0583333333333
2022-04-30,18.65,32.4,7.0,23:00:00,17:00:00,78.54166666666667,117.0,37.0,19:00:00,09:00:00,2.1166666666666667,2.8,1.6,06:00:00,16:00:00,13.820833333333333,17.6,11.5,23:00:00,15:00:00,17.379166666666666,21.6,14.1,23:00:00,02:00:00,14.195659722222222,17.840972222222224,2,1,2,1,2,1,16.266666666666666,11.7,20.9,14.1,48.54166666666666,5.008333333333334,0.0,0.0,1019.8416666666668,1002.5666666666666,34.625,4.29,1.0104166666666667,11.9,20.0,72.08333333333333,63.54166666666666,27.4,17.908333333333335,16.629166666666666,0.2022916666666666,0.2005833333333333,252.79166666666663,167.41666666666666,85.375,263.2625,252.79166666666663,426.325
2022-05-01,16.6875,36.6,6.4,01:00:00,14:00:00,81.0,114.0,49.0,16:00:00,07:00:00,2.0500000000000003,3.3,1.6,09:00:00,17:00:00,12.804166666666667,18.4,8.4,00:00:00,06:00:00,15.5,21.8,9.1,02:00:00,06:00:00,13.671875,16.7453125,2,1,2,1,2,1,15.8875,9.8,21.8,14.1,55.875,6.1125,0.0,0.0,1016.1083333333332,998.8666666666668,26.625,4.21,0.9058333333333332,13.7,27.1,133.875,85.125,27.0,17.849999999999998,16.570833333333333,0.1851249999999999,0.1949999999999999,255.75,172.70833333333334,83.04166666666667,270.6708333333333,255.75,428.5541666666666
2022-05-02,17.720833333333335,36.1,7.2,08:00:00,16:00:00,76.20833333333333,114.0,28.0,19:00:00,10:00:00,2.208333333333333,3.7,1.2,09:00:00,20:00:00,13.320833333333333,19.7,10.0,09:00:00,19:00:00,16.45,23.6,12.9,09:00:00,05:00:00,13.0484375,15.984548611111114,2,1,2,1,2,1,16.162499999999998,9.6,21.9,14.6125,59.16666666666666,7.462499999999999,0.0,0.0,1014.5708333333332,997.3666666666668,15.666666666666666,4.45,0.8533333333333334,14.8,26.0,102.91666666666669,110.66666666666669,27.0,18.279166666666665,16.849999999999998,0.1772083333333333,0.1913333333333333,274.0,202.41666666666663,71.58333333333333,313.3541666666667,274.0,430.7125
2022-05-03,19.8875,35.5,9.8,08:00:00,15:00:00,70.83333333333333,92.0,43.0,17:00:00,08:00:00,2.620833333333333,3.6,1.9,10:00:00,05:00:00,11.545833333333334,17.6,8.3,01:00:00,11:00:00,14.395833333333334,19.8,11.3,00:00:00,06:00:00,12.381597222222224,15.177256944444446,2,1,2,1,2,1,16.433333333333334,11.8,21.3,14.854166666666666,59.5,8.095833333333333,0.5,0.5,1014.8208333333332,997.6333333333332,63.375,3.5,0.8216666666666667,21.1,30.0,247.45833333333331,195.08333333333331,39.6,18.0375,17.104166666666668,0.1667916666666666,0.186,200.16666666666663,99.75,100.41666666666669,153.0375,200.16666666666663,432.8208333333334
2022-05-04,24.1625,45.4,11.5,22:00:00,16:00:00,58.29166666666666,104.0,28.0,18:00:00,08:00:00,2.8166666666666664,3.4,2.4,07:00:00,21:00:00,14.058333333333332,23.4,10.5,23:00:00,12:00:00,17.791666666666668,26.0,12.7,23:00:00,17:00:00,12.426041666666665,16.049305555555556,2,1,2,1,2,1,15.070833333333333,11.9,19.4,14.458333333333334,76.25,10.666666666666666,6.5,6.5,1017.3333333333334,1000.0291666666668,55.875,3.07,0.4458333333333333,12.9,16.6,251.66666666666663,254.83333333333331,25.2,16.849999999999998,16.662499999999998,0.2025416666666666,0.190125,210.0,113.83333333333331,96.16666666666669,173.59166666666667,210.0,434.8833333333334
2022-05-05,29.55,45.9,22.6,01:00:00,13:00:00,40.875,66.0,23.0,18:00:00,08:00:00,2.8041666666666667,4.2,1.6,06:00:00,19:00:00,20.33333333333333,28.2,10.7,08:00:00,20:00:00,23.375,30.2,14.1,09:00:00,21:00:00,18.790625,22.07118055555556,2,1,1,1,2,2,13.995833333333332,10.3,19.7,13.229166666666666,82.625,10.854166666666666,14.4,14.4,1018.9875,1001.5791666666668,65.66666666666667,2.08,0.3154166666666667,12.9,21.4,193.83333333333331,190.75,32.4,15.683333333333332,16.191666666666666,0.2209166666666666,0.1882083333333333,135.91666666666666,33.625,102.29166666666669,67.19583333333334,135.91666666666666,436.90833333333336
2022-05-06,25.45833333333333,46.4,12.0,21:00:00,05:00:00,43.0,59.0,26.0,06:00:00,21:00:00,1.991666666666667,2.3,1.5,11:00:00,05:00:00,12.8125,19.8,9.3,23:00:00,19:00:00,16.229166666666668,22.6,12.4,22:00:00,07:00:00,14.876041666666666,18.05625,2,1,1,1,2,1,13.504166666666668,12.4,15.1,13.020833333333334,86.95833333333333,11.316666666666668,11.3,11.3,1019.875,1002.425,94.625,1.1,0.20875,11.2,20.3,93.41666666666669,77.375,19.1,13.983333333333334,14.645833333333334,0.3640416666666666,0.2134583333333333,65.66666666666667,1.375,64.29166666666667,2.9416666666666664,65.66666666666667,438.8958333333333
2022-05-07,20.691666666666663,36.0,7.9,01:00:00,16:00:00,51.208333333333336,91.0,21.0,18:00:00,09:00:00,2.3291666666666666,3.4,1.5,11:00:00,01:00:00,17.075,22.2,13.0,09:00:00,17:00:00,19.34583333333333,26.3,13.4,08:00:00,17:00:00,15.832291666666668,18.78211805555556,2,1,2,1,2,1,15.629166666666668,11.6,20.2,15.216666666666669,75.83333333333333,11.120833333333332,1.6,1.6,1019.325,1002.0125,74.5,3.16,0.4783333333333333,11.6,16.2,157.04166666666666,134.95833333333334,24.8,16.316666666666666,15.045833333333334,0.3276666666666666,0.231125,209.29166666666663,108.83333333333331,100.45833333333331,170.11666666666667,209.29166666666663,440.8708333333333
2022-05-08,17.929166666666667,27.7,7.7,23:00:00,16:00:00,55.54166666666666,82.0,33.0,19:00:00,07:00:00,2.095833333333333,3.4,1.3,11:00:00,19:00:00,9.720833333333331,18.6,4.3,00:00:00,17:00:00,12.620833333333332,22.0,6.9,00:00:00,17:00:00,13.5640625,16.167708333333334,2,1,2,1,2,1,16.15,12.0,20.8,16.029166666666665,78.70833333333333,12.108333333333334,1.6,1.6,1019.85,1002.5708333333332,75.45833333333333,2.61,0.4454166666666666,10.1,15.5,176.375,166.29166666666666,25.6,16.916666666666668,16.075,0.3437083333333333,0.252125,166.0,55.0,111.0,82.48333333333333,166.0,442.7833333333333
2022-05-09,21.604166666666668,53.3,6.8,22:00:00,16:00:00,52.458333333333336,114.0,12.0,19:00:00,10:00:00,2.066666666666667,3.1,1.6,09:00:00,17:00:00,12.208333333333334,21.9,5.7,23:00:00,03:00:00,16.354166666666668,29.1,8.9,23:00:00,06:00:00,9.096354166666666,12.383506944444449,2,1,2,1,1,1,17.7375,11.6,24.3,17.712500000000002,69.83333333333333,11.475,0.0,0.0,1022.375,1005.1375,13.625,4.22,0.7379166666666667,9.1,17.4,227.29166666666663,138.70833333333334,18.0,18.6125,16.820833333333333,0.30775,0.2571666666666667,276.1666666666667,202.0,74.16666666666667,302.6791666666667,276.1666666666667,444.6583333333333
2022-05-10,22.695833333333336,46.9,8.7,00:00:00,16:00:00,63.5,123.0,10.0,20:00:00,02:00:00,2.2916666666666665,3.4,1.5,11:00:00,04:00:00,14.441666666666668,24.5,8.3,00:00:00,06:00:00,19.779166666666665,31.2,13.4,00:00:00,06:00:00,14.815277777777778,19.961631944444445,2,1,2,1,2,1,19.279166666666665,13.5,24.8,19.229166666666668,67.41666666666667,12.491666666666667,0.1,0.1,1021.3416666666668,1004.2208333333332,13.833333333333334,4.6,0.85125,12.6,24.7,240.33333333333331,251.45833333333331,22.7,19.929166666666667,18.058333333333334,0.2729999999999999,0.2505,284.0416666666667,215.125,68.91666666666667,331.9875,284.0416666666667,446.5541666666666
2022-05-11,19.48333333333333,39.4,8.2,08:00:00,16:00:00,79.54166666666667,126.0,35.0,17:00:00,07:00:00,3.4,4.0,2.9,06:00:00,09:00:00,15.541666666666666,24.4,8.1,08:00:00,20:00:00,19.758333333333333,26.4,13.6,09:00:00,23:00:00,16.07065972222222,19.809375,2,1,2,1,2,1,20.383333333333333,13.4,26.8,19.7625,57.125,11.095833333333331,0.0,0.0,1019.6625,1002.6208333333334,10.75,5.38,1.1558333333333333,15.3,28.1,253.25,242.33333333333331,27.4,20.904166666666665,18.979166666666668,0.2415416666666666,0.2391666666666666,296.25,230.125,66.125,350.3458333333333,296.25,448.44166666666666
2022-05-12,12.391666666666666,20.3,7.4,08:00:00,16:00:00,88.25,122.0,47.0,19:00:00,09:00:00,3.075,4.5,2.3,23:00:00,16:00:00,11.654166666666669,13.5,10.0,03:00:00,00:00:00,18.879166666666663,22.1,13.8,18:00:00,00:00:00,12.192534722222222,18.434375,2,1,2,1,2,1,20.129166666666663,14.6,27.3,19.42083333333333,64.16666666666667,12.683333333333332,0.0,0.0,1019.8875,1002.8291666666668,11.375,5.34,0.965,18.4,29.5,249.91666666666663,244.20833333333331,31.0,21.883333333333336,19.766666666666666,0.2066249999999999,0.22375,293.4166666666667,225.66666666666663,67.75,336.71250000000003,293.4166666666667,450.2833333333333
2022-05-13,12.45,20.5,8.4,09:00:00,14:00:00,80.79166666666667,111.0,43.0,17:00:00,09:00:00,3.158333333333333,3.9,2.6,23:00:00,15:00:00,10.945833333333333,13.0,7.8,20:00:00,09:00:00,18.59583333333333,22.8,12.8,20:00:00,03:00:00,10.930555555555555,18.389409722222226,2,1,2,1,2,1,20.125,14.1,26.6,19.4375,62.75,12.304166666666667,0.0,0.0,1018.7166666666668,1001.6708333333332,27.83333333333333,5.0600000000000005,1.0020833333333334,17.1,27.2,252.08333333333331,246.95833333333331,31.3,21.9625,20.133333333333333,0.1872083333333333,0.2142916666666666,274.9583333333333,181.70833333333331,93.25,269.45416666666665,274.9583333333333,452.0875
2022-05-14,14.325,22.3,7.7,23:00:00,15:00:00,85.25,129.0,48.0,17:00:00,06:00:00,3.1833333333333336,3.7,2.3,00:00:00,08:00:00,16.258333333333333,20.0,11.7,23:00:00,00:00:00,23.166666666666668,27.5,18.5,21:00:00,02:00:00,13.49357638888889,21.05902777777778,2,1,2,1,2,2,20.925,15.6,26.8,21.525,66.29166666666667,13.891666666666666,1.7,1.7,1018.1083333333332,1001.1291666666666,26.33333333333333,4.57,0.9558333333333334,15.3,26.6,226.20833333333331,230.45833333333331,26.6,22.825,20.779166666666665,0.173125,0.2040416666666666,261.375,184.875,76.5,265.12916666666666,261.375,453.82916666666665
2022-05-15,17.458333333333332,31.4,5.4,05:00:00,15:00:00,86.125,136.0,24.0,18:00:00,07:00:00,2.9291666666666667,4.2,1.9,23:00:00,18:00:00,21.2,25.5,16.5,06:00:00,20:00:00,28.775,33.2,24.8,07:00:00,23:00:00,19.71336805555556,27.158854166666668,2,1,2,1,2,2,21.8125,16.0,28.2,22.633333333333336,65.25,14.375,0.9,0.9,1017.9041666666668,1000.9708333333332,31.25,4.57,1.04375,11.3,17.2,163.95833333333334,170.41666666666666,26.3,23.4,21.266666666666666,0.1452083333333333,0.1917916666666666,260.125,172.58333333333334,87.54166666666667,248.0666666666667,260.125,455.5375
2022-05-16,16.408333333333335,28.0,6.1,08:00:00,16:00:00,82.16666666666667,115.0,50.0,17:00:00,08:00:00,3.1,4.8,1.9,00:00:00,16:00:00,15.270833333333334,20.4,11.5,02:00:00,17:00:00,22.3625,26.7,19.3,10:00:00,19:00:00,18.5125,25.26736111111111,2,1,2,1,2,2,21.89583333333333,16.6,27.6,22.3125,62.0,13.591666666666669,4.1,4.1,1018.1791666666668,1001.25,31.791666666666668,4.72,1.12875,13.8,25.8,277.0833333333333,278.625,26.3,23.316666666666663,21.45,0.182125,0.1857916666666666,257.6666666666667,169.08333333333334,88.58333333333333,240.98333333333332,257.6666666666667,457.1875
2022-05-17,16.208333333333332,27.5,8.3,09:00:00,16:00:00,76.58333333333333,130.0,35.0,18:00:00,08:00:00,3.375,4.5,2.6,10:00:00,16:00:00,12.895833333333334,20.9,7.6,08:00:00,19:00:00,19.825,28.4,13.7,08:00:00,20:00:00,14.009375,21.578819444444445,2,1,2,1,2,2,23.10833333333333,15.4,30.7,23.15,55.583333333333336,12.420833333333334,0.0,0.0,1017.275,1000.4208333333332,12.375,5.77,1.51875,13.3,26.6,250.95833333333331,237.125,23.0,24.45,21.820833333333336,0.1553333333333333,0.170625,300.9583333333333,232.0,68.95833333333333,345.69166666666666,300.9583333333333,458.7833333333333
2022-05-18,12.479166666666666,25.6,4.5,05:00:00,16:00:00,82.33333333333333,124.0,40.0,16:00:00,06:00:00,2.3625000000000003,3.7,1.3,04:00:00,17:00:00,14.879166666666668,28.9,8.8,09:00:00,20:00:00,20.5625,32.8,13.0,08:00:00,19:00:00,14.272395833333334,20.598784722222224,2,1,2,1,2,2,22.98333333333333,16.6,29.0,22.42083333333333,57.79166666666666,13.841666666666669,0.1,0.1,1020.0916666666668,1003.1875,11.208333333333334,5.67,1.2920833333333337,22.1,28.3,119.58333333333331,133.875,44.6,24.375,22.525,0.148375,0.1665,272.0,192.875,79.125,287.6625,272.0,460.3333333333333
2022-05-19,11.025,27.2,6.4,23:00:00,15:00:00,98.875,127.0,72.0,20:00:00,09:00:00,2.3125,3.2,1.7,09:00:00,15:00:00,9.875,13.4,8.1,07:00:00,11:00:00,14.3125,22.0,11.1,21:00:00,12:00:00,11.316319444444446,15.925520833333335,2,1,2,1,2,1,22.85,17.6,27.4,21.416666666666668,43.75,9.608333333333333,0.2,0.2,1025.5083333333334,1008.5083333333332,29.541666666666668,5.69,1.6254166666666665,20.2,35.0,116.58333333333331,118.29166666666669,34.6,24.775,22.666666666666668,0.1414583333333333,0.163625,257.375,159.16666666666666,98.20833333333331,237.04166666666663,257.375,461.82916666666665
2022-05-20,17.354166666666668,32.6,7.4,08:00:00,15:00:00,88.70833333333333,138.0,41.0,16:00:00,09:00:00,3.0125,4.8,2.3,12:00:00,04:00:00,12.716666666666669,17.9,8.4,07:00:00,15:00:00,16.7,24.7,10.8,23:00:00,15:00:00,11.7953125,15.761979166666668,2,1,2,1,2,1,23.479166666666668,16.0,30.2,23.05,50.875,11.95,0.0,0.0,1024.3083333333334,1007.375,20.625,6.18,1.590833333333333,18.0,30.0,161.66666666666666,171.83333333333334,32.4,25.525,23.116666666666664,0.1317083333333333,0.1564583333333333,302.125,233.375,68.75,349.9583333333333,302.125,463.3375
2022-05-21,9.529166666666669,14.0,5.9,23:00:00,15:00:00,95.16666666666669,126.0,62.0,16:00:00,08:00:00,2.7625,3.3,1.9,06:00:00,20:00:00,12.8625,16.4,8.0,15:00:00,02:00:00,19.7,27.5,13.4,20:00:00,06:00:00,11.837673611111112,17.213541666666668,2,1,2,1,2,1,24.40833333333333,17.2,32.0,24.375,56.79166666666666,14.566666666666668,0.0,0.0,1017.6791666666668,1000.9,16.041666666666668,6.21,1.5354166666666669,16.9,28.3,255.91666666666663,253.375,29.9,26.20833333333333,23.59583333333333,0.13225,0.1560833333333333,291.7916666666667,208.375,83.41666666666667,315.3333333333333,291.7916666666667,464.7916666666667
2022-05-22,11.8875,19.5,7.2,08:00:00,17:00:00,77.16666666666667,104.0,47.0,17:00:00,08:00:00,3.475,4.2,2.7,09:00:00,17:00:00,14.175,16.9,12.1,07:00:00,11:00:00,25.7,31.1,20.5,20:00:00,03:00:00,13.97222222222222,23.283159722222223,2,1,2,1,2,2,23.9,17.3,29.4,24.879166666666663,60.41666666666666,15.345833333333331,0.0,0.0,1012.0083333333332,995.2916666666666,22.416666666666668,5.18,1.2979166666666666,18.2,28.8,246.58333333333331,249.41666666666663,32.4,26.191666666666663,24.03333333333333,0.1409166666666666,0.1610833333333333,276.1666666666667,177.16666666666666,99.0,261.4916666666667,276.1666666666667,466.17083333333335
2022-05-23,11.454166666666666,19.7,6.7,08:00:00,15:00:00,79.125,111.0,54.0,16:00:00,10:00:00,3.3875,4.3,2.7,23:00:00,14:00:00,13.133333333333333,16.3,9.7,23:00:00,02:00:00,25.1375,29.6,21.3,13:00:00,03:00:00,13.267534722222225,25.45902777777778,2,1,2,1,2,2,23.070833333333336,18.2,28.4,22.89583333333333,58.083333333333336,13.766666666666666,0.0,0.0,1007.55,990.8666666666668,40.66666666666666,5.24,1.2766666666666666,19.3,27.8,241.54166666666663,238.79166666666663,36.4,25.85833333333333,24.0875,0.1485416666666666,0.16525,255.83333333333331,151.45833333333334,104.375,235.8125,255.83333333333331,467.5
2022-05-24,14.575,21.6,7.0,08:00:00,14:00:00,77.125,119.0,42.0,17:00:00,09:00:00,3.733333333333333,5.4,1.9,09:00:00,23:00:00,12.316666666666668,16.4,9.3,00:00:00,21:00:00,21.175,26.7,11.8,00:00:00,22:00:00,13.55486111111111,24.36614583333333,2,1,2,1,2,2,21.933333333333334,18.3,27.4,21.59166666666667,58.29166666666666,13.108333333333334,2.0,2.0,1006.1208333333334,989.4,46.833333333333336,4.87,1.16625,19.8,30.8,251.375,233.79166666666663,37.4,24.754166666666663,23.89583333333333,0.14625,0.164125,245.04166666666663,142.66666666666666,102.375,207.26666666666665,245.04166666666663,468.7833333333333
2022-05-25,17.829166666666666,48.2,7.3,23:00:00,16:00:00,60.625,100.0,23.0,19:00:00,09:00:00,2.004166666666667,3.1,0.9,23:00:00,05:00:00,7.625,19.6,3.6,23:00:00,06:00:00,11.704166666666666,23.9,5.1,23:00:00,05:00:00,8.862673611111111,14.359201388888891,2,1,2,1,1,1,19.979166666666668,16.8,24.6,21.479166666666668,79.33333333333333,16.116666666666667,10.9,10.9,1012.425,995.4833333333332,67.70833333333333,3.25,0.53125,12.1,18.7,209.75,212.58333333333331,23.0,22.191666666666663,22.5125,0.3119583333333333,0.188125,198.75,90.75,108.0,133.19166666666666,198.75,470.0208333333333
2022-05-26,24.454166666666666,47.7,6.2,00:00:00,16:00:00,59.833333333333336,119.0,11.0,18:00:00,08:00:00,2.2666666666666666,3.2,1.0,10:00:00,16:00:00,16.416666666666668,23.4,9.0,02:00:00,12:00:00,23.28333333333333,29.1,12.6,23:00:00,13:00:00,13.3421875,18.72118055555556,2,1,2,1,2,1,20.766666666666666,16.4,27.1,22.47083333333333,79.16666666666667,16.804166666666667,6.9,6.9,1019.1083333333332,1002.1041666666666,29.541666666666668,3.89,0.5725,18.3,23.0,149.45833333333334,147.0,37.4,22.870833333333334,22.116666666666664,0.3112916666666667,0.22075,242.625,144.66666666666666,97.95833333333331,215.3625,242.625,471.2125
2022-05-27,18.9,35.8,9.9,23:00:00,14:00:00,80.20833333333333,140.0,24.0,19:00:00,08:00:00,2.954166666666667,4.3,2.1,20:00:00,07:00:00,14.775,24.3,10.2,02:00:00,06:00:00,24.0375,34.4,15.7,01:00:00,06:00:00,15.82048611111111,23.834548611111117,2,1,2,1,2,2,23.84583333333333,18.7,29.5,25.70833333333333,67.33333333333333,16.933333333333334,0.0,0.0,1016.575,999.7791666666668,25.875,5.14,1.0970833333333332,12.6,25.0,228.41666666666663,204.16666666666663,23.0,24.504166666666663,22.525,0.2911666666666667,0.220875,289.625,200.29166666666663,89.33333333333333,295.82916666666665,289.625,472.35
2022-05-28,14.975,35.5,5.2,00:00:00,13:00:00,73.33333333333333,117.0,25.0,16:00:00,07:00:00,2.033333333333333,3.6,0.7,00:00:00,15:00:00,10.4375,22.1,6.2,09:00:00,04:00:00,16.587500000000002,35.2,8.9,10:00:00,05:00:00,11.874479166666667,20.196006944444445,2,1,2,1,2,2,22.079166666666666,17.5,28.6,21.625,66.75,15.233333333333334,0.9,0.9,1008.7708333333334,992.0166666666668,38.66666666666666,4.83,0.9579166666666666,32.2,44.7,149.33333333333334,154.20833333333334,61.2,23.84583333333333,23.079166666666666,0.2362083333333333,0.2087916666666666,247.29166666666663,139.25,108.04166666666669,216.525,247.29166666666663,473.5083333333334
2022-05-29,7.7,17.6,4.3,23:00:00,04:00:00,66.16666666666667,82.0,56.0,20:00:00,12:00:00,1.4125,2.0,0.8,19:00:00,04:00:00,6.233333333333333,8.9,4.5,00:00:00,06:00:00,7.895833333333333,13.9,5.1,00:00:00,06:00:00,7.922395833333334,11.805555555555555,2,1,2,1,1,1,15.645833333333334,12.7,19.6,13.579166666666666,70.20833333333333,10.0375,6.7,6.7,1008.075,990.95,68.625,3.01,0.5608333333333334,25.2,39.6,89.95833333333333,93.04166666666669,43.2,18.1875,20.075,0.3416666666666666,0.2352083333333333,163.16666666666666,71.54166666666667,91.625,113.45833333333331,163.16666666666666,474.62916666666666
2022-05-30,12.75,26.6,7.7,23:00:00,13:00:00,59.91666666666666,86.0,39.0,19:00:00,09:00:00,2.1375,3.5,1.3,22:00:00,12:00:00,8.4,15.1,6.3,23:00:00,16:00:00,11.483333333333334,18.9,9.4,23:00:00,13:00:00,7.46875,9.495659722222223,2,1,2,1,1,1,17.083333333333332,13.4,21.3,15.6125,60.083333333333336,9.095833333333331,0.0,0.0,1009.8291666666668,992.7708333333334,73.29166666666667,3.74,0.8141666666666666,14.3,19.8,131.54166666666666,131.20833333333334,29.5,19.229166666666668,19.0375,0.2972916666666667,0.2390833333333333,217.5,96.29166666666669,121.20833333333331,155.15,217.5,475.7083333333333
2022-05-31,19.08333333333333,31.1,8.8,09:00:00,15:00:00,59.458333333333336,97.0,24.0,18:00:00,09:00:00,2.504166666666667,3.3,1.7,05:00:00,12:00:00,12.45,17.5,8.8,08:00:00,17:00:00,14.8375,19.1,11.4,09:00:00,15:00:00,10.975347222222224,13.91840277777778,2,1,2,1,2,1,19.375,13.8,23.7,19.854166666666668,66.95833333333333,12.820833333333333,0.8,0.8,1014.0291666666668,997.025,40.125,4.27,0.8016666666666667,7.4,11.9,117.91666666666669,106.25,19.8,21.1375,19.90833333333333,0.277875,0.23875,273.1666666666667,178.58333333333334,94.58333333333331,256.5083333333333,273.1666666666667,476.7375
2022-06-01,18.95833333333333,31.7,7.5,02:00:00,14:00:00,71.91666666666667,117.0,32.0,17:00:00,10:00:00,2.9416666666666664,4.3,1.8,22:00:00,19:00:00,15.6125,19.0,12.2,02:00:00,07:00:00,18.416666666666668,22.4,15.5,02:00:00,17:00:00,13.991319444444445,16.717534722222222,2,1,2,1,2,1,21.366666666666664,15.5,26.3,22.08333333333333,62.75,13.558333333333332,0.0,0.0,1014.5208333333334,997.625,31.5,4.58,1.0520833333333333,13.9,20.9,241.04166666666663,188.375,22.0,22.7625,21.070833333333333,0.2527083333333333,0.231375,273.5833333333333,175.20833333333334,98.375,261.0125,273.5833333333333,477.70416666666665
2022-06-02,15.754166666666668,34.7,5.9,23:00:00,16:00:00,85.66666666666667,144.0,33.0,19:00:00,09:00:00,3.029166666666667,4.1,1.8,07:00:00,18:00:00,12.916666666666666,19.5,8.5,23:00:00,14:00:00,17.858333333333334,22.3,14.9,21:00:00,13:00:00,14.08454861111111,17.699305555555558,2,1,2,1,2,1,23.291666666666668,16.6,29.1,24.35833333333333,62.79166666666666,15.166666666666666,0.0,0.0,1015.5875,998.7791666666668,17.416666666666668,5.18,1.2220833333333332,12.5,23.7,192.20833333333331,208.08333333333331,21.2,24.433333333333334,22.308333333333334,0.220125,0.219375,290.7083333333333,204.91666666666663,85.79166666666667,301.7958333333333,290.7083333333333,478.65
2022-06-03,19.0375,38.0,12.1,00:00:00,14:00:00,61.583333333333336,81.0,45.0,15:00:00,23:00:00,2.125,3.1,1.5,00:00:00,15:00:00,16.058333333333334,22.1,12.6,00:00:00,09:00:00,20.3625,26.6,16.2,22:00:00,18:00:00,14.724652777777775,19.41059027777778,2,1,2,1,2,1,21.59583333333333,19.1,24.3,22.820833333333336,77.54166666666667,17.429166666666667,5.7,5.7,1017.7958333333332,1000.8625,54.75,2.64,0.59375,17.9,28.3,67.16666666666667,75.41666666666667,36.7,22.8375,22.78333333333333,0.2358749999999999,0.2097083333333333,135.08333333333334,28.791666666666668,106.29166666666669,60.725,135.08333333333334,479.50416666666666
2022-06-04,18.09583333333333,38.4,7.4,23:00:00,14:00:00,59.04166666666666,110.0,16.0,18:00:00,08:00:00,2.970833333333333,4.0,2.2,23:00:00,13:00:00,14.4625,20.0,10.6,00:00:00,05:00:00,23.791666666666668,30.4,19.0,22:00:00,04:00:00,14.922916666666667,21.852777777777774,2,1,2,1,2,2,23.058333333333334,16.4,28.7,25.09583333333333,71.5,17.029166666666665,0.0,0.0,1017.5291666666668,1000.6833333333334,17.416666666666668,5.15,0.9629166666666666,8.7,16.8,264.875,246.29166666666663,23.4,23.6,22.070833333333336,0.2802916666666666,0.2105833333333333,303.2083333333333,222.16666666666663,81.04166666666667,325.05,303.2083333333333,480.32916666666665
2022-06-05,17.95,45.1,6.2,00:00:00,14:00:00,68.25,119.0,18.0,16:00:00,04:00:00,2.8541666666666665,3.8,1.9,00:00:00,13:00:00,19.9375,27.8,9.3,11:00:00,23:00:00,37.1,54.8,16.3,13:00:00,23:00:00,17.952083333333334,31.55,2,1,2,1,2,2,23.4625,19.3,28.7,25.125,71.79166666666667,17.849999999999998,0.3,0.3,1014.5416666666666,997.7625,23.58333333333333,4.55,0.8820833333333332,20.5,27.8,198.625,200.91666666666663,42.1,24.679166666666664,23.27916666666667,0.248125,0.2067083333333333,258.7083333333333,158.70833333333334,100.0,247.40833333333333,258.7083333333333,481.0916666666667
2022-06-06,14.170833333333334,23.3,7.1,22:00:00,16:00:00,78.25,131.0,23.0,18:00:00,09:00:00,2.7541666666666664,3.8,1.8,05:00:00,16:00:00,9.654166666666669,19.2,7.0,23:00:00,10:00:00,15.904166666666669,21.0,10.7,23:00:00,04:00:00,13.650694444444444,24.996354166666663,2,1,2,1,2,2,23.22083333333333,16.0,29.5,24.070833333333336,61.833333333333336,14.8625,0.0,0.0,1014.4708333333332,997.6833333333334,10.375,5.46,1.2533333333333334,12.1,20.9,205.33333333333331,193.20833333333331,25.9,24.679166666666664,23.3125,0.2214166666666666,0.1999583333333333,294.7916666666667,215.04166666666663,79.75,312.47083333333336,294.7916666666667,481.8125
2022-06-07,13.929166666666667,27.2,7.1,01:00:00,13:00:00,79.5,111.0,51.0,17:00:00,10:00:00,2.020833333333333,3.0,1.4,21:00:00,05:00:00,10.2375,15.9,6.1,23:00:00,09:00:00,14.066666666666668,25.7,8.1,00:00:00,09:00:00,10.014756944444445,15.480729166666668,2,1,2,1,2,1,22.004166666666663,18.5,27.2,23.441666666666663,74.625,16.837500000000002,20.6,20.6,1011.425,994.6166666666668,40.41666666666666,4.03,0.7512500000000001,19.0,31.5,150.66666666666666,153.04166666666666,46.8,24.054166666666664,23.4125,0.3285,0.202375,242.875,134.83333333333334,108.04166666666669,204.675,242.875,482.4708333333333
2022-06-08,17.266666666666666,28.7,7.8,23:00:00,15:00:00,61.75,103.0,19.0,18:00:00,08:00:00,2.4916666666666667,4.0,1.7,01:00:00,19:00:00,9.966666666666669,21.0,6.0,02:00:00,15:00:00,12.345833333333331,21.5,7.8,00:00:00,20:00:00,10.872395833333334,13.648263888888891,2,1,2,1,2,1,20.8875,16.4,26.9,21.933333333333334,74.33333333333333,15.441666666666665,4.199999999999999,4.199999999999999,1009.225,992.3833333333332,33.083333333333336,4.12,0.7629166666666668,17.8,24.7,195.0,195.20833333333331,44.3,22.79583333333333,22.554166666666664,0.296125,0.2096249999999999,238.33333333333331,124.08333333333331,114.25,176.76250000000002,238.33333333333331,483.0916666666667
2022-06-09,14.929166666666667,30.2,5.5,00:00:00,13:00:00,59.79166666666666,89.0,23.0,17:00:00,06:00:00,1.7666666666666666,3.2,0.7,02:00:00,23:00:00,9.25,19.9,2.3,08:00:00,23:00:00,12.683333333333332,29.9,4.5,08:00:00,15:00:00,10.628645833333332,13.628125000000002,2,1,2,1,2,1,21.5125,15.0,28.1,19.9,55.54166666666666,9.404166666666669,0.0,0.0,1008.1333333333332,991.3458333333332,10.791666666666666,6.9,1.4016666666666666,26.6,44.5,230.33333333333331,243.5,47.5,22.40416666666667,21.6,0.2673333333333333,0.20875,324.0833333333333,251.20833333333331,72.875,366.7125,324.0833333333333,483.6333333333334
2022-06-10,12.504166666666668,35.1,6.4,23:00:00,00:00:00,84.91666666666667,125.0,50.0,19:00:00,08:00:00,1.5875,2.5,0.7,15:00:00,00:00:00,4.5125,8.1,2.4,23:00:00,00:00:00,7.462499999999999,11.6,4.8,22:00:00,05:00:00,4.714409722222222,7.880555555555556,2,1,2,1,1,1,23.291666666666668,17.3,29.4,21.370833333333334,35.458333333333336,6.75,0.0,0.0,1015.2875,998.4791666666666,0.125,7.17,1.9379166666666665,24.3,42.3,268.9583333333333,272.5,40.7,24.28333333333333,22.429166666666664,0.22,0.199375,330.375,261.875,68.5,386.00416666666666,330.375,484.14166666666665
2022-06-11,21.879166666666663,45.5,5.8,01:00:00,15:00:00,84.95833333333333,144.0,25.0,19:00:00,04:00:00,2.15,2.9,1.6,02:00:00,14:00:00,8.5625,12.2,5.6,08:00:00,18:00:00,10.370833333333334,14.0,7.5,09:00:00,17:00:00,7.368229166666667,9.723958333333334,2,1,2,1,1,1,23.96666666666667,15.9,30.6,23.65416666666667,46.75,10.991666666666667,0.0,0.0,1018.5583333333334,1001.75,0.0833333333333333,6.26,1.7791666666666668,10.8,20.4,120.79166666666669,135.70833333333334,24.5,25.166666666666668,23.245833333333334,0.1775833333333333,0.1841666666666666,326.7083333333333,257.7916666666667,68.91666666666667,379.7166666666667,326.7083333333333,484.5875
2022-06-12,17.254166666666666,33.9,5.6,01:00:00,14:00:00,101.875,153.0,53.0,17:00:00,04:00:00,2.066666666666667,2.8,1.5,23:00:00,14:00:00,8.629166666666666,12.0,5.9,05:00:00,17:00:00,10.291666666666666,12.1,9.0,00:00:00,12:00:00,8.595138888888888,10.119618055555556,3,1,3,1,1,1,25.5625,18.5,31.8,25.429166666666664,44.708333333333336,11.8625,0.0,0.0,1018.8958333333334,1002.1541666666668,6.166666666666667,6.3500000000000005,1.9995833333333333,9.6,21.3,126.75,139.125,21.2,26.7125,24.29583333333333,0.15625,0.1745833333333333,312.6666666666667,229.08333333333331,83.58333333333333,339.65416666666664,312.6666666666667,485.0083333333334
2022-06-13,18.4125,32.5,7.3,02:00:00,14:00:00,110.25,172.0,54.0,17:00:00,09:00:00,2.6916666666666664,3.9,1.7,10:00:00,23:00:00,11.1,20.1,5.7,08:00:00,23:00:00,14.870833333333335,22.3,7.5,14:00:00,22:00:00,10.094097222222222,12.719097222222224,3,1,3,1,2,1,26.875,19.3,32.9,27.008333333333336,43.583333333333336,12.566666666666668,0.0,0.0,1014.5041666666666,997.9041666666668,12.0,6.26,2.1879166666666667,14.2,26.6,163.08333333333334,158.0,24.1,28.02083333333333,25.55,0.1487083333333333,0.1695833333333333,294.9166666666667,212.08333333333331,82.83333333333333,306.5208333333333,294.9166666666667,485.39166666666665
2022-06-14,12.775,20.3,5.3,01:00:00,15:00:00,97.95833333333331,142.0,53.0,20:00:00,08:00:00,1.8541666666666667,2.6,1.3,01:00:00,14:00:00,9.083333333333334,13.5,5.9,07:00:00,02:00:00,13.075,18.7,7.2,07:00:00,00:00:00,9.198611111111113,13.079166666666667,2,1,2,1,1,1,25.8625,21.5,30.3,26.03333333333333,51.708333333333336,14.85,0.0,0.0,1016.5708333333332,999.9,12.833333333333334,6.2700000000000005,1.6929166666666668,20.5,28.0,99.45833333333331,106.625,39.6,28.0875,26.2,0.1404999999999999,0.1638333333333333,291.4166666666667,207.83333333333331,83.58333333333333,295.25416666666666,291.4166666666667,485.7125
2022-06-15,13.608333333333334,21.9,7.4,08:00:00,14:00:00,105.75,153.0,63.0,20:00:00,09:00:00,2.1666666666666665,2.7,1.6,20:00:00,01:00:00,12.158333333333331,14.0,9.9,21:00:00,12:00:00,17.670833333333334,23.7,12.8,21:00:00,07:00:00,10.82829861111111,15.380729166666669,3,1,3,1,2,1,26.40833333333333,21.1,30.4,27.125,51.0,15.133333333333333,0.0,0.0,1017.3958333333334,1000.7416666666668,19.125,5.93,1.7804166666666668,12.6,23.5,142.29166666666666,145.58333333333334,28.8,28.85833333333333,26.495833333333334,0.1355,0.1590833333333333,281.0833333333333,188.58333333333331,92.5,276.25,281.0833333333333,485.975
2022-06-16,16.683333333333334,29.1,6.9,01:00:00,15:00:00,109.70833333333331,181.0,44.0,18:00:00,08:00:00,2.770833333333333,3.5,1.4,09:00:00,18:00:00,12.966666666666669,16.6,11.0,10:00:00,21:00:00,20.729166666666668,23.4,17.3,03:00:00,00:00:00,12.984375,19.97048611111111,3,1,3,1,2,1,27.554166666666664,20.2,34.3,29.316666666666663,57.708333333333336,17.1375,0.1,0.1,1016.2208333333332,999.6416666666668,18.291666666666668,6.14,1.8458333333333328,16.1,28.6,249.08333333333331,249.66666666666663,26.6,29.516666666666666,26.945833333333336,0.129125,0.1535,301.75,221.16666666666663,80.58333333333333,320.75416666666666,301.75,486.19166666666666
2022-06-17,16.05,28.0,7.7,03:00:00,13:00:00,113.58333333333331,175.0,50.0,18:00:00,05:00:00,2.283333333333333,3.4,1.7,04:00:00,14:00:00,13.1125,19.6,9.2,08:00:00,04:00:00,18.891666666666666,22.7,14.6,20:00:00,04:00:00,12.946180555555555,19.61423611111111,3,1,3,1,2,1,28.1375,21.2,34.2,29.316666666666663,50.208333333333336,16.191666666666666,0.0,0.0,1017.75,1001.1708333333332,20.291666666666668,6.54,2.072083333333333,16.4,28.9,134.75,138.08333333333334,28.1,30.637500000000003,27.9,0.1270833333333333,0.1505833333333333,296.0833333333333,205.95833333333331,90.125,300.6958333333333,296.0833333333333,486.34583333333336
2022-06-18,10.225,18.5,4.8,00:00:00,14:00:00,117.375,149.0,85.0,20:00:00,08:00:00,1.625,2.3,1.2,03:00:00,01:00:00,10.9375,13.2,8.9,18:00:00,04:00:00,17.495833333333334,26.9,12.0,22:00:00,04:00:00,11.549826388888889,17.38732638888889,3,1,3,1,2,1,28.35833333333333,23.3,32.8,28.09583333333333,41.958333333333336,13.858333333333334,0.0,0.0,1019.5208333333334,1002.9333333333334,15.208333333333334,7.54,2.3408333333333333,18.1,30.3,105.0,107.29166666666669,36.4,31.070833333333336,28.579166666666666,0.1302083333333333,0.1509166666666666,313.875,242.79166666666663,71.08333333333333,353.4666666666667,313.875,486.4583333333333
2022-06-19,11.016666666666666,19.0,5.1,07:00:00,15:00:00,107.5,148.0,72.0,20:00:00,08:00:00,2.2625,2.8,1.6,04:00:00,13:00:00,11.433333333333332,14.1,7.3,18:00:00,23:00:00,18.7,24.3,12.5,16:00:00,04:00:00,11.465104166666668,18.571006944444445,3,1,3,1,2,1,28.3875,21.7,33.8,28.133333333333336,39.91666666666666,12.833333333333334,0.0,0.0,1015.1,998.5833333333334,6.625,7.41,2.4779166666666668,13.8,25.7,131.625,135.95833333333334,30.2,31.04583333333333,28.775,0.1333333333333333,0.1509166666666666,314.2083333333333,244.54166666666663,69.66666666666667,351.52500000000003,314.2083333333333,486.5291666666667
2022-06-20,17.583333333333332,37.0,7.8,08:00:00,15:00:00,96.0,132.0,53.0,16:00:00,08:00:00,3.045833333333333,3.8,1.8,10:00:00,16:00:00,12.158333333333331,17.6,7.4,08:00:00,00:00:00,20.6125,26.5,12.5,08:00:00,02:00:00,11.776736111111113,19.63420138888889,2,1,2,1,2,1,27.704166666666666,21.8,33.9,27.925,44.625,14.125,0.0,0.0,1011.9208333333332,995.4208333333332,4.875,7.17,2.185,21.9,30.6,192.04166666666663,215.91666666666663,39.2,31.329166666666666,29.1125,0.1355416666666666,0.14825,316.9166666666667,246.29166666666663,70.625,360.2166666666667,316.9166666666667,486.525
2022-06-21,11.391666666666666,20.5,5.0,07:00:00,16:00:00,93.875,120.0,69.0,18:00:00,08:00:00,3.1625,4.0,1.8,07:00:00,15:00:00,12.629166666666668,15.7,8.2,21:00:00,04:00:00,26.8875,46.5,14.8,20:00:00,04:00:00,11.903472222222222,21.798263888888894,2,1,2,1,2,2,27.40416666666667,22.0,33.0,28.34166666666667,50.75,15.845833333333331,0.0,0.0,1011.4333333333334,994.9208333333332,22.666666666666668,6.13,1.9220833333333331,15.0,24.0,260.9166666666667,254.91666666666663,34.6,30.891666666666666,29.008333333333336,0.1323333333333333,0.1455416666666666,277.0833333333333,191.125,85.95833333333333,274.5416666666667,277.0833333333333,486.475
2022-06-22,18.291666666666668,29.2,10.9,09:00:00,15:00:00,70.95833333333333,113.0,42.0,16:00:00,10:00:00,2.9,3.5,2.3,00:00:00,18:00:00,15.941666666666668,19.5,13.8,08:00:00,01:00:00,29.204166666666666,37.6,22.1,08:00:00,19:00:00,15.03107638888889,31.133854166666666,2,1,2,1,2,2,23.6125,20.0,27.3,25.570833333333336,73.70833333333333,18.39166666666667,5.1000000000000005,5.1000000000000005,1011.9666666666668,995.2333333333332,53.41666666666666,3.01,0.8133333333333334,14.5,24.6,148.875,147.79166666666666,30.6,25.808333333333334,27.52916666666667,0.1980833333333333,0.1408333333333333,142.54166666666666,41.25,101.29166666666669,59.35416666666666,142.54166666666666,486.39166666666665
2022-06-23,16.508333333333333,29.5,5.8,02:00:00,14:00:00,54.25,89.0,19.0,14:00:00,05:00:00,2.4791666666666665,4.3,1.3,08:00:00,18:00:00,15.195833333333333,24.7,12.0,08:00:00,19:00:00,29.141666666666666,40.9,18.9,08:00:00,22:00:00,16.039583333333333,29.35538194444445,2,1,2,1,2,2,23.45833333333333,18.8,29.0,25.541666666666668,75.79166666666667,18.40833333333333,2.0,2.0,1012.3958333333334,995.6583333333332,30.916666666666668,4.8500000000000005,0.82375,16.8,21.7,206.58333333333331,219.75,36.7,25.370833333333334,24.808333333333334,0.3007916666666667,0.1595416666666666,265.6666666666667,180.41666666666663,85.25,258.925,265.6666666666667,486.2291666666667
2022-06-24,13.8125,24.9,5.0,01:00:00,15:00:00,62.16666666666666,97.0,28.0,15:00:00,07:00:00,2.275,3.8,1.5,09:00:00,17:00:00,10.725,14.8,7.4,08:00:00,21:00:00,17.837500000000002,25.1,9.5,08:00:00,21:00:00,12.668576388888887,23.696354166666666,2,1,2,1,2,2,22.883333333333336,18.0,28.5,23.866666666666664,72.41666666666667,17.341666666666665,3.7,3.7,1010.4166666666666,993.6791666666668,26.83333333333333,4.62,0.8433333333333333,28.9,39.0,157.79166666666666,151.375,59.0,25.166666666666668,24.725,0.3011666666666666,0.1732083333333333,250.70833333333331,150.20833333333334,100.5,233.5666666666667,250.70833333333331,486.0375
2022-06-25,13.975,27.7,5.6,01:00:00,17:00:00,68.16666666666667,111.0,34.0,17:00:00,06:00:00,2.6333333333333333,3.7,1.8,11:00:00,19:00:00,8.375,11.4,5.6,05:00:00,22:00:00,11.895833333333334,16.4,8.4,09:00:00,17:00:00,9.520138888888887,14.297569444444449,2,1,2,1,1,1,22.666666666666668,16.4,28.4,23.954166666666666,67.20833333333333,15.458333333333334,0.0,0.0,1012.4416666666666,995.6458333333334,8.541666666666666,5.37,1.0775,17.5,30.7,215.20833333333331,203.91666666666663,31.3,24.7,23.883333333333336,0.29675,0.1769999999999999,306.25,233.20833333333331,73.04166666666667,343.2916666666667,306.25,485.7916666666667
2022-06-26,11.783333333333331,21.6,5.2,06:00:00,16:00:00,82.29166666666667,124.0,32.0,16:00:00,08:00:00,2.5083333333333333,3.6,1.3,01:00:00,17:00:00,8.091666666666667,13.2,4.9,23:00:00,03:00:00,14.954166666666666,21.5,11.4,23:00:00,00:00:00,7.294097222222223,12.389930555555557,2,1,2,1,1,1,25.6,18.9,31.6,27.33333333333333,59.125,16.383333333333333,0.0,0.0,1013.8291666666668,997.1875,20.916666666666668,5.59,1.507083333333333,13.6,24.5,204.16666666666663,197.91666666666663,22.0,27.17083333333333,25.09166666666667,0.2312499999999999,0.1635,291.8333333333333,209.33333333333331,82.5,290.44166666666666,291.8333333333333,485.5
2022-06-27,14.208333333333334,28.4,6.1,08:00:00,14:00:00,80.75,121.0,32.0,16:00:00,09:00:00,2.4166666666666665,3.3,1.5,09:00:00,16:00:00,14.341666666666669,21.3,9.7,21:00:00,02:00:00,33.75416666666667,59.9,16.7,20:00:00,02:00:00,11.192708333333334,21.72482638888889,2,1,2,1,2,2,26.6875,20.2,32.3,27.954166666666666,56.125,16.691666666666666,0.0,0.0,1013.7541666666666,997.1541666666668,9.208333333333334,6.22,1.6975,23.8,38.4,125.75,105.04166666666669,47.2,28.45,26.28333333333333,0.1900416666666666,0.1523333333333333,301.4166666666667,224.70833333333331,76.70833333333333,324.7875,301.4166666666667,485.1458333333333
2022-06-28,15.6125,22.3,9.0,09:00:00,13:00:00,72.125,105.0,44.0,20:00:00,06:00:00,1.9041666666666668,3.3,0.8,11:00:00,20:00:00,16.7625,21.1,10.8,17:00:00,20:00:00,31.3,49.1,14.3,11:00:00,22:00:00,16.696180555555554,36.91336805555556,2,1,2,1,2,2,24.3,20.7,27.8,24.77083333333333,64.875,17.108333333333334,5.0,5.0,1014.125,997.4,46.75,3.83,1.10125,28.1,45.7,184.125,170.875,52.6,26.65833333333333,26.629166666666663,0.1660416666666666,0.1444166666666666,147.54166666666666,32.708333333333336,114.83333333333331,64.49583333333334,147.54166666666666,484.74166666666673
2022-06-29,11.1875,19.9,5.1,08:00:00,15:00:00,83.20833333333333,128.0,39.0,19:00:00,09:00:00,2.4166666666666665,3.9,1.3,22:00:00,02:00:00,11.058333333333332,13.9,8.1,20:00:00,03:00:00,16.945833333333333,20.4,12.3,04:00:00,23:00:00,13.164583333333333,23.009548611111114,2,1,2,1,2,2,24.35833333333333,18.6,30.1,25.741666666666664,66.41666666666667,17.116666666666667,0.1,0.1,1011.4291666666668,994.7625,16.791666666666668,5.73,1.17625,16.9,27.0,237.375,228.83333333333331,32.0,25.5,24.8375,0.2839166666666666,0.1575,311.75,243.0,68.75,351.0625,311.75,484.29583333333335
2022-06-30,11.908333333333331,20.7,4.8,07:00:00,16:00:00,93.20833333333331,128.0,53.0,17:00:00,07:00:00,3.216666666666667,4.7,2.3,09:00:00,13:00:00,9.920833333333333,11.9,6.7,15:00:00,02:00:00,17.054166666666667,21.6,10.4,15:00:00,02:00:00,10.438888888888888,16.617013888888888,2,1,2,1,2,1,25.329166666666666,20.2,30.5,26.775,62.083333333333336,17.033333333333335,0.0,0.0,1011.7583333333332,995.125,15.541666666666666,5.62,1.3445833333333337,14.3,22.7,259.25,255.08333333333331,26.3,27.275,25.675,0.2340833333333333,0.1569166666666666,283.0833333333333,193.54166666666663,89.54166666666667,281.0541666666667,283.0833333333333,483.7916666666667
2022-07-01,14.4125,27.2,5.6,09:00:00,15:00:00,96.41666666666669,133.0,62.0,18:00:00,09:00:00,2.525,3.8,1.9,00:00:00,07:00:00,9.983333333333333,14.7,5.7,17:00:00,05:00:00,15.0875,20.3,7.2,17:00:00,05:00:00,9.800347222222223,15.728993055555556,2,1,2,1,1,1,24.066666666666663,20.6,27.9,25.041666666666668,62.708333333333336,16.341666666666665,0.1,0.1,1013.2291666666666,996.5041666666666,29.375,4.88,1.1608333333333334,22.7,35.1,258.4166666666667,237.75,45.0,27.64583333333333,26.258333333333336,0.1872916666666666,0.1487083333333333,265.9583333333333,173.70833333333334,92.25,267.95,265.9583333333333,483.2291666666667
2022-07-02,15.425,30.1,3.7,08:00:00,17:00:00,101.54166666666669,149.0,48.0,16:00:00,06:00:00,2.75,4.0,1.7,09:00:00,15:00:00,13.425,20.4,9.2,09:00:00,21:00:00,18.466666666666665,23.1,13.5,08:00:00,17:00:00,12.668576388888887,18.203472222222224,3,1,3,1,2,1,27.2125,20.1,33.5,28.354166666666668,50.708333333333336,15.025,0.0,0.0,1017.1583333333332,1000.55,12.25,5.76,2.0304166666666665,13.2,20.8,147.0,158.375,24.1,29.28333333333333,26.929166666666664,0.1623333333333333,0.1447916666666666,284.125,204.375,79.75,304.9125,284.125,482.6333333333334
2022-07-03,15.816666666666668,29.8,5.7,01:00:00,16:00:00,107.45833333333331,162.0,51.0,18:00:00,05:00:00,3.3875,4.7,2.6,19:00:00,16:00:00,12.916666666666666,15.4,10.3,08:00:00,03:00:00,17.4375,22.8,15.4,08:00:00,17:00:00,12.609895833333333,17.428819444444446,3,1,3,1,2,1,28.90833333333333,22.1,35.1,29.95833333333333,45.833333333333336,15.025,0.0,0.0,1016.3875,999.875,8.375,6.32,2.3854166666666665,13.8,24.7,194.625,191.83333333333331,28.4,30.6875,28.05,0.1482916666666666,0.1431666666666666,289.5416666666667,210.29166666666663,79.25,308.625,289.5416666666667,481.9583333333333
2022-07-04,15.929166666666667,30.4,6.3,01:00:00,15:00:00,93.75,145.0,60.0,18:00:00,03:00:00,2.6333333333333333,3.9,1.8,00:00:00,12:00:00,9.495833333333334,12.5,6.5,01:00:00,22:00:00,14.683333333333332,18.3,12.1,08:00:00,07:00:00,11.529513888888888,15.832638888888887,2,1,2,1,2,1,28.42083333333333,22.6,33.2,28.6625,43.333333333333336,14.366666666666667,0.3,0.3,1014.925,998.4083333333332,25.20833333333333,6.28,2.2954166666666667,22.6,29.9,206.79166666666663,164.58333333333334,43.6,30.525,28.6,0.1382916666666666,0.1403333333333333,259.2916666666667,156.95833333333334,102.33333333333331,225.275,259.2916666666667,481.23333333333335
2022-07-05,12.220833333333331,19.7,6.5,08:00:00,14:00:00,83.25,146.0,33.0,19:00:00,09:00:00,2.783333333333333,4.0,1.8,23:00:00,18:00:00,7.3875,9.8,5.4,08:00:00,19:00:00,13.2375,17.5,9.0,08:00:00,06:00:00,8.035416666666666,14.05,2,1,2,1,1,1,27.1875,19.7,33.7,28.21666666666667,53.5,15.266666666666666,0.2,0.2,1014.0708333333332,997.5041666666666,9.958333333333334,6.1,1.96875,13.1,21.6,215.20833333333331,206.0,29.5,29.5375,28.258333333333336,0.138,0.1419166666666666,300.5833333333333,228.375,72.20833333333333,342.68333333333334,300.5833333333333,480.47083333333336
2022-07-06,10.379166666666666,22.8,5.2,00:00:00,14:00:00,97.875,133.0,66.0,19:00:00,08:00:00,2.0458333333333334,3.1,1.1,01:00:00,10:00:00,6.175,8.5,4.3,00:00:00,11:00:00,9.175,11.6,6.4,00:00:00,09:00:00,6.774305555555556,10.898784722222224,2,1,2,1,1,1,27.52083333333333,22.6,32.0,27.4125,44.125,13.891666666666666,0.3,0.3,1016.5083333333332,999.9166666666666,14.666666666666666,6.6000000000000005,2.1375,19.2,32.7,108.20833333333331,111.45833333333331,37.4,30.854166666666668,29.179166666666664,0.134,0.1411666666666666,279.1666666666667,198.875,80.29166666666667,287.5083333333333,279.1666666666667,479.62916666666666
2022-07-07,13.65,24.3,6.6,00:00:00,14:00:00,99.75,154.0,57.0,17:00:00,08:00:00,2.0083333333333333,2.7,0.9,00:00:00,21:00:00,6.820833333333333,8.5,4.1,00:00:00,05:00:00,10.541666666666666,14.3,4.8,17:00:00,05:00:00,6.494791666666667,9.58576388888889,2,1,2,1,1,1,26.2125,19.3,33.6,26.3,51.708333333333336,13.408333333333331,13.6,13.6,1015.8375,999.1875,15.583333333333334,6.93,1.925,28.2,41.5,163.33333333333334,184.20833333333331,49.3,29.883333333333336,28.891666666666666,0.1930833333333333,0.1415,302.5,229.54166666666663,72.95833333333333,343.725,302.5,478.75
2022-07-08,11.9375,25.0,5.7,08:00:00,17:00:00,100.95833333333331,141.0,55.0,19:00:00,07:00:00,2.35,3.0,1.5,03:00:00,00:00:00,6.666666666666667,10.4,4.3,08:00:00,00:00:00,9.908333333333331,13.1,6.4,09:00:00,19:00:00,6.938541666666667,10.64184027777778,3,1,3,1,1,1,26.508333333333336,19.7,32.4,26.375,42.208333333333336,11.004166666666668,0.0,0.0,1019.1708333333332,1002.4833333333332,1.25,6.45,2.2333333333333334,13.9,22.9,129.33333333333334,137.29166666666666,36.4,30.8625,29.166666666666668,0.1275833333333333,0.1377916666666666,323.5416666666667,260.0833333333333,63.458333333333336,388.17083333333335,323.5416666666667,477.8083333333333
2022-07-09,10.7875,24.0,4.1,01:00:00,16:00:00,88.41666666666667,122.0,56.0,20:00:00,09:00:00,2.1125000000000003,3.0,1.5,05:00:00,08:00:00,6.370833333333334,8.1,5.1,08:00:00,17:00:00,8.633333333333333,12.7,6.0,00:00:00,12:00:00,6.561979166666667,9.333333333333334,2,1,2,1,1,1,26.46666666666667,21.0,31.2,25.3625,38.0,10.508333333333333,0.0,0.0,1019.8291666666668,1003.1333333333332,6.125,7.26,2.2504166666666667,17.5,26.0,114.25,118.20833333333331,35.6,30.354166666666668,29.166666666666668,0.1296666666666666,0.138375,317.375,252.54166666666663,64.83333333333333,375.19166666666666,317.375,476.8
2022-07-10,10.2375,21.2,4.3,07:00:00,15:00:00,88.16666666666667,112.0,55.0,15:00:00,07:00:00,1.9958333333333331,2.8,1.2,08:00:00,17:00:00,5.754166666666666,7.4,4.2,08:00:00,17:00:00,8.520833333333334,10.7,6.3,00:00:00,20:00:00,5.944791666666666,8.631423611111112,2,1,2,1,1,1,27.308333333333334,20.4,33.5,26.258333333333336,34.708333333333336,9.579166666666667,0.0,0.0,1015.7333333333332,999.15,8.708333333333334,7.16,2.552916666666667,12.6,23.4,187.5,194.125,27.0,30.65833333333333,29.1125,0.1326666666666666,0.1395,313.0416666666667,248.20833333333331,64.83333333333333,367.2125,313.0416666666667,475.75416666666666
2022-07-11,9.654166666666669,17.4,4.1,01:00:00,13:00:00,93.58333333333331,132.0,59.0,21:00:00,09:00:00,2.2041666666666666,2.8,1.5,02:00:00,14:00:00,6.495833333333334,8.5,5.1,23:00:00,01:00:00,10.2,14.6,6.5,18:00:00,00:00:00,5.8194444444444455,8.597743055555556,2,1,2,1,1,1,27.08333333333333,21.7,32.0,26.75,42.333333333333336,12.8,0.0,0.0,1016.3375,999.7333333333332,9.458333333333334,6.85,2.1645833333333333,19.1,32.7,125.45833333333331,115.125,38.2,30.73333333333333,29.27083333333333,0.131,0.1389583333333333,299.6666666666667,228.5,71.16666666666667,329.0,299.6666666666667,474.6583333333333
2022-07-12,9.783333333333331,15.7,5.1,08:00:00,16:00:00,95.66666666666669,130.0,62.0,20:00:00,09:00:00,2.0333333333333337,3.0,1.3,01:00:00,03:00:00,6.5,8.9,4.9,22:00:00,05:00:00,10.2625,13.9,7.7,00:00:00,05:00:00,6.593055555555555,10.748784722222224,2,1,2,1,1,1,25.9,20.1,31.5,26.5375,56.0,15.670833333333334,7.8,7.8,1019.1625,1002.4416666666666,26.791666666666668,5.67,1.637916666666667,16.8,28.8,101.16666666666669,102.625,32.0,29.745833333333334,29.175,0.1659583333333333,0.135,269.4166666666667,190.91666666666663,78.5,276.37916666666666,269.4166666666667,473.5333333333333
2022-07-13,10.766666666666666,21.0,6.2,23:00:00,12:00:00,98.375,138.0,63.0,19:00:00,09:00:00,2.3833333333333333,3.4,1.6,22:00:00,14:00:00,7.266666666666667,10.5,5.5,23:00:00,03:00:00,11.570833333333333,15.8,6.0,21:00:00,04:00:00,6.788888888888889,10.416145833333337,2,1,2,1,1,1,27.60833333333333,22.2,32.3,27.85833333333333,45.583333333333336,14.233333333333334,0.0,0.0,1021.5083333333332,1004.8458333333332,6.208333333333333,6.46,2.137916666666667,18.4,29.6,122.875,123.125,31.3,31.59583333333333,29.704166666666666,0.128625,0.1355833333333333,297.5416666666667,222.875,74.66666666666667,338.4375,297.5416666666667,472.375
2022-07-14,18.2125,32.0,7.2,08:00:00,19:00:00,101.91666666666669,167.0,40.0,18:00:00,05:00:00,3.1791666666666667,4.1,2.6,23:00:00,18:00:00,10.916666666666666,16.6,8.3,08:00:00,06:00:00,17.0625,22.0,10.7,17:00:00,04:00:00,9.307986111111113,14.36979166666667,3,1,3,1,1,1,28.675,22.0,34.0,29.64583333333333,43.91666666666666,14.679166666666667,0.0,0.0,1018.275,1001.7208333333332,12.416666666666666,5.69,2.3516666666666666,15.3,27.5,189.25,195.25,24.1,31.541666666666668,29.879166666666663,0.136625,0.1405833333333333,270.5,187.41666666666663,83.08333333333333,287.71250000000003,270.5,471.1583333333333
2022-07-15,13.5,28.1,6.7,09:00:00,18:00:00,100.83333333333331,144.0,58.0,15:00:00,09:00:00,3.4250000000000003,4.3,2.6,04:00:00,15:00:00,9.383333333333333,12.2,6.8,10:00:00,20:00:00,14.608333333333334,18.4,10.0,12:00:00,04:00:00,10.166666666666666,16.346701388888892,3,1,3,1,2,1,29.975,22.3,37.4,30.383333333333336,43.875,15.1375,0.0,0.0,1012.6541666666668,996.2625,3.0,7.63,2.6645833333333333,22.5,32.4,250.29166666666663,244.91666666666663,39.6,32.6375,30.516666666666666,0.1375833333333333,0.1382916666666666,305.9166666666667,243.16666666666663,62.75,367.4458333333334,305.9166666666667,469.9375
2022-07-16,11.229166666666666,20.7,4.7,02:00:00,17:00:00,106.08333333333331,157.0,63.0,20:00:00,05:00:00,3.0041666666666664,4.2,2.1,21:00:00,09:00:00,11.0125,14.7,9.0,06:00:00,02:00:00,16.004166666666666,19.7,12.6,21:00:00,00:00:00,10.223784722222222,15.075868055555556,3,1,3,1,2,1,29.29583333333333,23.4,34.8,30.675,47.75,16.212500000000002,0.0,0.0,1014.7041666666668,998.2375,6.791666666666667,6.37,2.3204166666666666,16.3,27.4,161.54166666666666,144.25,30.2,32.46666666666667,30.991666666666664,0.1391666666666667,0.142375,301.125,235.41666666666663,65.70833333333333,350.6541666666667,301.125,468.7083333333333
2022-07-17,11.1625,25.3,4.5,00:00:00,16:00:00,107.41666666666669,145.0,74.0,19:00:00,09:00:00,2.020833333333333,4.2,1.4,00:00:00,09:00:00,10.170833333333333,12.6,6.2,06:00:00,10:00:00,15.1,19.5,9.3,18:00:00,09:00:00,10.557986111111113,15.528993055555558,3,1,3,1,2,1,28.95833333333333,24.9,33.6,29.77916666666667,49.083333333333336,16.741666666666667,0.1,0.1,1019.075,1002.5333333333332,10.791666666666666,6.44,2.145833333333333,19.7,30.5,120.91666666666669,123.125,36.4,31.541666666666668,30.8875,0.1500416666666666,0.1507916666666666,266.9166666666667,187.70833333333331,79.20833333333333,279.19166666666666,266.9166666666667,467.4291666666666
2022-07-18,11.8,22.3,6.2,08:00:00,16:00:00,111.5,144.0,74.0,20:00:00,09:00:00,2.1333333333333333,3.2,1.5,08:00:00,15:00:00,11.104166666666666,13.6,6.8,19:00:00,02:00:00,16.695833333333333,22.4,9.4,23:00:00,03:00:00,10.360243055555555,15.477256944444449,3,1,3,1,2,1,29.40833333333333,24.0,33.8,29.95833333333333,43.54166666666666,15.4125,0.0,0.0,1020.3625,1003.8166666666666,2.083333333333333,7.25,2.415833333333333,13.4,25.7,106.0,109.16666666666669,28.4,32.266666666666666,30.7875,0.142625,0.1509583333333333,304.7916666666667,243.125,61.66666666666666,364.1375,304.7916666666667,466.13333333333327
2022-07-19,12.983333333333334,26.0,6.1,08:00:00,14:00:00,111.5,152.0,67.0,20:00:00,09:00:00,2.395833333333333,3.3,1.5,02:00:00,14:00:00,10.879166666666668,15.2,6.4,18:00:00,02:00:00,16.025000000000002,24.3,8.9,22:00:00,03:00:00,10.916145833333331,16.133680555555557,3,1,3,1,2,1,29.71666666666667,23.9,34.3,29.90833333333333,38.79166666666666,13.575,0.0,0.0,1019.1666666666666,1002.6625,2.75,7.14,2.689166666666667,14.7,26.4,99.66666666666669,103.45833333333331,27.0,32.59166666666667,30.883333333333336,0.1380416666666666,0.1504583333333333,308.3333333333333,250.29166666666663,58.04166666666666,376.56666666666666,308.3333333333333,464.76666666666665
2022-07-20,15.729166666666666,30.1,6.0,09:00:00,15:00:00,105.29166666666669,148.0,61.0,17:00:00,09:00:00,2.7375000000000003,4.3,1.5,09:00:00,15:00:00,9.991666666666667,13.9,5.9,08:00:00,02:00:00,15.204166666666666,21.0,8.3,19:00:00,03:00:00,10.677777777777775,16.038368055555555,3,1,3,1,2,1,30.5375,23.9,35.9,30.32083333333333,32.916666666666664,11.5375,0.0,0.0,1017.7916666666666,1001.35,8.25,7.0,3.115833333333333,10.4,21.6,110.58333333333331,115.45833333333331,23.8,32.92916666666667,31.15,0.1345416666666666,0.1455833333333333,307.4166666666667,248.25,59.16666666666666,371.8375,307.4166666666667,463.3666666666666
2022-07-21,15.954166666666667,29.1,7.1,00:00:00,14:00:00,111.25,157.0,61.0,20:00:00,09:00:00,3.0416666666666665,4.1,2.2,19:00:00,14:00:00,13.783333333333331,17.6,8.5,23:00:00,03:00:00,20.779166666666665,31.7,13.3,22:00:00,04:00:00,11.54548611111111,17.64375,3,1,3,1,2,1,31.15833333333333,24.8,36.6,30.98333333333333,32.291666666666664,12.1625,0.0,0.0,1015.5375,999.1625,10.458333333333334,7.2,3.21875,13.7,24.3,150.0,147.875,25.6,33.7,31.67083333333333,0.1310416666666666,0.1436249999999999,302.2083333333333,242.375,59.833333333333336,367.4875,302.2083333333333,461.9375
2022-07-22,21.5125,40.4,8.5,08:00:00,16:00:00,103.5,152.0,45.0,17:00:00,08:00:00,3.3541666666666665,4.4,2.0,23:00:00,14:00:00,15.4875,18.5,10.6,22:00:00,03:00:00,22.866666666666664,28.1,18.2,20:00:00,04:00:00,14.963020833333331,22.283506944444444,3,1,3,1,2,2,30.96666666666667,24.1,37.0,31.804166666666664,39.29166666666666,14.670833333333334,0.6,0.6,1015.125,998.7416666666668,9.583333333333334,6.45,2.9320833333333334,15.7,27.1,178.08333333333334,180.33333333333331,25.6,33.55416666666667,31.9375,0.1317916666666666,0.1420833333333333,279.0,212.875,66.125,307.6375,279.0,460.45416666666665
2022-07-23,13.529166666666669,27.7,5.9,09:00:00,14:00:00,105.91666666666669,136.0,66.0,20:00:00,08:00:00,3.0666666666666664,4.7,1.5,00:00:00,17:00:00,12.8875,16.2,10.0,18:00:00,05:00:00,18.2125,25.5,14.5,03:00:00,06:00:00,14.159548611111113,20.983680555555555,3,1,3,1,2,2,28.89583333333333,23.9,34.2,30.666666666666668,51.16666666666666,17.604166666666668,1.9,1.9,1014.8125,998.3333333333334,21.125,5.83,2.00375,16.9,29.3,242.08333333333331,244.04166666666663,29.5,32.55416666666667,31.887500000000003,0.1354999999999999,0.1412083333333333,259.9583333333333,178.25,81.70833333333333,268.12083333333334,259.9583333333333,458.925
2022-07-24,11.020833333333334,17.9,5.6,09:00:00,15:00:00,92.25,133.0,62.0,19:00:00,07:00:00,2.5125,4.0,2.0,00:00:00,07:00:00,12.104166666666666,14.2,10.7,02:00:00,12:00:00,16.658333333333335,19.8,13.2,23:00:00,09:00:00,12.84392361111111,17.46527777777778,2,1,2,1,2,1,28.925,22.6,34.8,31.975,59.75,19.404166666666665,10.5,10.5,1015.4208333333332,998.925,23.45833333333333,5.08,1.82625,15.8,26.7,198.75,203.16666666666663,29.9,32.46666666666667,31.454166666666666,0.1675,0.1403333333333333,258.75,187.91666666666663,70.83333333333333,271.52916666666664,258.75,457.3333333333333
2022-07-25,16.420833333333334,35.6,7.1,09:00:00,14:00:00,99.08333333333331,146.0,50.0,16:00:00,08:00:00,3.2541666666666664,4.1,2.2,09:00:00,15:00:00,15.154166666666669,20.8,11.7,08:00:00,04:00:00,22.1125,27.3,14.8,17:00:00,02:00:00,13.491145833333334,18.84756944444445,2,1,2,1,2,1,30.991666666666664,26.2,36.0,32.8875,47.29166666666666,17.883333333333333,0.0,0.0,1012.8083333333334,996.4625,25.33333333333333,5.82,2.5083333333333333,17.1,28.5,205.5,207.20833333333331,30.6,33.391666666666666,31.90833333333333,0.1344583333333333,0.1424583333333333,238.33333333333331,153.83333333333334,84.5,230.64583333333331,238.33333333333331,455.70416666666665
2022-07-26,13.491666666666667,24.7,7.2,08:00:00,16:00:00,77.79166666666667,134.0,27.0,16:00:00,08:00:00,3.333333333333333,4.5,1.9,09:00:00,17:00:00,12.966666666666669,18.1,10.7,08:00:00,19:00:00,18.841666666666665,25.6,16.1,08:00:00,06:00:00,14.276388888888889,21.109548611111112,2,1,2,1,2,2,28.141666666666666,21.5,32.9,30.275,57.29166666666666,18.129166666666663,0.0,0.0,1009.5291666666668,993.0916666666668,13.833333333333334,5.46,1.7845833333333332,14.8,28.2,203.625,204.375,30.2,31.15,31.104166666666668,0.1520416666666666,0.1467083333333333,254.375,177.04166666666666,77.33333333333333,272.2333333333333,254.375,454.1125
2022-07-27,11.820833333333333,24.6,6.7,08:00:00,15:00:00,96.20833333333331,130.0,56.0,19:00:00,09:00:00,1.7875,2.4,1.5,08:00:00,03:00:00,7.754166666666666,11.4,5.9,00:00:00,16:00:00,10.504166666666666,14.7,8.0,00:00:00,19:00:00,10.332118055555556,14.692708333333334,2,1,2,1,2,1,26.4125,21.7,30.8,27.85,57.66666666666666,16.691666666666666,3.4,3.4,1010.875,994.3208333333332,27.875,5.32,1.5883333333333332,18.3,30.0,126.45833333333331,120.20833333333331,31.0,29.4,30.120833333333334,0.1737916666666666,0.1531666666666666,261.875,182.58333333333331,79.29166666666667,269.6625,261.875,452.5333333333333
2022-07-28,15.079166666666666,26.0,6.6,08:00:00,16:00:00,94.04166666666669,132.0,54.0,20:00:00,08:00:00,1.7875,2.4,1.1,06:00:00,18:00:00,9.075,11.7,6.5,21:00:00,05:00:00,13.266666666666666,16.8,8.3,21:00:00,05:00:00,7.980381944444445,11.303993055555557,2,1,2,1,1,1,26.2625,21.8,32.3,27.729166666666668,59.16666666666666,17.083333333333332,4.7,4.7,1012.8125,996.2166666666668,38.625,5.2,1.51375,18.8,32.4,140.45833333333334,131.41666666666666,33.8,29.204166666666666,29.741666666666664,0.1717499999999999,0.1570833333333333,246.79166666666663,165.125,81.66666666666667,234.5,246.79166666666663,450.9083333333333
2022-07-29,16.645833333333332,27.0,7.4,09:00:00,15:00:00,76.29166666666667,127.0,41.0,18:00:00,09:00:00,2.316666666666667,3.1,1.5,11:00:00,00:00:00,7.470833333333334,9.6,4.6,23:00:00,02:00:00,10.5125,14.6,4.9,08:00:00,02:00:00,8.244965277777778,11.92447916666667,2,1,2,1,1,1,24.28333333333333,19.3,29.7,25.666666666666668,65.0,16.841666666666665,1.4,1.4,1014.0791666666668,997.3541666666666,35.5,4.49,1.1683333333333332,21.3,27.8,239.25,237.625,39.2,27.070833333333336,27.741666666666664,0.224,0.1574583333333333,227.125,137.375,89.75,208.3583333333333,227.125,449.2291666666667
2022-07-30,12.4125,21.1,5.8,00:00:00,16:00:00,58.0,116.0,19.0,17:00:00,08:00:00,2.0125,2.9,1.3,03:00:00,17:00:00,6.058333333333334,9.3,3.8,00:00:00,22:00:00,9.279166666666669,13.9,7.0,04:00:00,14:00:00,7.328298611111111,10.646354166666669,2,1,2,1,1,1,24.804166666666664,18.8,31.6,25.6875,59.958333333333336,14.541666666666666,0.0,0.0,1013.85,997.1541666666668,20.83333333333333,5.78,1.538333333333333,18.0,33.6,176.70833333333334,180.20833333333331,30.6,26.6,26.304166666666664,0.2325,0.159875,293.4166666666667,234.91666666666663,58.5,359.2958333333333,293.4166666666667,447.5125
2022-07-31,12.745833333333332,26.4,4.4,08:00:00,14:00:00,83.95833333333333,135.0,38.0,19:00:00,08:00:00,2.125,3.1,1.3,22:00:00,02:00:00,6.866666666666667,10.7,4.4,08:00:00,01:00:00,9.304166666666667,14.4,4.9,23:00:00,02:00:00,5.940625,8.474305555555556,2,1,2,1,1,1,26.808333333333334,19.1,33.2,27.15,44.583333333333336,12.708333333333334,0.0,0.0,1014.9083333333332,998.3125,1.0416666666666667,6.12,2.16125,14.3,28.6,159.70833333333334,152.0,29.2,29.125,27.6125,0.1817916666666666,0.1507083333333333,298.1666666666667,243.41666666666663,54.75,374.4125,298.1666666666667,445.73333333333335
2022-08-01,13.7,29.3,3.3,01:00:00,13:00:00,80.875,141.0,27.0,17:00:00,04:00:00,2.558333333333333,3.4,1.5,21:00:00,14:00:00,9.991666666666667,14.9,6.4,09:00:00,16:00:00,12.7875,18.0,9.2,09:00:00,15:00:00,9.124652777777778,11.853819444444444,2,1,2,1,1,1,28.28333333333333,20.5,34.8,28.89583333333333,43.66666666666666,13.654166666666669,0.0,0.0,1013.5291666666668,997.0416666666666,5.458333333333333,6.19,2.4154166666666668,11.0,23.4,162.45833333333334,161.875,22.3,30.166666666666668,28.829166666666666,0.156875,0.1461249999999999,290.9583333333333,233.875,57.083333333333336,360.225,290.9583333333333,443.9291666666666
2022-08-02,10.429166666666667,18.8,3.4,23:00:00,14:00:00,89.70833333333333,134.0,39.0,20:00:00,09:00:00,2.2625,3.8,1.2,02:00:00,17:00:00,8.295833333333333,12.7,6.2,05:00:00,20:00:00,11.529166666666669,18.2,8.2,07:00:00,18:00:00,8.905381944444445,12.0390625,2,1,2,1,1,1,27.47083333333333,22.1,32.0,27.495833333333334,44.25,13.783333333333331,0.0,0.0,1014.8208333333332,998.2708333333334,19.625,6.33,2.1475,16.3,28.8,128.08333333333334,137.70833333333334,34.2,30.48333333333333,29.620833333333334,0.1456666666666666,0.1443333333333333,275.2916666666667,210.83333333333331,64.45833333333333,323.62083333333334,275.2916666666667,442.075
2022-08-03,15.466666666666669,31.8,4.7,08:00:00,15:00:00,96.41666666666669,146.0,40.0,17:00:00,09:00:00,2.1083333333333334,3.0,1.3,07:00:00,14:00:00,8.225,14.0,6.7,08:00:00,02:00:00,11.033333333333331,15.3,8.8,08:00:00,19:00:00,8.122743055555555,11.014409722222224,2,1,2,1,1,1,28.454166666666666,22.2,34.0,29.02916666666667,43.833333333333336,14.179166666666667,0.0,0.0,1015.7208333333332,999.2,5.125,6.36,2.361666666666667,10.5,20.9,110.41666666666669,117.66666666666669,25.2,31.28333333333333,29.95833333333333,0.140875,0.143875,291.25,236.70833333333331,54.54166666666666,364.75416666666666,291.25,440.1875
2022-08-04,19.241666666666667,35.5,6.2,08:00:00,16:00:00,93.70833333333331,150.0,44.0,17:00:00,09:00:00,2.7375000000000003,3.9,1.6,22:00:00,15:00:00,8.220833333333333,10.8,5.5,09:00:00,02:00:00,11.1375,17.8,6.2,22:00:00,02:00:00,8.049999999999999,10.63090277777778,2,1,2,1,1,1,29.6125,23.1,35.5,30.6375,43.16666666666666,15.033333333333331,0.0,0.0,1014.5833333333334,998.1375,1.0,6.19,2.5558333333333336,9.7,20.5,121.625,128.16666666666666,24.5,32.020833333333336,30.441666666666663,0.1412083333333333,0.14525,289.3333333333333,235.33333333333331,54.0,365.7625,289.3333333333333,438.25416666666666
2022-08-05,21.566666666666663,41.6,7.4,09:00:00,15:00:00,94.75,156.0,47.0,16:00:00,09:00:00,2.9291666666666667,3.5,2.0,07:00:00,15:00:00,9.5375,11.5,7.9,00:00:00,14:00:00,14.008333333333333,17.8,9.0,01:00:00,05:00:00,9.015104166666667,13.081770833333335,2,1,2,1,1,1,30.55,24.2,36.5,31.48333333333333,41.16666666666666,15.075,0.0,0.0,1013.0,996.6333333333332,7.958333333333333,6.25,2.773333333333333,14.0,19.0,158.875,169.70833333333334,31.0,32.67916666666667,31.1375,0.1364166666666666,0.1435833333333333,269.5416666666667,204.04166666666663,65.5,317.30833333333334,269.5416666666667,436.2875
2022-08-06,15.554166666666667,29.2,5.1,07:00:00,16:00:00,92.95833333333331,156.0,39.0,17:00:00,08:00:00,2.2041666666666666,3.2,1.3,00:00:00,21:00:00,9.0625,10.6,7.2,12:00:00,03:00:00,12.4,15.2,8.4,18:00:00,23:00:00,9.244791666666666,13.119618055555556,2,1,2,1,1,1,28.4375,23.2,35.6,29.625,50.04166666666666,16.25,19.4,19.4,1013.6708333333332,997.1791666666668,19.5,5.63,2.1054166666666667,26.4,38.3,146.125,128.16666666666666,52.9,31.141666666666666,30.891666666666666,0.1981666666666666,0.1377916666666666,249.33333333333331,179.125,70.20833333333333,270.21666666666664,249.33333333333331,434.275
2022-08-07,10.004166666666666,15.6,4.7,09:00:00,15:00:00,90.20833333333331,117.0,61.0,19:00:00,08:00:00,1.4708333333333332,2.1,0.8,04:00:00,01:00:00,6.666666666666667,9.0,5.4,21:00:00,03:00:00,8.2875,10.9,5.5,21:00:00,06:00:00,7.574652777777778,9.947916666666668,2,1,2,1,1,1,25.15833333333333,22.1,29.1,26.65833333333333,62.04166666666666,17.1875,5.7,5.7,1016.0166666666668,999.3083333333334,43.833333333333336,4.29,1.2525,23.7,37.0,71.20833333333333,62.333333333333336,39.2,28.2125,29.320833333333336,0.255125,0.153,208.875,119.20833333333331,89.66666666666667,171.28750000000002,208.875,432.225
2022-08-08,14.479166666666666,29.2,7.1,09:00:00,16:00:00,86.625,133.0,39.0,17:00:00,09:00:00,2.225,3.9,0.8,10:00:00,01:00:00,6.766666666666667,9.4,2.8,09:00:00,02:00:00,9.020833333333334,13.8,2.6,09:00:00,02:00:00,6.6312500000000005,8.567013888888889,2,1,2,1,1,1,24.804166666666664,19.4,30.3,26.695833333333336,62.375,16.654166666666665,0.0,0.0,1016.2375,999.5166666666668,14.666666666666666,5.01,1.3108333333333333,9.7,19.9,163.75,169.95833333333334,18.0,27.7625,27.84166666666667,0.269625,0.1604166666666666,274.6666666666667,214.0,60.66666666666666,333.4,274.6666666666667,430.15
2022-08-09,12.829166666666666,21.3,5.2,08:00:00,16:00:00,87.25,123.0,52.0,18:00:00,05:00:00,1.9875,2.6,1.4,04:00:00,18:00:00,8.8125,12.1,6.6,08:00:00,04:00:00,12.604166666666666,15.9,8.4,17:00:00,02:00:00,8.020486111111111,10.935763888888893,2,1,2,1,1,1,26.516666666666666,22.1,30.9,27.5625,53.5,16.045833333333334,0.1,0.1,1018.2583333333332,1001.5958333333332,13.583333333333334,5.42,1.6858333333333333,13.7,27.1,98.66666666666669,104.33333333333331,24.1,28.40833333333333,27.8625,0.2269166666666666,0.1593333333333333,258.0416666666667,194.125,63.91666666666666,307.77500000000003,258.0416666666667,428.0541666666666
2022-08-10,12.829166666666666,20.6,5.1,07:00:00,14:00:00,92.29166666666669,125.0,59.0,19:00:00,09:00:00,2.0125,2.5,1.6,00:00:00,15:00:00,8.804166666666667,10.7,7.5,08:00:00,17:00:00,13.366666666666667,16.2,10.4,08:00:00,05:00:00,8.930381944444443,13.060243055555558,2,1,2,1,1,1,26.90833333333333,22.5,31.3,27.241666666666664,47.25,14.383333333333333,0.0,0.0,1018.625,1001.9791666666666,25.125,5.8,1.9541666666666664,16.1,24.9,98.29166666666669,103.41666666666669,32.0,28.90833333333333,28.141666666666666,0.1952916666666666,0.1552916666666666,262.0833333333333,199.75,62.333333333333336,304.12083333333334,262.0833333333333,425.9041666666667
2022-08-11,13.6625,24.5,6.2,23:00:00,16:00:00,95.58333333333331,126.0,68.0,19:00:00,09:00:00,2.2375000000000003,2.8,1.6,02:00:00,17:00:00,9.208333333333334,11.0,7.9,09:00:00,19:00:00,13.679166666666667,19.0,10.7,09:00:00,02:00:00,9.064236111111112,13.842708333333334,2,1,2,1,1,1,26.05,21.2,30.4,26.191666666666663,46.875,13.445833333333333,0.0,0.0,1017.4375,1000.7583333333332,21.58333333333333,5.71,1.8841666666666663,12.6,24.3,141.125,132.375,28.1,28.916666666666668,28.166666666666668,0.1652916666666666,0.1462916666666666,267.375,204.0,63.375,317.0625,267.375,423.725
2022-08-12,13.3375,26.4,5.9,00:00:00,14:00:00,93.29166666666669,122.0,68.0,19:00:00,09:00:00,1.8583333333333332,2.8,1.2,04:00:00,16:00:00,7.508333333333333,10.3,6.0,03:00:00,13:00:00,12.183333333333332,17.3,8.5,00:00:00,11:00:00,8.560243055555555,13.15763888888889,2,1,2,1,1,1,24.866666666666664,21.5,28.9,23.4875,44.208333333333336,11.4,0.0,0.0,1014.0625,997.3583333333332,17.125,6.37,1.819583333333333,22.1,33.4,103.5,108.04166666666669,42.5,28.1625,28.09583333333333,0.1587083333333333,0.1470416666666666,266.1666666666667,205.83333333333331,60.333333333333336,322.8041666666667,266.1666666666667,421.4916666666666
2022-08-13,10.870833333333332,26.4,5.0,23:00:00,17:00:00,91.08333333333331,126.0,46.0,18:00:00,08:00:00,2.0125,2.8,1.2,10:00:00,01:00:00,6.566666666666666,9.8,5.1,08:00:00,19:00:00,9.195833333333333,12.7,7.0,08:00:00,02:00:00,6.732118055555556,10.382465277777778,2,1,2,1,1,1,23.5375,16.7,29.3,23.34166666666667,52.625,11.845833333333331,0.0,0.0,1013.7583333333332,997.0041666666666,7.375,5.44,1.5804166666666666,17.0,27.2,162.95833333333334,148.04166666666666,32.4,26.883333333333336,27.070833333333336,0.1630833333333333,0.1455,277.25,223.79166666666663,53.458333333333336,356.5,277.25,419.2208333333333
2022-08-14,17.587500000000002,28.6,7.1,08:00:00,16:00:00,84.95833333333333,127.0,41.0,17:00:00,07:00:00,2.8166666666666664,3.5,2.1,15:00:00,00:00:00,8.220833333333333,13.9,5.7,09:00:00,02:00:00,10.575,17.2,6.3,09:00:00,02:00:00,7.523263888888889,9.77152777777778,2,1,2,1,1,1,24.15416666666667,17.9,29.4,24.09166666666667,49.583333333333336,12.425,0.1,0.1,1010.3666666666668,993.7041666666668,26.45833333333333,4.84,1.63,14.6,21.0,157.08333333333334,169.29166666666666,29.9,27.025,26.90833333333333,0.150875,0.1430416666666666,235.41666666666663,149.20833333333334,86.20833333333333,232.45833333333331,235.41666666666663,416.87916666666666
2022-08-15,15.329166666666666,32.9,4.9,08:00:00,15:00:00,81.83333333333333,121.0,46.0,17:00:00,07:00:00,3.0583333333333336,4.6,1.7,06:00:00,18:00:00,9.3,11.7,7.7,23:00:00,01:00:00,12.691666666666668,17.6,8.8,23:00:00,01:00:00,8.494270833333333,11.234895833333336,2,1,2,1,1,1,24.008333333333336,18.9,30.2,25.4375,65.04166666666667,16.408333333333335,1.6,1.6,1007.0916666666668,990.4583333333334,28.916666666666668,4.29,1.1704166666666669,20.1,26.9,204.54166666666663,221.41666666666663,40.7,27.054166666666664,27.1875,0.1474583333333333,0.1415833333333333,229.83333333333331,154.375,75.45833333333333,250.275,229.83333333333331,414.4958333333333
2022-08-16,14.8,28.5,6.0,08:00:00,16:00:00,81.45833333333333,119.0,33.0,19:00:00,08:00:00,2.5541666666666667,3.7,1.3,03:00:00,16:00:00,10.945833333333333,15.9,8.5,10:00:00,02:00:00,16.654166666666665,22.8,10.9,09:00:00,05:00:00,10.198611111111113,15.22013888888889,2,1,2,1,2,1,24.866666666666664,18.8,30.4,26.03333333333333,57.66666666666666,15.35,1.5,1.5,1009.7791666666668,993.1541666666668,11.583333333333334,4.89,1.481666666666667,10.1,20.5,106.70833333333331,95.20833333333331,24.1,27.4,27.329166666666666,0.154375,0.1456666666666666,261.375,205.95833333333331,55.41666666666666,324.49583333333334,261.375,412.06666666666666
2022-08-17,16.845833333333335,28.6,8.8,21:00:00,15:00:00,78.20833333333333,118.0,49.0,17:00:00,09:00:00,2.733333333333333,3.8,1.6,02:00:00,15:00:00,13.583333333333334,19.1,9.5,08:00:00,01:00:00,18.975,25.1,14.2,18:00:00,02:00:00,12.20625,17.60434027777778,2,1,2,1,2,1,23.54583333333333,20.5,28.8,25.5875,74.70833333333333,18.42083333333333,3.5,3.5,1012.575,995.8458333333332,46.125,3.04,0.8170833333333333,13.4,22.5,170.625,132.70833333333334,29.9,26.15,27.5125,0.1556666666666666,0.1462916666666666,153.25,42.79166666666666,110.45833333333331,78.32083333333334,153.25,409.5833333333333
2022-08-18,15.675,22.3,10.8,08:00:00,15:00:00,53.54166666666666,72.0,37.0,20:00:00,14:00:00,1.5958333333333332,2.4,0.6,10:00:00,21:00:00,7.370833333333334,10.8,3.6,17:00:00,21:00:00,9.883333333333333,14.3,4.0,17:00:00,21:00:00,10.574479166666668,14.773958333333336,2,1,2,1,2,1,21.579166666666666,19.5,25.3,23.041666666666668,80.125,17.841666666666665,9.8,9.8,1011.25,994.4208333333332,54.5,2.64,0.5320833333333334,17.7,26.3,163.25,145.25,34.2,23.475,25.620833333333334,0.2757083333333333,0.20625,145.04166666666666,59.458333333333336,85.58333333333333,111.8125,145.04166666666666,407.05
2022-08-19,14.529166666666669,25.2,7.5,07:00:00,16:00:00,57.875,98.0,26.0,17:00:00,07:00:00,1.6833333333333331,2.5,0.5,12:00:00,02:00:00,6.775,8.8,4.1,08:00:00,02:00:00,9.35,13.5,4.9,13:00:00,02:00:00,7.030729166666667,9.222743055555556,2,1,2,1,1,1,21.0,17.2,26.5,21.875,74.625,15.820833333333333,1.0,1.0,1010.3083333333334,993.4625,42.333333333333336,3.6,0.7070833333333333,16.3,31.8,253.0,264.2916666666667,31.3,22.254166666666663,23.04583333333333,0.3702916666666667,0.3154166666666666,196.45833333333331,97.83333333333331,98.625,148.82916666666668,196.45833333333331,404.475
2022-08-20,14.3875,24.6,4.6,22:00:00,16:00:00,63.79166666666666,105.0,25.0,17:00:00,09:00:00,1.9083333333333328,3.0,1.4,22:00:00,06:00:00,6.375,8.8,4.4,11:00:00,17:00:00,9.8375,13.0,6.8,09:00:00,17:00:00,6.793055555555555,9.905555555555557,2,1,2,1,1,1,23.2125,17.1,31.0,24.429166666666664,66.20833333333333,15.745833333333332,0.0,0.0,1011.6625,994.9166666666666,3.875,4.8,1.1545833333333333,13.4,24.5,242.0,204.08333333333331,22.7,23.854166666666668,23.258333333333336,0.338,0.330625,258.2083333333333,204.41666666666663,53.79166666666666,331.06666666666666,258.2083333333333,401.8625
2022-08-21,16.533333333333335,43.2,4.9,23:00:00,16:00:00,69.54166666666667,126.0,20.0,19:00:00,08:00:00,2.341666666666667,3.2,1.6,22:00:00,02:00:00,8.545833333333333,12.6,4.1,13:00:00,03:00:00,11.0625,14.8,6.1,09:00:00,03:00:00,6.9906250000000005,10.190798611111113,2,1,2,1,1,1,24.67083333333333,19.1,30.2,25.67083333333333,56.04166666666666,14.833333333333334,0.0,0.0,1010.7208333333332,994.0708333333332,8.791666666666666,4.87,1.49,13.2,27.8,139.125,130.25,21.6,25.0625,24.5375,0.3002499999999999,0.307375,258.875,206.04166666666663,52.833333333333336,336.96666666666664,258.875,399.2083333333333
2022-08-22,19.566666666666663,39.1,7.4,23:00:00,16:00:00,82.66666666666667,135.0,39.0,17:00:00,08:00:00,2.3833333333333333,3.4,1.5,21:00:00,03:00:00,8.808333333333334,15.6,5.8,23:00:00,04:00:00,12.0875,22.0,7.0,23:00:00,04:00:00,8.691319444444444,11.19513888888889,2,1,2,1,1,1,24.3125,19.7,29.8,25.52916666666667,61.125,15.925,0.4,0.4,1009.1916666666666,992.5458333333332,11.208333333333334,4.76,1.2904166666666663,16.9,28.8,116.83333333333331,124.91666666666669,31.0,25.604166666666668,25.291666666666668,0.2632083333333333,0.2830416666666667,251.79166666666663,197.41666666666663,54.375,324.47083333333336,251.79166666666663,396.5083333333334
2022-08-23,20.070833333333333,41.4,6.5,00:00:00,15:00:00,77.83333333333333,128.0,31.0,17:00:00,10:00:00,2.441666666666667,3.4,1.7,09:00:00,17:00:00,10.104166666666666,16.1,6.5,09:00:00,19:00:00,14.129166666666668,22.7,9.9,10:00:00,18:00:00,10.222048611111113,14.389409722222224,2,1,2,1,2,1,24.379166666666663,18.8,30.2,25.204166666666666,57.833333333333336,14.958333333333334,0.0,0.0,1011.6958333333332,995.0125,1.4166666666666667,5.04,1.4195833333333334,12.3,26.1,106.75,105.29166666666669,20.5,25.929166666666664,25.6375,0.2219166666666666,0.257,257.75,207.875,49.875,342.5333333333333,257.75,393.7708333333333
2022-08-24,15.195833333333333,29.8,5.7,08:00:00,16:00:00,83.29166666666667,125.0,48.0,18:00:00,09:00:00,1.9416666666666669,2.7,1.4,08:00:00,15:00:00,8.045833333333333,11.1,6.4,09:00:00,17:00:00,10.625,17.2,8.0,09:00:00,06:00:00,8.640625,11.523090277777778,2,1,2,1,1,1,24.445833333333336,19.7,29.5,25.125,58.833333333333336,15.370833333333332,0.0,0.0,1015.3541666666666,998.6208333333334,4.5,5.1,1.37125,12.9,25.2,105.45833333333331,110.25,23.4,26.39583333333333,25.941666666666663,0.1882916666666666,0.234375,257.375,207.625,49.75,342.85,257.375,391.00416666666666
2022-08-25,20.258333333333333,39.9,7.4,23:00:00,15:00:00,80.83333333333333,125.0,32.0,17:00:00,08:00:00,2.370833333333333,3.1,1.8,11:00:00,18:00:00,8.625,13.7,5.8,09:00:00,17:00:00,12.908333333333331,21.8,8.9,09:00:00,03:00:00,8.576909722222222,11.957291666666668,2,1,2,1,1,1,25.2375,19.4,30.5,26.495833333333334,57.75,15.620833333333332,0.0,0.0,1014.1958333333332,997.5208333333334,6.666666666666667,4.7,1.5154166666666666,9.8,18.6,167.5,138.04166666666666,22.3,26.77083333333333,26.175,0.1694166666666666,0.21875,245.66666666666663,195.16666666666663,50.5,321.5083333333333,245.66666666666663,388.1958333333334
2022-08-26,26.133333333333336,46.0,11.3,08:00:00,16:00:00,75.875,129.0,39.0,17:00:00,09:00:00,2.8666666666666667,3.5,2.3,23:00:00,04:00:00,11.4875,20.1,7.5,09:00:00,03:00:00,17.183333333333334,25.9,13.1,11:00:00,02:00:00,9.87482638888889,15.146180555555558,2,1,2,1,1,1,24.166666666666668,20.5,30.5,26.075,65.95833333333333,17.2625,5.9,5.9,1011.35,994.6708333333332,28.20833333333333,3.35,1.0670833333333334,10.3,19.2,163.25,169.41666666666666,36.0,26.075,26.379166666666663,0.18625,0.2081666666666666,180.875,83.25,97.625,153.14583333333334,180.875,385.3666666666666
2022-08-27,19.0,30.2,7.4,02:00:00,14:00:00,74.04166666666667,116.0,39.0,19:00:00,06:00:00,2.8208333333333333,3.7,2.0,00:00:00,13:00:00,9.8625,15.4,6.3,09:00:00,14:00:00,14.1625,21.2,8.3,09:00:00,14:00:00,10.612152777777778,16.109895833333336,2,1,2,1,2,1,24.39583333333333,19.8,29.1,25.883333333333336,61.708333333333336,16.270833333333332,3.5,3.5,1010.4916666666668,993.8291666666668,30.041666666666668,3.76,1.2404166666666667,14.2,17.8,125.125,139.375,32.8,26.745833333333334,26.383333333333336,0.164875,0.2000416666666666,203.79166666666663,128.41666666666666,75.375,218.75833333333333,203.79166666666663,382.4958333333333
2022-08-28,16.816666666666666,36.0,6.1,22:00:00,15:00:00,73.25,114.0,31.0,17:00:00,09:00:00,2.2041666666666666,2.8,1.6,22:00:00,16:00:00,11.041666666666666,19.4,8.6,23:00:00,13:00:00,12.941666666666668,21.2,10.2,23:00:00,14:00:00,10.317881944444444,12.79375,2,1,2,1,2,1,23.525,18.8,28.1,25.516666666666666,70.83333333333333,17.491666666666667,11.9,11.9,1013.0166666666668,996.2708333333334,36.79166666666666,3.52,0.9483333333333333,13.4,24.6,201.125,220.83333333333331,29.9,25.166666666666668,25.6,0.3015833333333333,0.2062083333333333,205.0,119.875,85.125,194.0583333333333,205.0,379.7
2022-08-29,16.7375,32.6,7.4,23:00:00,15:00:00,82.41666666666667,126.0,42.0,17:00:00,10:00:00,2.279166666666667,3.4,1.3,22:00:00,06:00:00,10.220833333333331,18.4,5.3,02:00:00,05:00:00,13.533333333333331,24.0,4.8,01:00:00,05:00:00,11.07013888888889,13.722222222222223,2,1,2,1,2,1,23.870833333333334,17.8,29.5,25.941666666666663,70.41666666666667,17.720833333333335,5.1,5.1,1016.2,999.4166666666666,15.708333333333334,4.1,0.9941666666666666,18.2,28.5,208.25,201.5,38.2,25.820833333333336,25.575,0.262125,0.1884583333333333,238.45833333333331,183.75,54.708333333333336,307.575,238.45833333333331,376.9333333333333
2022-08-30,22.325,35.6,10.8,08:00:00,16:00:00,71.875,106.0,43.0,19:00:00,08:00:00,2.8125,3.5,2.4,04:00:00,02:00:00,16.099999999999998,23.3,12.4,10:00:00,04:00:00,20.979166666666668,34.4,16.7,10:00:00,05:00:00,13.096354166666666,17.45746527777778,2,1,2,1,2,1,23.2625,19.3,26.6,25.579166666666666,75.29166666666667,18.404166666666665,0.3,0.3,1017.0208333333334,1000.1791666666668,34.375,3.0,0.7575,13.1,23.9,236.25,229.125,23.4,25.495833333333334,25.8125,0.2613333333333333,0.1852083333333333,170.54166666666666,82.58333333333333,87.95833333333333,148.03333333333333,170.54166666666666,374.1333333333334
2022-08-31,15.4375,26.0,6.8,00:00:00,15:00:00,77.04166666666667,120.0,34.0,17:00:00,10:00:00,1.7625,2.6,0.8,01:00:00,04:00:00,9.6625,15.6,5.6,00:00:00,07:00:00,12.5625,18.4,6.7,00:00:00,05:00:00,12.5484375,15.990972222222224,2,1,2,1,2,1,22.454166666666666,18.6,27.3,24.42083333333333,77.33333333333333,17.954166666666666,21.9,21.9,1014.2291666666666,997.4,45.958333333333336,3.67,0.7020833333333334,18.8,28.9,120.66666666666669,120.25,36.7,24.808333333333334,24.90416666666667,0.3119166666666667,0.2056666666666666,216.16666666666663,150.45833333333334,65.70833333333333,241.20833333333331,216.16666666666663,371.3083333333333
2022-09-01,16.579166666666666,30.9,6.8,08:00:00,16:00:00,75.33333333333333,110.0,36.0,17:00:00,10:00:00,1.8541666666666667,2.9,1.2,06:00:00,03:00:00,9.920833333333333,13.3,6.5,09:00:00,05:00:00,13.4,18.4,6.8,09:00:00,05:00:00,9.866145833333333,13.010590277777778,2,1,2,1,1,1,21.991666666666664,18.9,26.9,22.891666666666666,73.70833333333333,16.629166666666666,10.2,10.2,1013.6291666666666,996.7833333333332,41.91666666666666,3.61,0.7620833333333333,16.6,29.3,81.25,88.16666666666667,32.0,23.65,24.245833333333334,0.3266666666666666,0.1919166666666666,193.04166666666663,114.04166666666669,79.0,202.02916666666667,193.04166666666663,368.45
2022-09-02,14.816666666666668,38.8,7.1,23:00:00,14:00:00,70.54166666666667,98.0,40.0,19:00:00,09:00:00,2.395833333333333,3.3,1.8,09:00:00,19:00:00,11.2875,15.1,9.2,23:00:00,14:00:00,13.7625,20.0,11.0,23:00:00,04:00:00,10.641840277777778,13.719444444444449,2,1,2,1,2,1,21.516666666666666,18.0,25.8,21.7,67.33333333333333,14.845833333333331,6.800000000000001,6.800000000000001,1015.0125,998.1208333333334,57.708333333333336,3.76,0.9045833333333334,16.7,30.4,128.41666666666666,133.45833333333334,31.7,23.5625,23.85833333333333,0.2760833333333333,0.1892083333333333,198.45833333333331,125.16666666666669,73.29166666666667,204.7,198.45833333333331,365.57916666666665
2022-09-03,17.854166666666668,34.2,7.5,00:00:00,17:00:00,70.33333333333333,114.0,44.0,18:00:00,02:00:00,2.2666666666666666,3.2,1.7,22:00:00,16:00:00,15.104166666666666,20.2,9.6,23:00:00,06:00:00,17.541666666666668,26.6,12.4,23:00:00,06:00:00,13.004513888888887,15.476909722222224,2,1,2,1,2,1,21.1,17.8,26.1,21.758333333333336,71.45833333333333,15.145833333333334,4.6,4.6,1015.0833333333334,998.1625,50.875,3.08,0.8095833333333333,13.8,24.9,102.5,115.33333333333331,27.4,22.504166666666663,23.104166666666668,0.3420833333333333,0.2155833333333333,169.79166666666666,79.54166666666667,90.25,139.5375,169.79166666666666,362.7625
2022-09-04,18.820833333333333,39.5,6.2,23:00:00,16:00:00,69.79166666666667,121.0,25.0,17:00:00,06:00:00,2.4291666666666667,3.4,1.4,08:00:00,16:00:00,18.78333333333333,23.4,15.2,23:00:00,17:00:00,22.45,28.8,17.7,09:00:00,15:00:00,17.772222222222222,21.250694444444445,2,1,2,1,2,2,21.47083333333333,16.9,26.6,23.175,75.25,16.541666666666668,0.2,0.2,1018.6916666666666,1001.7291666666666,15.0,3.39,0.7216666666666667,9.4,20.2,154.16666666666666,149.70833333333334,20.9,23.141666666666666,22.954166666666666,0.2929583333333333,0.225875,207.75,144.83333333333334,62.91666666666666,254.70416666666665,207.75,359.9208333333333
2022-09-05,22.6125,49.5,8.3,23:00:00,16:00:00,73.5,127.0,29.0,17:00:00,10:00:00,2.5625,3.8,1.7,22:00:00,14:00:00,18.141666666666666,30.2,11.0,00:00:00,13:00:00,21.225,37.3,13.5,00:00:00,13:00:00,19.07361111111111,21.915451388888886,2,1,2,1,2,2,22.633333333333336,19.3,27.2,24.229166666666668,71.66666666666667,17.095833333333335,0.1,0.1,1021.5875,1004.6458333333334,24.916666666666668,3.37,0.8320833333333333,13.5,21.3,75.875,97.0,28.4,24.0875,23.65,0.2557916666666667,0.2174583333333333,193.79166666666663,129.16666666666666,64.625,215.84583333333333,193.79166666666663,357.0416666666667
2022-09-06,25.775,44.2,11.3,00:00:00,15:00:00,68.20833333333333,136.0,22.0,17:00:00,08:00:00,2.9458333333333333,3.6,2.2,10:00:00,16:00:00,18.1875,27.0,13.8,09:00:00,03:00:00,23.54583333333333,31.9,18.3,10:00:00,17:00:00,16.944270833333334,21.64340277777778,2,1,2,1,2,2,23.629166666666663,19.2,29.0,26.02083333333333,72.95833333333333,18.1125,0.1,0.1,1018.4125,1001.5833333333334,26.25,3.5,0.8925000000000001,9.2,17.1,162.75,136.41666666666666,22.0,25.008333333333336,24.23333333333333,0.2324166666666667,0.206,203.375,146.20833333333334,57.16666666666666,245.1625,203.375,354.1375
2022-09-07,24.179166666666664,45.2,14.0,08:00:00,02:00:00,66.41666666666667,100.0,25.0,18:00:00,08:00:00,2.2375000000000003,3.7,1.5,07:00:00,13:00:00,15.733333333333334,28.7,9.1,09:00:00,20:00:00,19.791666666666668,34.8,13.9,09:00:00,15:00:00,17.885416666666668,22.465277777777786,2,1,2,1,2,2,22.2375,19.4,25.8,24.6,80.29166666666667,18.525,15.8,15.8,1015.5875,998.7166666666668,48.958333333333336,2.51,0.5708333333333333,10.1,19.1,119.75,100.83333333333331,29.9,24.08333333333333,24.60833333333333,0.2567916666666666,0.1995,145.83333333333334,54.04166666666666,91.79166666666669,98.07083333333333,145.83333333333334,351.27500000000003
2022-09-08,18.17083333333333,49.9,8.6,23:00:00,05:00:00,69.5,103.0,49.0,17:00:00,08:00:00,1.8166666666666669,3.7,0.7,23:00:00,06:00:00,7.95,20.4,3.2,23:00:00,06:00:00,11.329166666666666,21.2,4.0,23:00:00,06:00:00,10.219791666666667,13.503819444444446,2,1,2,1,2,1,21.766666666666666,18.0,26.6,23.23333333333333,75.25,17.0,44.1,44.1,1011.2958333333332,994.4791666666666,58.16666666666666,3.0900000000000003,0.7033333333333333,24.5,39.6,145.95833333333334,118.70833333333331,41.4,23.25,23.579166666666666,0.3876666666666666,0.3114166666666667,182.79166666666663,111.95833333333331,70.83333333333333,193.89583333333331,182.79166666666663,348.3833333333334
2022-09-09,21.891666666666666,46.0,10.5,22:00:00,16:00:00,59.16666666666666,99.0,34.0,19:00:00,02:00:00,2.095833333333333,3.3,1.1,22:00:00,10:00:00,11.129166666666668,22.1,5.3,01:00:00,07:00:00,13.916666666666666,25.6,7.0,02:00:00,07:00:00,10.699131944444444,13.939930555555556,2,1,2,1,2,1,20.195833333333333,17.5,25.2,21.15833333333333,79.58333333333333,16.408333333333335,12.2,12.2,1011.8333333333334,994.9166666666666,45.41666666666666,2.2,0.525,15.7,29.0,122.25,121.58333333333331,27.4,22.241666666666664,23.004166666666663,0.3682916666666667,0.3427083333333333,125.0,62.54166666666666,62.458333333333336,128.27083333333334,125.0,345.4666666666667
2022-09-10,20.204166666666666,39.0,7.5,00:00:00,16:00:00,66.125,114.0,33.0,17:00:00,08:00:00,2.525,3.5,1.8,02:00:00,17:00:00,15.754166666666668,26.4,10.2,02:00:00,17:00:00,18.870833333333334,27.7,11.7,03:00:00,17:00:00,14.281944444444443,17.014756944444446,2,1,2,1,2,1,20.25,15.5,25.5,21.05,70.16666666666667,14.329166666666666,0.0,0.0,1013.3333333333334,996.3958333333334,9.291666666666666,3.5,0.7829166666666666,10.4,22.5,95.91666666666669,103.66666666666669,16.9,22.541666666666668,22.666666666666668,0.321375,0.3225416666666666,216.66666666666663,169.625,47.04166666666666,300.4916666666667,216.66666666666663,342.50416666666666
2022-09-11,22.15416666666667,41.0,7.4,23:00:00,16:00:00,56.875,105.0,19.0,17:00:00,08:00:00,2.5125,3.2,2.0,09:00:00,14:00:00,12.941666666666668,18.4,9.1,00:00:00,19:00:00,17.579166666666666,25.0,11.6,01:00:00,17:00:00,13.462326388888888,18.12934027777778,2,1,2,1,2,1,21.1375,16.1,26.6,21.7625,64.54166666666667,13.745833333333332,0.0,0.0,1014.7291666666666,997.8166666666666,4.583333333333333,3.71,0.9795833333333333,14.5,20.7,164.375,142.625,23.8,22.77916666666667,22.79583333333333,0.2988333333333333,0.3046666666666666,223.16666666666663,178.58333333333334,44.583333333333336,321.6791666666667,223.16666666666663,339.52500000000003
2022-09-12,25.666666666666668,52.1,8.7,23:00:00,16:00:00,60.708333333333336,120.0,21.0,18:00:00,08:00:00,2.9375,4.4,2.3,21:00:00,14:00:00,14.983333333333334,21.7,8.4,23:00:00,05:00:00,17.8125,26.9,9.7,10:00:00,06:00:00,13.2546875,16.708680555555556,2,1,2,1,2,1,21.091666666666665,15.8,26.6,21.675,64.875,13.741666666666667,0.0,0.0,1015.2541666666666,998.325,2.708333333333333,3.54,0.9891666666666666,10.5,18.4,91.375,105.41666666666669,17.6,22.683333333333334,22.7625,0.2759583333333333,0.2868333333333333,219.0,175.08333333333334,43.91666666666666,316.1416666666667,219.0,336.5125
2022-09-13,31.3375,50.9,13.3,09:00:00,14:00:00,61.708333333333336,121.0,20.0,18:00:00,09:00:00,3.3875,4.4,2.7,11:00:00,12:00:00,19.754166666666663,30.9,12.4,10:00:00,16:00:00,23.066666666666663,33.9,16.6,10:00:00,16:00:00,18.477083333333333,21.767534722222223,2,1,2,1,2,2,21.433333333333334,15.7,27.1,22.554166666666664,69.20833333333333,15.1125,0.0,0.0,1013.4958333333334,996.6208333333334,18.875,3.44,0.9025,11.9,23.8,146.79166666666666,160.83333333333334,19.4,23.070833333333336,22.883333333333336,0.249,0.26825,202.45833333333331,143.70833333333334,58.75,248.47916666666663,202.45833333333331,333.4833333333333
2022-09-14,24.775,50.3,10.9,08:00:00,03:00:00,57.958333333333336,84.0,24.0,17:00:00,08:00:00,2.6083333333333334,3.6,1.9,07:00:00,15:00:00,11.425,15.7,7.6,08:00:00,03:00:00,18.0,27.6,8.5,20:00:00,04:00:00,14.306770833333331,18.26875,2,1,2,1,2,1,21.870833333333334,18.7,25.8,23.64583333333333,77.75,17.608333333333334,0.7,0.7,1011.0041666666666,994.2041666666668,62.5,2.37,0.6304166666666667,13.0,22.3,180.29166666666663,203.5,28.4,23.0875,23.2875,0.2354583333333333,0.2558333333333333,125.0,48.708333333333336,76.29166666666667,81.1875,125.0,330.46250000000003
2022-09-15,24.558333333333334,43.5,8.2,09:00:00,15:00:00,51.375,101.0,16.0,18:00:00,08:00:00,2.4250000000000003,3.1,1.6,09:00:00,17:00:00,15.525,25.0,8.8,09:00:00,17:00:00,23.725,36.8,15.7,09:00:00,17:00:00,14.497048611111111,22.741319444444446,2,1,2,1,2,2,22.4375,18.1,28.7,23.90833333333333,71.75,16.491666666666667,0.0,0.0,1006.7666666666668,990.0708333333332,27.125,3.43,0.8887499999999999,12.9,21.8,254.08333333333331,226.16666666666663,28.4,23.679166666666664,23.491666666666664,0.215875,0.24275,188.58333333333331,135.91666666666666,52.66666666666666,238.83333333333331,188.58333333333331,327.4916666666667
2022-09-16,22.55,37.5,11.8,08:00:00,15:00:00,57.583333333333336,106.0,12.0,17:00:00,07:00:00,2.645833333333333,3.8,1.7,09:00:00,21:00:00,12.208333333333334,16.4,8.2,00:00:00,16:00:00,18.066666666666663,25.9,12.0,09:00:00,17:00:00,13.4921875,20.350694444444446,2,1,2,1,2,2,23.0,19.3,28.3,23.71666666666667,64.54166666666667,15.0875,0.0,0.0,1003.4625,986.8458333333332,17.25,3.7,1.0920833333333333,18.2,35.3,237.5,233.95833333333331,30.2,23.883333333333336,23.725,0.284375,0.2337083333333333,175.20833333333334,120.45833333333331,54.75,221.90833333333333,175.20833333333334,324.50416666666666
2022-09-17,9.6125,27.9,4.1,00:00:00,14:00:00,65.95833333333333,80.0,51.0,17:00:00,08:00:00,1.0333333333333334,2.0,0.6,02:00:00,13:00:00,4.6625000000000005,14.5,1.8,01:00:00,20:00:00,6.879166666666666,16.4,2.9,00:00:00,21:00:00,8.985243055555555,13.007291666666667,2,1,2,1,1,1,18.620833333333334,15.8,21.5,15.695833333333333,50.5,6.429166666666667,1.2000000000000002,1.2000000000000002,1007.2,990.2791666666668,19.875,4.74,1.09625,31.7,45.3,214.58333333333331,203.41666666666663,56.5,21.754166666666663,23.0625,0.28125,0.2262499999999999,209.625,163.375,46.25,296.425,209.625,321.50416666666666
2022-09-18,10.795833333333334,31.0,4.5,22:00:00,16:00:00,64.08333333333333,85.0,48.0,17:00:00,08:00:00,1.3333333333333333,2.4,0.5,22:00:00,00:00:00,3.6458333333333335,6.3,2.0,23:00:00,00:00:00,5.516666666666667,11.9,2.4,22:00:00,05:00:00,2.961458333333333,4.689930555555557,2,1,2,1,1,1,17.837500000000002,13.8,23.4,14.2625,34.458333333333336,1.5541666666666665,0.0,0.0,1014.0541666666668,996.9708333333332,0.6666666666666666,4.95,1.3945833333333333,17.2,31.2,303.0416666666667,304.875,32.0,19.7375,20.945833333333333,0.2725416666666667,0.2244166666666666,215.625,175.08333333333334,40.54166666666666,329.21666666666664,215.625,318.5
2022-09-19,17.808333333333334,31.6,5.8,08:00:00,14:00:00,56.583333333333336,87.0,29.0,16:00:00,10:00:00,1.8375,3.8,0.8,04:00:00,14:00:00,5.325,7.3,3.5,21:00:00,13:00:00,7.679166666666667,10.9,4.8,21:00:00,17:00:00,4.899305555555555,7.2529513888888895,2,1,2,1,1,1,18.816666666666663,12.3,25.6,15.579166666666666,41.958333333333336,3.45,0.0,0.0,1012.4125,995.4083333333332,2.375,5.01,1.4275,21.2,38.2,197.54166666666663,160.54166666666666,40.3,19.47083333333333,20.091666666666665,0.2391666666666666,0.2142083333333333,215.33333333333331,175.375,39.958333333333336,330.8,215.33333333333331,315.4791666666667
2022-09-20,21.183333333333334,42.0,7.6,21:00:00,14:00:00,54.208333333333336,92.0,14.0,18:00:00,09:00:00,2.1041666666666665,3.1,1.5,07:00:00,16:00:00,8.233333333333333,15.0,4.3,23:00:00,02:00:00,10.9375,19.5,4.9,22:00:00,02:00:00,6.204861111111111,8.495659722222223,2,1,2,1,1,1,17.400000000000002,12.1,23.3,15.1875,45.75,5.325,0.0,0.0,1016.5375,999.3791666666666,1.875,3.82,1.1254166666666667,11.5,23.5,67.75,81.66666666666667,26.3,19.52083333333333,20.0625,0.2100416666666666,0.2019999999999999,201.79166666666663,158.70833333333334,43.083333333333336,303.4625,201.79166666666663,312.45
2022-09-21,19.90833333333333,33.7,8.9,02:00:00,17:00:00,56.29166666666666,80.0,39.0,17:00:00,03:00:00,1.8625,2.8,1.4,05:00:00,16:00:00,10.345833333333331,19.3,5.6,01:00:00,15:00:00,14.154166666666669,21.3,8.0,01:00:00,15:00:00,10.857465277777775,14.120833333333335,2,1,2,1,2,1,16.429166666666667,14.0,20.7,14.179166666666667,56.958333333333336,7.466666666666666,0.1,0.1,1020.6333333333332,1003.3583333333332,55.833333333333336,2.49,0.85,13.3,23.4,83.75,90.875,26.6,18.079166666666666,19.55,0.1977916666666666,0.1959166666666666,86.95833333333333,29.95833333333333,57.0,54.5,86.95833333333333,309.375
2022-09-22,21.308333333333334,44.7,8.1,22:00:00,15:00:00,56.958333333333336,93.0,18.0,20:00:00,10:00:00,2.0541666666666667,2.5,1.5,06:00:00,16:00:00,8.304166666666667,13.4,6.0,22:00:00,13:00:00,12.15,18.1,8.8,10:00:00,06:00:00,8.117708333333333,12.108680555555557,2,1,2,1,1,1,15.933333333333332,11.9,22.0,13.583333333333334,49.75,5.041666666666667,0.0,0.0,1021.1416666666668,1003.825,20.375,3.46,0.9766666666666668,15.3,21.7,99.16666666666669,106.66666666666669,29.2,18.34583333333333,18.654166666666665,0.1920416666666666,0.19375,185.16666666666663,128.125,57.04166666666666,245.52916666666667,185.16666666666663,306.28333333333336
2022-09-23,25.60833333333333,47.9,10.4,09:00:00,15:00:00,59.375,95.0,26.0,20:00:00,09:00:00,2.4208333333333334,3.2,1.8,21:00:00,16:00:00,14.195833333333333,22.6,10.6,08:00:00,00:00:00,16.849999999999998,23.0,11.6,10:00:00,04:00:00,11.464236111111113,14.690104166666666,2,1,2,1,2,1,15.816666666666668,10.1,21.4,14.079166666666666,56.75,6.7250000000000005,0.0,0.0,1019.9583333333334,1002.6458333333334,20.625,3.17,0.8595833333333333,11.1,22.9,132.29166666666666,140.5,22.0,18.40833333333333,18.8625,0.1822083333333333,0.1896666666666666,192.58333333333331,142.16666666666666,50.41666666666666,275.7875,192.58333333333331,303.1458333333333
2022-09-24,29.90416666666667,41.5,20.4,00:00:00,15:00:00,39.375,54.0,20.0,00:00:00,23:00:00,2.25,3.2,1.5,06:00:00,14:00:00,16.816666666666666,19.6,14.4,23:00:00,13:00:00,18.79583333333333,23.0,15.3,10:00:00,14:00:00,15.573611111111113,18.082291666666663,2,1,1,1,2,1,14.416666666666666,13.6,15.0,13.495833333333332,77.375,10.295833333333333,19.7,19.7,1016.1833333333334,998.8625,89.625,0.89,0.3725,12.0,20.2,77.41666666666667,60.54166666666666,23.4,16.158333333333335,18.341666666666665,0.2546666666666666,0.188125,30.375,0.2083333333333333,30.166666666666668,0.5499999999999999,30.375,299.9833333333333
2022-09-25,18.579166666666666,36.3,9.1,23:00:00,15:00:00,40.5,76.0,18.0,18:00:00,00:00:00,2.345833333333333,3.0,1.9,09:00:00,04:00:00,14.316666666666668,21.6,9.2,00:00:00,17:00:00,17.045833333333334,22.4,10.2,00:00:00,17:00:00,16.38767361111111,18.60902777777778,2,1,1,1,2,1,15.7375,12.8,19.2,15.704166666666666,79.625,12.0375,1.5,1.5,1012.075,994.9083333333332,66.33333333333333,1.99,0.39625,8.6,13.4,245.91666666666663,191.66666666666663,15.8,16.629166666666666,16.991666666666667,0.31475,0.20025,137.75,75.33333333333333,62.41666666666666,147.825,137.75,296.7958333333333
2022-09-26,23.20833333333333,41.6,11.7,21:00:00,16:00:00,37.04166666666666,83.0,4.0,18:00:00,07:00:00,2.958333333333333,4.1,2.0,12:00:00,05:00:00,10.245833333333334,19.4,5.0,23:00:00,15:00:00,12.95,19.6,7.8,23:00:00,06:00:00,11.560763888888888,14.203472222222224,2,1,1,1,2,1,15.433333333333332,9.8,21.2,14.8375,75.95833333333333,10.704166666666666,0.1,0.1,1006.7916666666666,989.6833333333334,26.875,2.62,0.5095833333333334,9.2,20.5,244.20833333333331,245.875,20.5,16.833333333333332,17.179166666666667,0.2892916666666666,0.2083333333333333,179.91666666666666,136.04166666666666,43.875,267.02500000000003,179.91666666666666,293.5833333333333
2022-09-27,21.73333333333333,35.4,6.8,23:00:00,15:00:00,44.0,81.0,12.0,17:00:00,08:00:00,2.5625,3.8,1.0,10:00:00,16:00:00,10.7,26.4,3.6,09:00:00,16:00:00,15.2125,29.1,5.8,11:00:00,15:00:00,11.60034722222222,15.352604166666667,2,1,1,1,2,1,16.591666666666665,12.7,22.4,15.720833333333331,68.58333333333333,9.629166666666666,2.4,2.4,1000.075,983.15,27.875,2.94,0.6883333333333334,12.5,26.7,203.75,216.83333333333331,30.6,17.683333333333334,17.8,0.3049166666666666,0.2122083333333333,174.41666666666666,125.79166666666669,48.625,248.5375,174.41666666666666,290.34166666666664
2022-09-28,29.429166666666664,47.3,18.8,22:00:00,16:00:00,26.791666666666668,49.0,6.0,17:00:00,03:00:00,2.4291666666666667,3.2,1.9,19:00:00,00:00:00,12.358333333333334,16.8,5.8,23:00:00,02:00:00,15.520833333333334,21.6,8.5,23:00:00,01:00:00,9.569444444444445,13.431597222222225,1,1,1,1,1,1,14.920833333333334,10.7,20.3,13.3625,68.20833333333333,8.870833333333334,0.1,0.1,999.9958333333334,982.9708333333332,65.66666666666667,2.18,0.58,13.7,26.3,85.08333333333333,107.75,24.5,16.629166666666666,17.608333333333334,0.2817083333333333,0.2184583333333333,117.08333333333331,43.91666666666666,73.16666666666667,80.825,117.08333333333331,287.0833333333333
2022-09-29,28.566666666666663,40.5,13.0,21:00:00,15:00:00,25.83333333333333,60.0,1.0,17:00:00,08:00:00,2.4833333333333334,3.6,1.4,12:00:00,16:00:00,16.416666666666668,23.8,8.2,09:00:00,15:00:00,19.17083333333333,28.7,9.4,09:00:00,16:00:00,15.995486111111113,19.03506944444445,2,1,1,1,2,1,14.6,12.2,18.4,14.225,84.875,11.9875,10.9,10.9,998.8166666666666,981.8041666666668,67.41666666666667,1.56,0.2675,11.9,15.7,140.16666666666666,137.33333333333334,36.4,16.408333333333335,17.587500000000002,0.319375,0.225,113.25,49.54166666666666,63.708333333333336,93.52916666666664,113.25,283.96666666666664
2022-09-30,22.53333333333333,35.2,12.4,00:00:00,05:00:00,23.166666666666668,37.0,8.0,18:00:00,23:00:00,1.5291666666666668,2.3,1.1,00:00:00,12:00:00,9.891666666666667,19.1,5.7,01:00:00,16:00:00,11.683333333333332,21.5,7.9,00:00:00,16:00:00,13.081944444444446,15.193923611111112,2,1,1,1,2,1,14.05,11.9,17.2,13.4375,90.45833333333331,12.483333333333334,21.9,21.9,1007.5625,990.3541666666666,83.66666666666667,0.95,0.16,15.8,28.7,64.58333333333333,76.58333333333333,29.5,14.883333333333333,16.425,0.3795,0.2662916666666666,58.875,7.041666666666667,51.833333333333336,13.208333333333334,58.875,280.85
2022-10-01,20.53333333333333,37.3,8.1,00:00:00,16:00:00,26.625,64.0,2.0,17:00:00,07:00:00,2.3625000000000003,3.2,1.5,10:00:00,00:00:00,9.3875,15.8,5.7,22:00:00,15:00:00,11.558333333333332,18.3,6.6,22:00:00,16:00:00,8.538020833333333,10.572916666666668,1,1,1,1,1,1,14.795833333333334,10.8,19.7,14.016666666666666,80.875,11.3,0.3,0.3,1016.0583333333334,998.7625,43.91666666666666,2.1,0.3658333333333333,13.5,20.0,269.25,248.58333333333331,25.9,15.408333333333331,15.783333333333331,0.3764166666666667,0.3423333333333333,149.125,85.375,63.75,174.44583333333333,149.125,277.71666666666664
2022-10-02,21.29583333333333,40.1,11.2,23:00:00,17:00:00,35.333333333333336,72.0,6.0,18:00:00,08:00:00,3.325,4.0,2.5,12:00:00,17:00:00,11.820833333333333,16.2,8.0,23:00:00,18:00:00,15.258333333333333,23.6,11.7,22:00:00,05:00:00,10.691319444444444,13.112847222222223,2,1,1,1,2,1,17.070833333333333,12.1,22.9,17.208333333333332,78.0,13.079166666666666,0.0,0.0,1018.475,1001.2583333333332,11.541666666666666,2.48,0.48125,12.6,23.9,274.5416666666667,272.5833333333333,20.2,17.470833333333335,16.995833333333334,0.3440833333333333,0.3322083333333334,167.625,125.66666666666669,41.958333333333336,242.025,167.625,274.575
2022-10-03,25.72083333333333,47.4,12.6,23:00:00,15:00:00,34.416666666666664,70.0,5.0,17:00:00,08:00:00,2.475,3.6,1.9,02:00:00,18:00:00,17.041666666666668,25.4,6.9,22:00:00,06:00:00,19.925,29.3,9.3,10:00:00,06:00:00,13.635416666666666,17.17760416666667,2,1,1,1,2,1,17.341666666666665,12.2,23.7,17.695833333333333,82.625,14.041666666666666,0.0,0.0,1018.6333333333332,1001.4375,27.041666666666668,2.36,0.4212499999999999,13.0,26.8,149.875,159.54166666666666,21.2,18.479166666666668,18.404166666666665,0.326125,0.3186666666666666,160.125,109.79166666666669,50.333333333333336,213.6125,160.125,271.4208333333333
2022-10-04,29.9375,45.4,17.9,00:00:00,16:00:00,29.95833333333333,70.0,5.0,17:00:00,10:00:00,2.275,3.0,1.9,21:00:00,16:00:00,20.216666666666665,30.1,13.2,01:00:00,13:00:00,23.854166666666668,31.4,15.7,23:00:00,14:00:00,20.37239583333333,23.33628472222222,3,1,1,1,3,2,17.733333333333334,14.2,21.9,18.354166666666668,81.29166666666667,14.25,0.2,0.2,1021.925,1004.6958333333332,40.458333333333336,1.85,0.43,9.7,20.9,112.375,132.45833333333334,20.2,18.5125,18.820833333333333,0.3112499999999999,0.3060833333333333,127.25,57.66666666666666,69.58333333333333,130.9625,127.25,268.4291666666667
2022-10-05,34.46666666666667,63.2,14.8,22:00:00,16:00:00,31.625,79.0,6.0,17:00:00,05:00:00,2.1708333333333334,3.4,1.5,09:00:00,00:00:00,23.97083333333333,36.6,18.8,23:00:00,16:00:00,28.066666666666663,36.7,22.5,20:00:00,15:00:00,21.302256944444444,25.13576388888889,3,1,1,1,3,2,17.341666666666665,14.1,22.8,17.974999999999998,82.29166666666667,13.941666666666668,0.0,0.0,1026.425,1009.0958333333332,23.75,2.12,0.4212499999999999,8.1,14.9,155.08333333333334,166.41666666666666,14.4,18.820833333333333,18.8,0.3014166666666666,0.2966666666666666,143.125,91.70833333333331,51.41666666666666,191.1916666666667,143.125,265.44166666666666
2022-10-06,36.77916666666667,60.1,16.6,00:00:00,17:00:00,28.83333333333333,89.0,0.0,17:00:00,07:00:00,2.770833333333333,4.7,1.9,10:00:00,04:00:00,30.67083333333333,38.9,19.6,10:00:00,17:00:00,34.854166666666664,47.7,26.1,10:00:00,16:00:00,28.63038194444444,32.98263888888889,4,1,1,1,4,2,17.254166666666666,12.7,22.4,17.712500000000002,78.41666666666667,13.158333333333331,0.0,0.0,1027.35,1010.0041666666666,8.916666666666666,2.33,0.4995833333333333,9.4,18.4,182.125,208.5,15.1,18.8125,18.8875,0.285375,0.285125,153.91666666666666,110.41666666666669,43.5,234.0583333333333,153.91666666666666,262.46250000000003
2022-10-07,35.3125,63.4,13.2,23:00:00,16:00:00,33.333333333333336,94.0,3.0,18:00:00,08:00:00,2.658333333333333,3.6,2.0,12:00:00,00:00:00,30.558333333333334,44.2,18.8,01:00:00,18:00:00,33.71666666666667,50.1,20.9,01:00:00,17:00:00,31.010243055555552,34.84461805555556,4,1,1,1,4,2,17.8875,13.0,23.9,18.216666666666665,73.875,12.641666666666666,0.0,0.0,1024.925,1007.6458333333334,9.458333333333334,2.45,0.63875,7.8,14.1,186.54166666666663,169.875,13.7,19.195833333333333,19.104166666666668,0.272875,0.275875,163.75,128.625,35.125,273.8,163.75,259.46250000000003
2022-10-08,33.354166666666664,59.6,12.4,00:00:00,17:00:00,39.208333333333336,105.0,1.0,17:00:00,07:00:00,3.7125,6.0,2.1,12:00:00,23:00:00,31.041666666666668,38.4,21.3,10:00:00,23:00:00,35.766666666666666,42.3,23.8,10:00:00,23:00:00,30.50277777777778,34.37118055555556,4,1,1,1,4,2,16.558333333333334,11.8,22.7,16.845833333333335,81.16666666666667,13.041666666666666,3.6,3.6,1019.625,1002.3708333333334,32.833333333333336,2.06,0.4154166666666667,10.5,20.6,249.375,203.20833333333331,20.9,18.02083333333333,18.566666666666663,0.2727083333333333,0.2694583333333333,133.33333333333334,90.66666666666669,42.66666666666666,182.45833333333331,133.33333333333334,256.4875
2022-10-09,21.691666666666663,38.7,12.3,00:00:00,12:00:00,41.375,55.0,28.0,17:00:00,04:00:00,1.7458333333333331,2.3,1.4,00:00:00,12:00:00,28.5,48.0,16.5,09:00:00,20:00:00,33.12916666666667,56.0,19.1,10:00:00,21:00:00,29.395659722222224,34.41875,4,1,1,1,4,2,17.033333333333335,15.0,21.1,17.150000000000002,85.375,14.441666666666668,10.6,10.6,1020.5583333333334,1003.3083333333334,89.04166666666667,1.25,0.3020833333333333,15.5,20.7,124.45833333333331,125.16666666666669,28.8,17.533333333333335,18.4375,0.3443333333333333,0.2895,71.875,21.33333333333333,50.54166666666666,48.55,71.875,253.52083333333331
2022-10-10,26.78333333333333,58.3,14.4,20:00:00,15:00:00,22.291666666666668,47.0,1.0,17:00:00,22:00:00,2.0083333333333333,2.6,1.6,22:00:00,04:00:00,17.745833333333334,26.8,14.0,22:00:00,13:00:00,22.73333333333333,37.5,16.6,22:00:00,02:00:00,21.865798611111103,25.5015625,3,1,1,1,3,2,15.833333333333334,12.8,19.3,15.695833333333333,83.20833333333333,12.825,3.5,3.5,1021.0041666666666,1003.6916666666666,58.958333333333336,1.74,0.33125,11.4,19.9,151.04166666666666,164.54166666666666,22.3,16.620833333333334,17.275000000000002,0.3704583333333333,0.3320416666666667,116.25,61.125,55.125,119.0375,116.25,250.55416666666667
2022-10-11,29.829166666666666,52.6,21.4,22:00:00,06:00:00,12.958333333333334,45.0,0.0,17:00:00,04:00:00,3.1041666666666665,4.0,1.8,12:00:00,01:00:00,22.304166666666664,35.9,15.4,23:00:00,04:00:00,31.69583333333333,44.2,24.0,23:00:00,17:00:00,19.53871527777778,28.15138888888889,2,1,1,1,2,2,15.058333333333332,10.7,21.2,14.9,83.625,12.029166666666669,0.0,0.0,1021.475,1004.0916666666668,27.58333333333333,1.92,0.34375,8.4,14.3,209.66666666666663,220.29166666666663,18.0,16.641666666666666,17.079166666666666,0.341625,0.3237083333333333,138.125,85.70833333333333,52.41666666666666,187.0125,138.125,247.58333333333331
2022-10-12,35.675000000000004,61.5,18.4,22:00:00,13:00:00,22.45833333333333,71.0,0.0,17:00:00,00:00:00,2.720833333333333,3.4,2.1,12:00:00,06:00:00,30.1625,43.5,17.5,23:00:00,07:00:00,38.53333333333333,51.8,27.5,11:00:00,07:00:00,26.64392361111111,34.964062500000004,4,1,1,1,4,2,16.349999999999998,12.0,21.5,16.316666666666666,79.33333333333333,12.504166666666668,0.0,0.0,1022.1791666666668,1004.8625,35.0,1.95,0.4404166666666667,11.6,23.5,57.41666666666666,62.91666666666666,20.2,17.4375,17.591666666666665,0.3242916666666667,0.3136666666666667,133.41666666666666,80.54166666666667,52.875,176.91666666666666,133.41666666666666,244.58333333333331
2022-10-13,41.80416666666667,68.3,22.3,23:00:00,16:00:00,20.33333333333333,63.0,1.0,17:00:00,08:00:00,3.7875,6.2,1.9,23:00:00,04:00:00,38.77916666666667,51.3,29.4,22:00:00,05:00:00,46.8875,59.6,37.1,22:00:00,06:00:00,34.41128472222222,42.76614583333333,4,2,1,1,4,3,16.054166666666667,11.5,20.7,16.233333333333334,80.08333333333333,12.391666666666666,0.0,0.0,1020.825,1003.5208333333334,21.45833333333333,1.81,0.4145833333333333,10.5,21.2,168.45833333333334,175.45833333333334,16.9,17.304166666666667,17.73333333333333,0.3122083333333333,0.30475,127.25,68.75,58.5,163.67083333333335,127.25,241.57916666666665
2022-10-14,41.65833333333334,65.2,29.8,00:00:00,13:00:00,18.416666666666668,64.0,0.0,17:00:00,08:00:00,3.9125,5.3,3.0,14:00:00,05:00:00,41.516666666666666,49.3,35.4,11:00:00,17:00:00,47.49583333333334,57.6,38.8,09:00:00,18:00:00,41.4140625,48.98072916666667,4,2,1,1,4,3,15.420833333333334,11.6,19.9,15.633333333333333,83.33333333333333,12.383333333333333,0.0,0.0,1017.2333333333332,999.9416666666666,47.5,1.36,0.34125,6.6,10.4,258.7916666666667,177.375,12.2,16.420833333333334,17.095833333333335,0.305375,0.298375,90.0,22.33333333333333,67.66666666666667,56.30416666666667,90.0,238.5583333333333
2022-10-15,34.0875,57.6,19.2,00:00:00,16:00:00,22.375,79.0,0.0,18:00:00,02:00:00,3.820833333333333,4.5,3.1,10:00:00,03:00:00,42.8625,56.6,29.8,13:00:00,22:00:00,48.56666666666666,66.0,39.5,12:00:00,21:00:00,43.19565972222222,47.62552083333333,4,1,1,1,4,3,16.516666666666666,13.1,21.5,16.8875,81.41666666666667,13.066666666666668,0.0,0.0,1016.3958333333334,999.1875,43.833333333333336,1.91,0.40625,6.9,11.3,168.95833333333334,172.95833333333334,15.5,17.479166666666668,17.408333333333335,0.297625,0.292,130.91666666666666,88.33333333333333,42.583333333333336,196.025,130.91666666666666,235.53333333333333
2022-10-16,31.425,50.4,12.9,21:00:00,15:00:00,29.041666666666668,80.0,2.0,18:00:00,01:00:00,2.954166666666667,3.7,2.6,00:00:00,04:00:00,37.2875,42.4,30.6,14:00:00,05:00:00,43.6875,50.2,36.3,02:00:00,08:00:00,37.87847222222222,45.70069444444445,4,1,1,1,4,3,17.258333333333333,14.2,22.2,17.733333333333334,79.5,13.504166666666668,0.0,0.0,1022.4375,1005.175,45.25,1.72,0.44625,7.7,13.2,134.16666666666666,148.41666666666666,12.6,18.32916666666667,18.133333333333333,0.2930416666666666,0.2863333333333333,114.16666666666669,70.08333333333333,44.083333333333336,161.99583333333334,114.16666666666669,232.5
2022-10-17,36.49166666666667,62.3,22.7,22:00:00,15:00:00,22.666666666666668,72.0,0.0,18:00:00,01:00:00,2.595833333333333,3.4,2.1,10:00:00,03:00:00,41.15,51.7,33.6,11:00:00,22:00:00,46.86666666666667,63.0,37.0,11:00:00,21:00:00,40.60625,45.679340277777776,4,1,1,1,4,3,17.033333333333335,12.5,22.6,17.508333333333333,81.5,13.620833333333332,0.0,0.0,1028.4916666666666,1011.1083333333332,15.708333333333334,2.04,0.4191666666666667,7.3,13.6,157.58333333333334,168.0,14.0,18.23333333333333,18.245833333333334,0.2865833333333333,0.2799583333333333,138.29166666666666,103.66666666666669,34.625,236.33333333333331,138.29166666666666,229.4625
2022-10-18,33.675000000000004,59.6,13.7,22:00:00,15:00:00,24.25,80.0,0.0,17:00:00,08:00:00,3.204166666666667,4.3,2.4,13:00:00,05:00:00,25.804166666666664,37.2,15.0,01:00:00,17:00:00,34.5375,42.3,27.5,23:00:00,13:00:00,33.43541666666667,40.18263888888889,4,1,1,1,4,3,17.045833333333334,12.4,23.3,17.308333333333334,81.70833333333333,13.5875,0.0,0.0,1026.7541666666666,1009.3958333333334,2.583333333333333,2.1,0.4325,10.5,13.3,282.625,285.2916666666667,22.3,18.08333333333333,18.275,0.2709166666666667,0.2684583333333333,138.375,107.45833333333331,30.916666666666668,250.6375,138.375,226.4375
2022-10-19,39.266666666666666,64.3,24.1,22:00:00,13:00:00,23.0,77.0,1.0,18:00:00,00:00:00,3.675,6.0,2.8,12:00:00,05:00:00,31.225,42.3,21.3,23:00:00,15:00:00,41.37083333333333,54.3,31.9,11:00:00,06:00:00,27.506944444444443,37.13142361111111,4,1,1,1,4,2,16.75,11.3,22.8,17.370833333333334,82.16666666666667,13.35,0.0,0.0,1022.1208333333334,1004.8291666666668,11.291666666666666,1.92,0.4283333333333333,6.6,9.1,241.91666666666663,220.83333333333331,14.0,17.983333333333334,18.15833333333333,0.251125,0.2530833333333333,134.58333333333334,101.33333333333331,33.25,233.0625,134.58333333333334,223.40416666666667
2022-10-20,34.916666666666664,56.5,16.8,00:00:00,15:00:00,24.95833333333333,71.0,2.0,17:00:00,01:00:00,3.3541666666666665,4.4,2.5,12:00:00,00:00:00,32.6375,48.6,25.9,00:00:00,20:00:00,41.47916666666666,55.0,33.0,02:00:00,07:00:00,33.51284722222222,43.25503472222223,4,1,1,1,4,3,16.858333333333334,13.3,21.6,17.041666666666668,81.79166666666667,13.529166666666669,0.0,0.0,1021.5541666666668,1004.2791666666668,39.25,1.79,0.3974999999999999,9.0,15.9,74.58333333333333,90.95833333333331,21.6,17.7375,18.070833333333333,0.24275,0.2468749999999999,117.33333333333331,68.29166666666667,49.04166666666666,152.95416666666665,117.33333333333331,220.375
2022-10-21,27.65833333333333,40.4,19.6,00:00:00,14:00:00,22.166666666666668,37.0,8.0,16:00:00,02:00:00,2.5791666666666666,3.4,1.7,05:00:00,23:00:00,24.625,27.7,21.6,02:00:00,23:00:00,33.40416666666667,40.5,26.9,11:00:00,23:00:00,27.563715277777774,36.18819444444444,4,1,1,1,4,2,16.433333333333334,14.9,18.9,15.833333333333334,86.45833333333333,14.104166666666666,2.6,2.6,1018.6708333333332,1001.4375,90.625,0.93,0.2629166666666666,20.8,34.7,84.75,93.75,40.7,17.125,17.849999999999998,0.24125,0.2436666666666666,36.208333333333336,3.6666666666666665,32.541666666666664,7.829166666666667,36.208333333333336,217.3791666666667
2022-10-22,25.508333333333336,56.3,12.3,21:00:00,03:00:00,31.58333333333333,47.0,3.0,17:00:00,23:00:00,1.9,3.4,0.9,20:00:00,05:00:00,12.179166666666667,18.6,7.5,00:00:00,17:00:00,16.833333333333332,26.0,10.2,02:00:00,11:00:00,18.118055555555557,25.092881944444446,2,1,1,1,2,2,17.337500000000002,15.5,22.1,17.679166666666667,85.83333333333333,14.816666666666668,34.3,34.3,1016.7166666666668,999.5666666666666,64.45833333333333,1.37,0.31375,20.3,34.3,124.0,132.25,40.3,17.654166666666665,17.504166666666666,0.373625,0.2840833333333333,83.41666666666667,40.708333333333336,42.708333333333336,105.4875,83.41666666666667,214.375
2022-10-23,27.683333333333334,47.3,15.7,00:00:00,13:00:00,13.125,25.0,2.0,16:00:00,21:00:00,1.725,3.0,1.0,23:00:00,07:00:00,13.883333333333333,23.5,7.1,23:00:00,07:00:00,18.558333333333334,32.5,7.9,22:00:00,07:00:00,12.435590277777775,16.415625000000002,2,1,1,1,2,1,16.933333333333334,15.2,19.6,17.704166666666666,91.58333333333331,15.541666666666666,22.9,22.9,1021.0583333333334,1003.8125,90.375,0.71,0.1695833333333333,12.2,22.0,119.70833333333331,115.5,29.9,17.279166666666665,17.708333333333332,0.4052083333333333,0.3551666666666667,39.25,5.541666666666667,33.708333333333336,18.454166666666666,39.25,211.38333333333333
2022-10-24,26.304166666666664,33.9,14.8,18:00:00,06:00:00,20.08333333333333,33.0,1.0,18:00:00,01:00:00,1.65,2.7,0.9,02:00:00,19:00:00,16.729166666666668,26.3,7.9,10:00:00,19:00:00,24.97083333333333,39.0,11.3,08:00:00,20:00:00,17.140798611111112,25.293750000000003,2,1,1,1,2,2,16.8625,15.7,19.0,17.075,92.25,15.570833333333333,12.1,12.1,1018.4166666666666,1001.1916666666666,96.0,0.72,0.1533333333333333,19.2,32.4,92.45833333333331,95.29166666666669,33.1,17.4875,17.620833333333334,0.3941666666666667,0.3740416666666666,42.333333333333336,8.75,33.583333333333336,21.75,42.333333333333336,208.55416666666667
2022-10-25,32.84166666666667,57.5,20.1,21:00:00,16:00:00,18.916666666666668,42.0,3.0,17:00:00,23:00:00,2.404166666666667,3.3,1.6,22:00:00,04:00:00,16.108333333333334,30.2,10.5,23:00:00,02:00:00,24.308333333333334,40.4,12.6,23:00:00,02:00:00,13.904340277777775,20.15399305555556,2,1,1,1,2,2,16.9875,14.1,21.2,17.795833333333334,87.66666666666667,14.783333333333331,6.5,6.5,1019.0541666666668,1001.8333333333334,68.04166666666667,1.2,0.27,15.3,23.5,154.33333333333334,144.08333333333334,28.8,17.833333333333332,17.7375,0.4022083333333333,0.3902083333333333,80.91666666666667,31.916666666666668,49.0,78.84166666666667,80.91666666666667,205.725
2022-10-26,35.40833333333333,54.1,23.0,22:00:00,14:00:00,15.375,48.0,1.0,17:00:00,01:00:00,3.2916666666666665,4.6,2.2,13:00:00,01:00:00,27.041666666666668,32.6,16.0,11:00:00,17:00:00,38.3375,45.3,31.4,23:00:00,16:00:00,23.586979166666666,33.63368055555556,3,1,1,1,3,2,17.254166666666666,14.3,22.3,18.04583333333333,86.25,14.841666666666669,2.2,2.2,1022.1375,1004.8791666666666,51.625,1.42,0.3025,10.9,20.1,192.54166666666663,186.25,18.4,18.054166666666667,18.116666666666667,0.384875,0.3657083333333333,92.58333333333331,54.708333333333336,37.875,134.53333333333333,92.58333333333331,202.92916666666667
2022-10-27,36.79166666666666,59.3,20.8,23:00:00,14:00:00,15.75,55.0,0.0,17:00:00,08:00:00,3.7916666666666665,5.4,2.7,12:00:00,06:00:00,33.329166666666666,46.9,24.3,11:00:00,15:00:00,49.395833333333336,60.9,38.2,12:00:00,05:00:00,29.49427083333333,43.44791666666666,4,1,1,1,4,3,16.220833333333335,12.4,21.8,17.054166666666667,87.5,14.016666666666666,0.0,0.0,1027.1541666666667,1009.7458333333334,6.208333333333333,1.6800000000000002,0.2704166666666667,7.7,9.3,196.70833333333331,203.29166666666663,13.3,17.666666666666668,17.970833333333335,0.3614166666666666,0.3507916666666666,119.83333333333331,90.375,29.45833333333333,225.76666666666665,119.83333333333331,200.16666666666663
2022-10-28,37.4625,57.9,26.1,21:00:00,07:00:00,10.708333333333334,36.0,0.0,17:00:00,00:00:00,3.7,4.7,2.7,16:00:00,05:00:00,33.9,46.4,27.0,01:00:00,15:00:00,42.645833333333336,52.5,34.0,02:00:00,20:00:00,34.815625,48.32569444444445,4,1,1,1,4,3,15.216666666666669,11.2,21.0,15.370833333333332,87.20833333333333,12.929166666666667,0.0,0.0,1027.9833333333331,1010.5041666666666,11.375,1.53,0.2695833333333333,7.6,13.0,288.875,262.625,16.2,16.770833333333332,17.429166666666667,0.3372083333333333,0.331625,108.66666666666669,67.75,40.91666666666666,179.70000000000002,108.66666666666669,197.4375
2022-10-29,38.3875,63.1,20.2,21:00:00,12:00:00,12.916666666666666,42.0,1.0,17:00:00,01:00:00,3.641666666666667,4.4,3.1,12:00:00,05:00:00,27.304166666666664,32.9,19.1,02:00:00,17:00:00,38.204166666666666,47.6,29.8,21:00:00,02:00:00,29.72690972222222,38.08229166666667,4,1,1,1,4,2,14.725,10.6,21.1,14.675,87.04166666666667,12.4,0.0,0.0,1026.0333333333333,1008.5458333333332,7.666666666666667,1.6,0.2695833333333333,9.4,15.9,287.0833333333333,275.5,17.3,15.854166666666666,16.5125,0.3263333333333333,0.3210416666666666,118.95833333333331,91.125,27.83333333333333,234.3,118.95833333333331,194.73333333333332
2022-10-30,36.62,56.0,24.3,00:00:00,14:00:00,11.04,39.0,1.0,15:00:00,00:00:00,3.412,4.2,2.8,20:00:00,10:00:00,29.016,37.1,24.3,19:00:00,05:00:00,38.416,51.9,25.9,20:00:00,05:00:00,26.99533333333333,37.27966666666666,4,1,1,1,4,2,14.412,11.0,21.2,14.312,89.28,12.46,0.0,0.0,1023.028,1005.584,42.04,1.43,0.2284,9.0,15.8,284.84,276.64,16.6,15.556,16.152,0.30584,0.30572,100.88,62.24,38.64,156.168,100.88,184.38
2022-10-31,42.55416666666667,76.7,27.1,19:00:00,14:00:00,13.25,52.0,1.0,15:00:00,02:00:00,4.291666666666667,5.5,3.1,19:00:00,00:00:00,31.3,39.5,25.2,21:00:00,14:00:00,41.3375,51.3,31.7,00:00:00,07:00:00,31.07118055555556,42.56232638888888,4,2,1,1,4,3,14.633333333333333,10.3,20.5,14.558333333333332,84.70833333333333,11.85,0.0,0.0,1022.125,1004.7125,31.791666666666668,1.42,0.3154166666666667,7.8,15.8,257.0,236.5,15.1,15.354166666666666,15.979166666666666,0.2877916666666666,0.2922083333333333,104.29166666666669,64.70833333333333,39.583333333333336,169.32916666666668,104.29166666666669,189.5041666666667
2022-11-01,34.86666666666667,44.2,26.9,00:00:00,05:00:00,9.125,25.0,2.0,14:00:00,00:00:00,3.470833333333333,4.8,2.2,09:00:00,16:00:00,19.258333333333333,29.1,10.6,23:00:00,05:00:00,25.829166666666666,41.0,16.1,23:00:00,06:00:00,24.16961805555556,31.71423611111111,3,1,1,1,3,2,13.858333333333334,11.5,17.3,13.720833333333331,90.33333333333331,12.270833333333334,3.6,3.6,1022.95,1005.475,68.95833333333333,0.6,0.1625,10.0,21.7,286.0,268.5416666666667,15.8,14.25,15.383333333333333,0.3119583333333333,0.2857083333333333,35.333333333333336,2.6666666666666665,32.666666666666664,11.083333333333334,35.333333333333336,186.97083333333333
2022-11-02,39.025,65.2,25.5,22:00:00,05:00:00,6.291666666666667,19.0,1.0,15:00:00,00:00:00,3.8791666666666655,6.2,2.6,21:00:00,02:00:00,33.575,43.8,25.5,23:00:00,03:00:00,43.42916666666667,53.2,34.0,10:00:00,02:00:00,26.962326388888886,34.737500000000004,4,1,1,1,4,2,13.05,11.5,16.1,12.908333333333331,92.08333333333331,11.754166666666668,0.1,0.1,1023.7666666666668,1006.2375,75.5,0.73,0.1279166666666666,7.1,9.8,256.75,251.375,16.2,13.8875,14.833333333333334,0.3283333333333333,0.2893333333333333,54.083333333333336,10.416666666666666,43.66666666666666,28.870833333333334,54.083333333333336,184.51666666666665
2022-11-03,30.558333333333334,51.4,18.3,00:00:00,23:00:00,7.958333333333333,26.0,0.0,16:00:00,07:00:00,2.583333333333333,4.3,0.9,01:00:00,21:00:00,31.366666666666664,45.0,14.0,00:00:00,22:00:00,36.72916666666666,53.8,14.3,04:00:00,23:00:00,35.92100694444444,44.356770833333336,4,1,1,1,4,3,13.525,11.8,15.7,13.245833333333332,93.70833333333331,12.5,17.1,17.1,1018.5125,1001.0916666666668,96.91666666666669,0.61,0.1029166666666666,18.7,31.4,102.66666666666669,87.125,32.0,14.570833333333333,15.008333333333333,0.3463333333333333,0.2962916666666667,41.083333333333336,8.958333333333334,32.125,21.79583333333333,41.083333333333336,182.125
2022-11-04,23.925,51.3,7.7,21:00:00,05:00:00,38.708333333333336,60.0,1.0,06:00:00,21:00:00,1.8416666666666668,3.0,0.6,22:00:00,01:00:00,7.845833333333334,20.3,3.0,23:00:00,06:00:00,9.916666666666666,23.8,3.5,22:00:00,05:00:00,15.86284722222222,18.36458333333333,2,1,1,1,2,1,12.733333333333334,9.3,16.6,10.879166666666668,79.95833333333333,9.179166666666667,17.599999999999998,17.599999999999998,1004.55,987.3125,51.16666666666666,1.5,0.3183333333333333,19.8,34.3,229.79166666666663,224.70833333333331,33.1,13.6,14.541666666666666,0.3949583333333333,0.361375,108.625,82.25,26.375,207.20416666666665,108.625,179.7458333333333
2022-11-05,17.491666666666667,36.5,6.3,00:00:00,13:00:00,27.33333333333333,55.0,3.0,14:00:00,00:00:00,1.6208333333333331,2.5,0.9,22:00:00,13:00:00,6.004166666666666,17.7,2.5,00:00:00,14:00:00,8.012500000000001,21.4,3.3,00:00:00,13:00:00,7.872916666666666,10.228125,1,1,1,1,1,1,11.916666666666666,7.0,19.2,8.754166666666666,55.208333333333336,2.658333333333333,0.0,0.0,1011.875,994.4666666666668,6.75,2.3000000000000003,0.6945833333333334,14.8,30.0,248.29166666666663,241.5,23.8,12.491666666666667,13.65,0.3539999999999999,0.3404166666666666,113.625,90.0,23.625,249.34166666666667,113.625,177.39166666666665
2022-11-06,29.0,47.2,17.4,21:00:00,11:00:00,12.666666666666666,35.0,3.0,15:00:00,07:00:00,2.8791666666666664,3.7,1.9,18:00:00,02:00:00,14.254166666666668,30.5,5.7,23:00:00,02:00:00,18.2625,33.0,6.7,21:00:00,02:00:00,8.002430555555556,10.606770833333334,1,1,1,1,1,1,8.891666666666667,4.8,14.8,6.670833333333333,69.625,3.358333333333333,0.0,0.0,1018.0375,1000.3416666666668,18.0,1.24,0.3804166666666667,8.9,17.0,143.79166666666666,149.75,15.1,10.929166666666667,12.766666666666666,0.3514166666666666,0.3387916666666666,96.83333333333331,55.79166666666666,41.04166666666666,157.07500000000002,96.83333333333331,175.0583333333333
2022-11-07,41.22916666666666,73.6,23.1,19:00:00,13:00:00,7.541666666666667,27.0,0.0,15:00:00,05:00:00,4.8625,7.1,2.6,17:00:00,05:00:00,24.23333333333333,38.3,17.4,22:00:00,13:00:00,30.79583333333333,52.7,21.5,23:00:00,16:00:00,20.18003472222222,25.777777777777786,3,2,1,1,3,2,8.612499999999999,3.4,15.2,6.720833333333334,78.5,4.779166666666667,0.0,0.0,1020.5833333333334,1002.8208333333332,7.333333333333333,1.22,0.2933333333333333,7.9,10.5,246.5,234.45833333333331,12.2,10.2875,11.716666666666669,0.3391249999999999,0.3303333333333333,106.45833333333331,81.04166666666667,25.416666666666668,223.71666666666667,106.45833333333331,172.73749999999998
2022-11-08,45.6,62.7,31.0,19:00:00,12:00:00,3.8333333333333335,14.0,0.0,14:00:00,00:00:00,4.016666666666667,5.5,3.0,13:00:00,04:00:00,26.05,37.4,15.4,00:00:00,14:00:00,31.04583333333333,39.8,21.6,00:00:00,14:00:00,26.3265625,32.28315972222222,4,2,1,1,4,2,11.054166666666667,6.2,15.1,9.491666666666667,75.0,6.6125,0.0,0.0,1021.3583333333332,1003.7333333333332,81.29166666666667,0.99,0.3545833333333333,9.0,14.7,287.3333333333333,247.83333333333331,15.5,11.825,11.975,0.3230833333333333,0.3180833333333333,70.20833333333333,33.75,36.458333333333336,92.70833333333331,70.20833333333333,170.45416666666668
2022-11-09,44.7625,53.7,35.3,17:00:00,05:00:00,1.7083333333333333,6.0,0.0,16:00:00,00:00:00,3.470833333333333,4.7,2.0,08:00:00,23:00:00,25.60833333333333,39.4,21.0,22:00:00,14:00:00,31.77916666666667,39.7,23.8,22:00:00,05:00:00,25.09878472222222,30.571875,4,2,1,1,4,2,11.4875,10.7,12.5,10.991666666666667,89.04166666666667,9.729166666666666,10.4,10.4,1019.925,1002.3625,100.0,0.41,0.1491666666666666,5.8,11.8,226.83333333333331,246.25,10.4,12.116666666666667,12.766666666666666,0.3357916666666667,0.3081666666666666,24.75,0.9583333333333334,23.791666666666668,2.645833333333333,24.75,168.19583333333335
2022-11-10,41.0875,54.4,23.8,19:00:00,14:00:00,4.291666666666667,16.0,0.0,15:00:00,07:00:00,3.0708333333333333,4.2,2.0,08:00:00,00:00:00,24.42083333333333,38.0,14.5,23:00:00,16:00:00,28.5125,41.7,14.9,23:00:00,15:00:00,25.478819444444444,30.47899305555556,4,2,1,1,4,2,11.8625,9.0,15.6,11.4625,91.875,10.529166666666669,7.0,7.0,1025.3625,1007.725,51.583333333333336,0.93,0.1266666666666666,7.8,9.4,252.125,212.29166666666663,16.2,12.35,13.0875,0.392375,0.3642916666666667,79.625,42.29166666666666,37.333333333333336,117.675,79.625,166.05416666666667
2022-11-11,34.4625,55.7,21.6,18:00:00,12:00:00,6.208333333333333,31.0,0.0,14:00:00,00:00:00,3.404166666666667,4.3,2.3,17:00:00,02:00:00,26.775,38.6,18.5,23:00:00,04:00:00,32.19166666666667,43.4,22.0,19:00:00,05:00:00,24.7734375,29.83923611111111,3,1,1,1,3,2,11.008333333333333,7.9,16.6,9.966666666666669,91.04166666666669,9.4625,0.0,0.0,1033.7125,1015.8875,32.708333333333336,1.02,0.1466666666666666,8.4,15.9,285.75,278.7083333333333,18.0,12.1625,13.0625,0.3635833333333333,0.3542499999999999,83.29166666666667,45.75,37.54166666666666,118.80833333333334,83.29166666666667,163.96666666666667
2022-11-12,34.05833333333333,53.7,19.6,21:00:00,10:00:00,3.7083333333333335,15.0,0.0,15:00:00,02:00:00,3.3625000000000003,4.1,2.6,19:00:00,06:00:00,32.108333333333334,42.8,23.3,23:00:00,07:00:00,37.97916666666666,52.7,29.5,20:00:00,15:00:00,30.13958333333333,35.21111111111112,4,1,1,1,4,2,9.466666666666669,6.9,13.9,8.104166666666666,93.20833333333331,8.370833333333334,0.0,0.0,1030.5541666666666,1012.6708333333332,69.33333333333333,0.73,0.0941666666666666,9.8,17.8,234.16666666666663,235.625,19.4,10.95,12.4125,0.3507916666666666,0.3425416666666667,63.708333333333336,14.375,49.333333333333336,36.766666666666666,63.708333333333336,161.89583333333334
2022-11-13,29.70833333333333,52.1,11.8,20:00:00,13:00:00,15.666666666666666,51.0,1.0,14:00:00,00:00:00,2.6916666666666664,3.6,2.0,01:00:00,23:00:00,19.7375,40.4,11.6,00:00:00,14:00:00,22.15416666666667,40.2,13.6,00:00:00,17:00:00,26.92239583333333,31.867187500000004,4,1,1,1,4,2,10.541666666666666,7.3,14.6,8.629166666666666,78.33333333333333,6.729166666666667,0.7,0.7,1025.7625,1008.0375,40.25,1.12,0.3041666666666666,10.6,24.2,67.83333333333333,82.20833333333333,22.0,11.179166666666667,11.954166666666666,0.3431249999999999,0.3344583333333333,87.625,58.04166666666666,29.58333333333333,162.70416666666665,87.625,159.87083333333334
2022-11-14,30.004166666666663,54.6,15.4,19:00:00,04:00:00,16.833333333333332,33.0,0.0,15:00:00,21:00:00,2.216666666666667,3.4,1.5,21:00:00,05:00:00,19.7,26.5,14.8,22:00:00,04:00:00,23.133333333333336,33.2,15.1,20:00:00,04:00:00,18.4359375,20.572916666666668,2,1,1,1,2,2,9.154166666666669,5.9,11.9,7.375,90.0,7.545833333333333,3.2,3.2,1023.3208333333332,1005.5416666666666,68.91666666666667,0.7,0.1229166666666666,11.5,21.3,178.625,182.54166666666663,19.4,10.508333333333333,11.845833333333331,0.3543333333333333,0.3291666666666666,60.0,19.041666666666668,40.958333333333336,60.32916666666667,60.0,157.89583333333334
2022-11-15,38.5125,51.4,27.0,19:00:00,05:00:00,1.4583333333333333,4.0,0.0,12:00:00,00:00:00,3.0583333333333336,3.8,2.3,08:00:00,03:00:00,22.29583333333333,31.2,16.9,20:00:00,07:00:00,25.195833333333336,38.1,14.5,20:00:00,06:00:00,20.711805555555557,23.85052083333333,3,1,1,1,3,2,7.541666666666667,5.1,8.7,6.095833333333334,94.83333333333331,6.779166666666666,3.7,3.7,1017.2541666666666,999.4875,86.25,0.27,0.0558333333333333,7.4,14.8,269.875,262.75,13.3,8.854166666666666,10.55,0.3586249999999999,0.32625,13.5,0.125,13.375,0.4375,13.5,155.95416666666668
2022-11-16,37.375,48.3,16.4,07:00:00,14:00:00,8.541666666666666,20.0,1.0,15:00:00,00:00:00,3.0583333333333336,4.1,2.2,23:00:00,14:00:00,19.8125,28.3,12.3,23:00:00,15:00:00,23.23333333333333,32.6,12.7,01:00:00,15:00:00,22.450347222222224,26.20798611111111,3,1,1,1,3,2,9.004166666666666,5.9,12.6,7.5375,91.375,7.604166666666667,3.8,3.8,1005.7,988.2333333333332,65.375,0.74,0.1095833333333333,9.8,18.1,255.75,263.9583333333333,20.2,9.904166666666669,10.6125,0.3738333333333333,0.33625,63.875,25.125,38.75,77.79583333333333,63.875,154.06666666666666
2022-11-17,37.954166666666666,53.7,23.1,18:00:00,13:00:00,1.7083333333333333,6.0,0.0,12:00:00,02:00:00,3.9375,4.9,2.7,12:00:00,04:00:00,31.1875,43.1,23.3,23:00:00,16:00:00,39.95,52.9,29.8,21:00:00,01:00:00,24.58802083333333,29.63315972222222,3,1,1,1,3,2,8.6625,4.8,12.5,7.383333333333333,92.0,7.383333333333333,0.2,0.2,1002.575,985.1375,84.625,0.53,0.105,7.1,11.9,214.75,213.5,15.5,9.808333333333334,10.741666666666667,0.3523333333333333,0.3352083333333333,42.79166666666666,12.75,30.041666666666668,38.94166666666666,42.79166666666666,152.21666666666667
2022-11-18,30.679166666666664,38.6,19.5,00:00:00,14:00:00,9.791666666666666,30.0,0.0,15:00:00,00:00:00,2.8708333333333336,4.1,1.8,10:00:00,22:00:00,25.008333333333336,43.1,7.2,07:00:00,23:00:00,28.73333333333333,48.7,7.7,08:00:00,23:00:00,32.242534722222224,39.34739583333333,4,1,1,1,4,2,11.0,8.3,15.6,8.566666666666666,76.79166666666667,6.266666666666667,1.4,1.4,1001.1166666666668,983.8333333333334,42.29166666666666,1.48,0.3270833333333333,19.0,37.3,253.95833333333331,260.5,32.4,11.129166666666668,11.570833333333333,0.3495833333333333,0.3337916666666667,81.33333333333333,51.16666666666666,30.166666666666668,160.4375,81.33333333333333,150.4375
2022-11-19,33.625,52.9,20.8,18:00:00,02:00:00,10.791666666666666,31.0,1.0,14:00:00,19:00:00,2.225,2.7,1.5,11:00:00,00:00:00,17.345833333333335,26.3,4.0,22:00:00,01:00:00,19.416666666666668,30.7,5.4,21:00:00,02:00:00,15.482118055555556,18.26163194444445,2,1,1,1,2,1,8.762500000000001,4.9,13.9,6.670833333333333,81.70833333333333,5.6000000000000005,0.0,0.0,1006.4583333333334,988.9541666666668,45.208333333333336,0.86,0.21375,12.8,26.5,166.83333333333334,176.70833333333334,20.2,10.116666666666667,11.279166666666669,0.3445,0.3321666666666666,57.5,24.45833333333333,33.041666666666664,69.025,57.5,148.69166666666666
2022-11-20,30.475,45.2,18.4,22:00:00,13:00:00,12.125,39.0,0.0,15:00:00,00:00:00,2.4541666666666666,3.1,1.6,22:00:00,01:00:00,15.6,26.3,8.4,22:00:00,03:00:00,19.079166666666666,32.0,13.5,23:00:00,03:00:00,17.511631944444442,20.619097222222223,2,1,1,1,2,2,6.275,2.8,12.6,3.8083333333333336,80.95833333333333,3.029166666666667,0.0,0.0,1010.7916666666666,993.0583333333334,11.625,1.01,0.2091666666666667,10.0,23.9,242.875,233.08333333333331,16.6,8.216666666666667,10.016666666666667,0.3314166666666667,0.3239166666666667,91.5,70.79166666666667,20.70833333333333,223.7625,91.5,146.9875
2022-11-21,39.25833333333333,59.1,26.7,18:00:00,23:00:00,7.125,23.0,0.0,14:00:00,01:00:00,3.395833333333333,4.9,1.5,13:00:00,23:00:00,23.491666666666664,33.8,14.9,19:00:00,14:00:00,30.58333333333333,43.8,19.6,19:00:00,23:00:00,20.344444444444445,25.85364583333333,3,1,1,1,3,2,5.8375,-0.0,12.0,3.020833333333333,81.04166666666667,2.466666666666667,2.1,2.1,1007.8625,990.15,50.66666666666666,0.95,0.2204166666666666,18.7,31.0,181.33333333333331,192.16666666666663,34.2,7.104166666666667,8.604166666666666,0.323,0.3156666666666667,78.91666666666667,47.625,31.291666666666668,146.96666666666667,78.91666666666667,145.3125
2022-11-22,26.95833333333333,35.7,14.8,09:00:00,06:00:00,18.33333333333333,36.0,5.0,06:00:00,21:00:00,1.8125,2.4,1.4,12:00:00,04:00:00,10.4125,22.8,4.3,00:00:00,07:00:00,12.65,26.2,4.1,00:00:00,07:00:00,17.565277777777776,21.44375,2,1,1,1,2,2,8.1625,6.8,11.0,4.6375,73.70833333333333,3.091666666666667,27.8,27.8,996.6666666666666,979.3041666666668,87.45833333333333,1.0,0.3008333333333333,20.1,38.2,274.2083333333333,287.0833333333333,32.8,7.720833333333334,8.908333333333333,0.4027916666666666,0.3652083333333333,21.041666666666668,0.375,20.666666666666668,0.9916666666666666,21.041666666666668,143.6625
2022-11-23,36.16666666666666,62.8,14.0,19:00:00,04:00:00,12.041666666666666,37.0,0.0,03:00:00,07:00:00,3.2,4.8,1.6,10:00:00,03:00:00,16.416666666666668,30.3,4.1,20:00:00,06:00:00,23.59583333333333,39.9,6.8,19:00:00,06:00:00,10.58611111111111,14.925347222222223,2,1,1,1,2,1,6.4750000000000005,1.5,12.1,3.358333333333333,69.20833333333333,0.8958333333333334,0.0,0.0,1003.4083333333332,985.8083333333334,1.9166666666666667,1.31,0.3183333333333333,19.9,38.7,205.41666666666663,208.25,33.1,7.470833333333334,8.608333333333333,0.3661666666666667,0.3607499999999999,89.58333333333333,70.66666666666667,18.916666666666668,229.725,89.58333333333333,142.0625
2022-11-24,38.2375,66.3,18.9,23:00:00,05:00:00,8.625,26.0,0.0,15:00:00,01:00:00,2.6791666666666667,4.0,1.8,22:00:00,06:00:00,17.366666666666667,42.0,8.3,23:00:00,04:00:00,24.679166666666664,47.7,10.1,23:00:00,05:00:00,17.699479166666666,25.125520833333336,2,1,1,1,2,2,6.883333333333333,2.3,14.3,3.9583333333333335,73.41666666666667,2.254166666666667,0.0,0.0,1013.4833333333332,995.7416666666668,13.708333333333334,1.13,0.2995833333333333,13.7,27.9,210.0,282.7083333333333,22.0,7.158333333333334,8.262500000000001,0.3458333333333334,0.3427083333333333,87.29166666666667,67.66666666666667,19.625,219.74166666666667,87.29166666666667,140.48749999999998
2022-11-25,43.70416666666667,65.7,21.8,00:00:00,13:00:00,4.916666666666667,24.0,0.0,15:00:00,00:00:00,3.1333333333333333,4.2,2.7,08:00:00,06:00:00,35.3125,51.1,15.8,22:00:00,06:00:00,41.19583333333333,56.8,22.0,23:00:00,06:00:00,25.814756944444444,33.239756944444444,4,2,1,1,4,2,6.454166666666667,3.7,11.5,4.1375,84.20833333333333,3.875,0.0,0.0,1019.5791666666668,1001.7041666666668,47.458333333333336,0.75,0.16625,10.3,17.7,111.625,95.16666666666669,17.6,7.541666666666667,8.433333333333334,0.3349583333333333,0.331375,66.0,42.25,23.75,137.22916666666666,66.0,138.95416666666665
2022-11-26,40.40833333333333,63.7,26.3,19:00:00,13:00:00,2.5,11.0,0.0,15:00:00,00:00:00,3.233333333333333,4.0,2.2,11:00:00,07:00:00,32.1625,47.1,18.6,19:00:00,10:00:00,37.77916666666667,53.1,25.0,01:00:00,10:00:00,35.45642361111111,41.51388888888889,4,2,1,1,4,3,5.8125,2.3,11.5,3.7708333333333335,89.20833333333333,4.104166666666667,0.0,0.0,1026.2125,1008.1833333333334,6.125,0.78,0.1154166666666666,8.9,19.5,149.33333333333334,175.83333333333334,15.1,6.783333333333334,8.112499999999999,0.3273333333333333,0.323875,81.79166666666667,61.25,20.541666666666668,199.07083333333333,81.79166666666667,137.45833333333334
2022-11-27,38.391666666666666,57.8,22.5,19:00:00,12:00:00,8.541666666666666,34.0,0.0,15:00:00,01:00:00,2.8125,3.4,2.1,13:00:00,06:00:00,25.46666666666667,39.6,10.6,22:00:00,04:00:00,31.575,43.0,17.5,22:00:00,04:00:00,27.31423611111111,32.94357638888889,4,1,1,1,4,2,5.0125,1.0,10.7,2.6916666666666664,84.91666666666667,2.591666666666667,0.0,0.0,1027.9791666666667,1009.8666666666668,18.83333333333333,0.76,0.1495833333333333,7.5,14.5,146.66666666666666,126.625,13.3,6.091666666666666,7.4875,0.3230833333333333,0.318875,76.91666666666667,53.875,23.041666666666668,179.57500000000002,76.91666666666667,136.0
2022-11-28,42.5625,57.0,28.7,21:00:00,13:00:00,3.5416666666666665,15.0,0.0,15:00:00,05:00:00,2.825,4.0,1.4,12:00:00,17:00:00,31.925,41.2,20.8,21:00:00,06:00:00,40.766666666666666,53.9,25.8,19:00:00,05:00:00,29.925520833333334,36.61736111111112,4,2,1,1,4,2,5.170833333333333,2.2,7.9,3.091666666666667,88.25,3.341666666666667,0.0,0.0,1020.0375,1002.0708333333332,77.29166666666667,0.44,0.11125,6.4,11.2,95.95833333333331,98.29166666666669,11.2,6.341666666666666,7.579166666666667,0.3159583333333333,0.312875,38.5,1.9583333333333333,36.54166666666666,5.979166666666667,38.5,134.60416666666666
2022-11-29,44.54583333333333,58.2,26.9,19:00:00,13:00:00,5.541666666666667,22.0,0.0,15:00:00,20:00:00,3.470833333333333,5.1,2.4,08:00:00,13:00:00,33.6625,42.1,23.7,06:00:00,14:00:00,37.90833333333333,51.6,25.6,23:00:00,16:00:00,34.03541666666667,40.210590277777776,4,2,1,1,4,3,4.895833333333333,2.7,7.8,2.6750000000000003,89.16666666666667,3.1791666666666667,1.0,1.0,1017.8708333333334,999.9166666666666,94.20833333333331,0.4,0.10375,8.7,13.0,132.20833333333334,135.45833333333334,17.3,5.683333333333334,7.133333333333333,0.3055833333333333,0.3030416666666666,29.875,0.7916666666666666,29.08333333333333,2.370833333333333,29.875,133.24166666666667
2022-11-30,37.5875,54.1,21.3,21:00:00,13:00:00,2.1666666666666665,8.0,0.0,12:00:00,00:00:00,3.35,4.0,2.6,08:00:00,03:00:00,36.1,47.0,19.7,09:00:00,15:00:00,40.15,51.6,24.6,00:00:00,14:00:00,35.54184027777777,40.23454861111112,4,1,1,1,4,3,3.6375,1.0,6.2,0.8666666666666667,90.54166666666669,2.191666666666667,0.0,0.0,1019.4916666666668,1001.4416666666666,72.5,0.36,0.0820833333333333,9.7,21.3,175.04166666666666,158.0,19.8,4.241666666666666,6.0875,0.3105,0.300875,29.875,2.0,27.875,7.829166666666667,29.875,131.92916666666665
2022-12-01,35.37083333333333,52.8,23.3,22:00:00,13:00:00,2.625,10.0,0.0,13:00:00,00:00:00,4.083333333333333,5.5,2.1,12:00:00,04:00:00,31.15833333333333,50.9,21.0,23:00:00,06:00:00,39.425,59.6,22.1,23:00:00,06:00:00,30.979166666666668,36.94965277777778,4,1,1,1,4,2,2.933333333333333,-0.5,6.8,0.3416666666666666,90.95833333333331,1.55,0.0,0.0,1019.3041666666668,1001.2,30.666666666666668,0.63,0.07625,10.7,23.9,285.7083333333333,259.2083333333333,16.9,3.670833333333333,5.516666666666667,0.31275,0.3024583333333333,75.08333333333333,52.75,22.33333333333333,177.61249999999998,75.08333333333333,130.66666666666666
2022-12-02,39.16666666666666,52.2,22.2,00:00:00,12:00:00,4.541666666666667,17.0,0.0,14:00:00,00:00:00,3.4,5.1,2.4,00:00:00,16:00:00,32.86666666666667,52.6,14.2,00:00:00,14:00:00,34.8125,60.0,14.3,00:00:00,14:00:00,35.748958333333334,41.077777777777776,4,1,1,1,4,3,4.6625000000000005,1.3,7.0,2.1958333333333333,89.83333333333333,3.0708333333333333,2.0,2.0,1019.4,1001.4083333333332,83.04166666666667,0.4,0.0933333333333333,8.2,16.6,111.70833333333331,92.33333333333331,16.9,5.295833333333333,5.941666666666666,0.3136666666666667,0.3018333333333333,27.08333333333333,3.9166666666666665,23.166666666666668,13.708333333333334,27.08333333333333,129.46666666666667
2022-12-03,37.25,55.8,22.7,21:00:00,05:00:00,2.625,8.0,0.0,16:00:00,00:00:00,2.15,3.3,1.6,00:00:00,15:00:00,21.0875,29.8,14.6,00:00:00,17:00:00,22.075,31.8,15.3,00:00:00,15:00:00,25.347395833333334,27.024131944444445,4,1,1,1,4,2,5.966666666666666,5.0,7.1,3.8541666666666665,91.875,4.754166666666666,17.0,17.0,1017.4375,999.5833333333334,100.0,0.24,0.0754166666666666,9.0,14.8,238.66666666666663,213.95833333333331,14.8,6.1000000000000005,6.75,0.3627499999999999,0.3095833333333333,10.291666666666666,0.0,10.291666666666666,0.0,10.291666666666666,128.3125
2022-12-04,34.145833333333336,52.2,18.0,17:00:00,05:00:00,11.0,24.0,1.0,07:00:00,20:00:00,1.7666666666666666,2.8,1.1,19:00:00,05:00:00,19.758333333333333,32.7,10.7,20:00:00,05:00:00,20.929166666666667,35.7,11.0,20:00:00,06:00:00,17.96875,18.94496527777778,2,1,1,1,2,1,7.479166666666667,6.3,9.0,5.55,91.75,6.216666666666666,17.5,17.5,1014.575,996.85,98.5,0.3,0.0858333333333333,11.3,20.7,233.66666666666663,208.70833333333331,19.1,7.066666666666666,7.308333333333334,0.4114166666666667,0.3785833333333333,16.833333333333332,1.2083333333333333,15.625,3.516666666666666,16.833333333333332,127.22083333333332
2022-12-05,31.925,46.7,17.8,20:00:00,05:00:00,7.083333333333333,14.0,0.0,03:00:00,20:00:00,2.4166666666666665,4.5,1.2,22:00:00,05:00:00,22.454166666666666,39.6,12.3,21:00:00,06:00:00,25.95,43.2,11.3,21:00:00,06:00:00,21.23611111111111,23.016840277777774,3,1,1,1,3,2,7.35,5.2,9.3,5.325,94.45833333333331,6.5,8.2,8.2,1018.0541666666668,1000.2666666666668,70.58333333333333,0.32,0.05875,14.8,25.6,175.33333333333334,179.83333333333334,25.6,7.766666666666667,8.091666666666667,0.4090833333333333,0.3927916666666666,23.166666666666668,3.6666666666666665,19.5,12.529166666666669,23.166666666666668,126.19166666666666
2022-12-06,37.04166666666666,57.9,21.8,19:00:00,04:00:00,4.041666666666667,15.0,0.0,15:00:00,04:00:00,4.275,8.6,2.1,22:00:00,04:00:00,29.008333333333336,51.0,13.5,23:00:00,06:00:00,32.983333333333334,52.8,16.5,23:00:00,06:00:00,25.16302083333333,29.70138888888889,4,1,1,1,4,2,2.904166666666667,0.1,7.3,0.3874999999999999,92.66666666666669,1.7875,0.0,0.0,1016.875,998.825,32.416666666666664,0.53,0.0641666666666666,9.7,22.0,214.54166666666663,227.5,16.2,4.8875,6.9,0.3844166666666667,0.378125,63.083333333333336,35.5,27.58333333333333,128.02083333333334,63.083333333333336,125.2125
2022-12-07,46.7,64.7,34.5,18:00:00,06:00:00,2.708333333333333,12.0,0.0,14:00:00,01:00:00,4.8875,6.6,3.5,00:00:00,17:00:00,48.62083333333334,62.6,39.8,23:00:00,13:00:00,53.833333333333336,65.8,45.7,23:00:00,06:00:00,40.63576388888889,45.31597222222223,4,2,1,1,4,3,1.6041666666666667,-0.1,5.2,-0.95,96.91666666666669,1.1375,0.0,0.0,1014.4666666666668,996.3625,76.875,0.34,0.0241666666666666,6.8,10.4,263.0,235.58333333333331,13.7,3.975,5.4875,0.3725,0.3660416666666666,38.958333333333336,7.375,31.58333333333333,32.454166666666666,38.958333333333336,124.3375
2022-12-08,46.75833333333333,63.6,31.2,23:00:00,14:00:00,2.375,10.0,0.0,13:00:00,00:00:00,5.016666666666667,6.5,4.3,19:00:00,06:00:00,54.72916666666666,70.5,38.0,22:00:00,13:00:00,61.30416666666667,77.4,46.4,22:00:00,13:00:00,53.21336805555556,58.56614583333334,5,2,1,1,5,4,2.8375,0.3,6.4,0.3375000000000001,91.33333333333331,1.525,0.0,0.0,1011.9708333333332,994.0,79.875,0.35,0.0708333333333333,6.6,9.7,274.8333333333333,253.25,13.3,4.529166666666667,5.633333333333333,0.3610416666666666,0.3558333333333333,33.208333333333336,5.708333333333333,27.5,23.941666666666663,33.208333333333336,123.57083333333334
2022-12-09,42.375,62.7,28.0,00:00:00,07:00:00,9.041666666666666,18.0,0.0,11:00:00,00:00:00,2.8208333333333333,4.4,1.3,00:00:00,10:00:00,28.504166666666663,63.4,13.7,01:00:00,12:00:00,30.079166666666666,66.2,15.7,00:00:00,12:00:00,42.75329861111111,47.14791666666667,4,2,1,1,4,3,3.1666666666666665,0.3,4.4,0.2375,94.375,2.3291666666666666,15.7,15.5,1005.1083333333332,987.2791666666668,80.16666666666667,0.19,0.045,12.6,20.9,229.875,183.04166666666663,24.1,4.1625000000000005,5.595833333333334,0.4031666666666667,0.3720416666666666,9.583333333333334,0.5,9.083333333333334,3.845833333333333,9.583333333333334,122.8625
2022-12-10,31.7125,38.6,18.2,18:00:00,23:00:00,11.5,22.0,3.0,03:00:00,20:00:00,3.4458333333333333,5.3,1.3,16:00:00,23:00:00,27.995833333333334,38.7,8.0,10:00:00,23:00:00,31.241666666666664,45.5,8.0,11:00:00,23:00:00,26.968055555555555,29.449305555555554,4,1,1,1,4,2,2.220833333333333,0.0,5.3,-0.8833333333333333,91.70833333333331,0.9125,0.0,0.0,1000.2166666666668,982.4,58.125,0.37,0.0641666666666666,17.6,35.4,274.9583333333333,279.5833333333333,27.7,3.7708333333333335,5.029166666666667,0.3734583333333333,0.3690416666666666,32.333333333333336,7.291666666666667,25.041666666666668,28.9625,32.333333333333336,122.20833333333331
2022-12-11,25.4625,56.4,12.7,23:00:00,14:00:00,12.5,29.0,0.0,15:00:00,21:00:00,2.279166666666667,3.3,1.1,16:00:00,00:00:00,12.7875,38.5,4.6,23:00:00,04:00:00,13.695833333333333,38.7,4.1,23:00:00,04:00:00,17.048263888888886,18.784895833333334,2,1,1,1,2,1,3.975,-0.6,8.5,-0.4541666666666666,55.208333333333336,-5.208333333333333,0.0,0.0,1002.375,984.6416666666668,12.208333333333334,1.52,0.3941666666666667,21.9,40.6,219.875,216.33333333333331,36.4,4.1125,5.158333333333333,0.3647499999999999,0.3585,72.0,51.16666666666666,20.83333333333333,187.8083333333333,72.0,121.60833333333332
2022-12-12,37.47916666666666,56.0,22.8,00:00:00,13:00:00,10.333333333333334,28.0,1.0,14:00:00,01:00:00,3.2375000000000003,5.1,2.3,08:00:00,00:00:00,30.84166666666667,48.0,17.5,22:00:00,05:00:00,33.09583333333333,50.8,18.6,23:00:00,05:00:00,23.551041666666663,25.31736111111111,3,1,1,1,3,2,1.3583333333333334,-1.8,3.8,-1.4125,88.95833333333333,-0.3125,0.0,0.0,1010.1875,992.15,63.0,0.39,0.0791666666666666,8.2,16.7,168.95833333333334,154.20833333333334,14.8,3.35,4.770833333333333,0.3499583333333333,0.3467499999999999,45.625,19.20833333333333,26.416666666666668,72.18333333333334,45.625,121.05833333333334
2022-12-13,48.22916666666666,62.8,38.2,23:00:00,14:00:00,2.9166666666666665,7.0,0.0,05:00:00,00:00:00,3.5666666666666664,5.3,2.4,21:00:00,04:00:00,35.541666666666664,44.5,26.6,23:00:00,14:00:00,38.73333333333333,47.6,32.9,23:00:00,17:00:00,34.2875,36.80833333333333,4,2,1,1,4,2,1.2708333333333333,0.2,2.3,-1.7,88.5,-0.4416666666666666,2.3,0.3,1011.7666666666668,993.7,100.0,0.24,0.0775,10.4,14.8,197.125,227.75,19.1,2.6041666666666665,4.070833333333334,0.3479166666666666,0.341625,15.125,0.0833333333333333,15.041666666666666,0.4416666666666667,15.125,120.5625
2022-12-14,52.07916666666667,65.8,37.2,02:00:00,12:00:00,3.9583333333333335,10.0,1.0,14:00:00,00:00:00,5.420833333333333,7.0,4.5,10:00:00,23:00:00,44.425,53.2,38.0,22:00:00,15:00:00,49.1125,59.2,43.1,22:00:00,16:00:00,39.29878472222222,43.49270833333333,4,2,1,1,4,3,1.2,-2.4,4.3,-1.7083333333333333,87.79166666666667,-0.6541666666666667,0.0,0.0,1007.6833333333334,989.6875,51.41666666666666,0.44,0.0866666666666666,8.4,12.7,266.1666666666667,279.3333333333333,14.0,2.966666666666667,4.2625,0.347,0.33825,47.583333333333336,11.958333333333334,35.625,43.475,47.583333333333336,120.11666666666667
2022-12-15,47.55,58.8,39.0,09:00:00,15:00:00,2.25,8.0,0.0,22:00:00,05:00:00,3.795833333333333,7.3,1.6,10:00:00,17:00:00,36.8875,53.1,15.5,00:00:00,22:00:00,41.975,59.4,18.0,10:00:00,22:00:00,43.98298611111111,49.22760416666667,4,2,1,1,4,3,0.2458333333333333,-2.8,2.3,-3.1375,91.29166666666669,-1.0291666666666666,21.4,12.6,1006.9458333333332,988.9,80.125,0.2,0.0545833333333333,16.2,28.8,230.66666666666663,214.875,35.6,2.033333333333333,3.7125,0.3645833333333333,0.3389166666666667,9.833333333333334,0.0,9.833333333333334,0.0,9.833333333333334,119.725
2022-12-16,37.99583333333333,49.5,25.9,22:00:00,13:00:00,6.458333333333333,14.0,1.0,11:00:00,02:00:00,3.7,5.3,1.9,21:00:00,00:00:00,25.329166666666666,48.9,13.3,22:00:00,05:00:00,29.616666666666664,58.0,14.3,23:00:00,05:00:00,25.253993055555554,29.167534722222225,4,1,1,1,4,2,2.4041666666666663,0.9,5.2,-0.575,95.79166666666669,1.7791666666666668,0.0,0.0,1005.8291666666668,987.95,86.83333333333333,0.37,0.03375,13.8,22.7,265.0416666666667,267.875,23.0,3.154166666666667,4.025,0.38875,0.376,43.79166666666666,10.125,33.666666666666664,38.00416666666667,43.79166666666666,119.40416666666664
2022-12-17,35.87083333333333,42.4,28.8,00:00:00,13:00:00,1.9166666666666667,9.0,0.0,16:00:00,00:00:00,2.8541666666666665,4.4,1.8,00:00:00,14:00:00,37.25833333333333,50.3,24.8,02:00:00,07:00:00,39.69166666666667,60.9,26.5,00:00:00,07:00:00,34.12725694444445,38.69444444444445,4,1,1,1,4,2,3.4625,1.4,5.7,0.7999999999999999,97.08333333333331,3.0125,0.0,0.0,1018.1333333333332,1000.1,93.04166666666669,0.3,0.0258333333333333,10.8,17.8,181.75,172.16666666666666,22.0,4.254166666666666,4.645833333333333,0.3715833333333333,0.3668333333333333,36.29166666666666,7.041666666666667,29.25,26.04583333333333,36.29166666666666,119.1125
2022-12-18,35.49583333333333,46.8,25.6,21:00:00,14:00:00,3.0,14.0,0.0,14:00:00,01:00:00,2.9791666666666665,5.1,1.9,22:00:00,00:00:00,30.391666666666666,46.5,20.4,23:00:00,14:00:00,31.229166666666668,51.7,22.3,23:00:00,05:00:00,33.09322916666667,33.822048611111114,4,1,1,1,4,2,3.170833333333333,-0.4,7.3,0.6875,93.33333333333331,2.1416666666666666,0.0,0.0,1032.725,1014.4041666666668,60.708333333333336,0.48,0.06,7.8,16.2,155.625,181.16666666666663,15.1,4.5,5.3125,0.3655,0.357375,51.583333333333336,22.666666666666668,28.916666666666668,80.22916666666667,51.583333333333336,118.88333333333333
2022-12-19,37.23333333333333,44.4,30.5,19:00:00,04:00:00,2.25,8.0,0.0,15:00:00,00:00:00,4.366666666666666,6.1,3.5,22:00:00,04:00:00,45.09583333333333,54.5,37.6,23:00:00,15:00:00,49.67083333333333,57.3,44.0,09:00:00,05:00:00,38.92413194444445,41.42743055555555,4,1,1,1,4,3,3.6125,-0.6,5.4,1.2625,92.41666666666669,2.475,0.0,0.0,1034.6125,1016.2875,99.79166666666669,0.34,0.06375,7.1,9.6,268.75,276.8333333333333,14.0,4.645833333333333,5.1,0.3641666666666667,0.3545833333333333,31.875,7.291666666666667,24.58333333333333,23.041666666666668,31.875,118.71666666666664
2022-12-20,41.25833333333333,49.2,32.9,19:00:00,04:00:00,3.208333333333333,9.0,0.0,12:00:00,00:00:00,5.075,6.0,4.0,11:00:00,16:00:00,38.87916666666667,55.4,29.8,00:00:00,07:00:00,45.44166666666666,56.9,34.1,00:00:00,07:00:00,41.68802083333333,47.01145833333334,4,2,1,1,4,3,4.258333333333334,3.2,5.7,1.6875,85.375,1.9958333333333331,0.1,0.1,1029.3833333333334,1011.2,99.29166666666669,0.33,0.1233333333333333,8.7,11.7,266.5416666666667,275.4166666666667,17.3,5.395833333333333,5.758333333333333,0.3554166666666666,0.3503749999999999,23.45833333333333,1.9166666666666667,21.541666666666668,8.054166666666667,23.45833333333333,118.59583333333332
2022-12-21,39.704166666666666,52.4,29.4,22:00:00,03:00:00,5.75,10.0,0.0,16:00:00,23:00:00,4.2625,5.4,3.1,00:00:00,07:00:00,39.1125,61.8,29.6,23:00:00,15:00:00,42.84166666666667,66.0,32.1,23:00:00,15:00:00,38.00451388888889,43.5796875,4,1,1,1,4,3,4.916666666666667,3.5,7.1,2.733333333333333,92.375,3.7375,1.3,1.3,1022.125,1004.1,85.54166666666667,0.43,0.07125,7.6,13.3,266.2916666666667,242.0,15.8,5.616666666666667,6.104166666666667,0.3621666666666667,0.3482916666666666,40.04166666666666,19.791666666666668,20.25,68.575,40.04166666666666,118.54166666666669
2022-12-22,45.38333333333333,52.0,38.5,09:00:00,15:00:00,2.0,7.0,0.0,15:00:00,00:00:00,5.4,6.5,4.3,08:00:00,00:00:00,55.89166666666667,66.7,40.4,09:00:00,16:00:00,62.3375,76.3,44.3,11:00:00,16:00:00,50.29097222222222,56.01197916666666,5,2,1,1,5,4,5.133333333333334,3.5,8.6,2.825,92.0,3.891666666666667,0.0,0.0,1018.0458333333332,1000.1041666666666,75.45833333333333,0.36,0.0779166666666666,9.4,17.5,281.5,271.4583333333333,17.3,6.3375,6.595833333333334,0.358875,0.3501666666666667,28.916666666666668,4.916666666666667,24.0,21.17083333333333,28.916666666666668,118.56666666666666
2022-12-23,44.07916666666667,52.9,34.3,18:00:00,15:00:00,2.875,13.0,0.0,15:00:00,00:00:00,5.495833333333334,7.0,4.7,11:00:00,05:00:00,52.09583333333333,68.8,27.3,23:00:00,16:00:00,58.7,81.0,31.6,10:00:00,15:00:00,53.71527777777778,59.359722222222224,5,2,1,1,5,4,6.658333333333334,3.0,10.7,4.8875,94.125,5.7375,0.0,0.0,1015.9208333333332,998.1375,84.0,0.45,0.0658333333333333,9.4,12.3,196.95833333333331,221.04166666666663,19.1,7.116666666666667,7.004166666666666,0.3582083333333333,0.3532083333333333,42.333333333333336,14.291666666666666,28.041666666666668,50.95000000000001,42.333333333333336,118.64583333333331
2022-12-24,39.9125,44.2,35.9,19:00:00,09:00:00,1.9583333333333333,4.0,0.0,02:00:00,05:00:00,4.141666666666667,4.9,3.0,09:00:00,21:00:00,55.18333333333334,69.6,38.7,23:00:00,16:00:00,58.37916666666666,68.6,44.7,00:00:00,18:00:00,53.38454861111112,58.49027777777778,5,1,1,1,5,4,7.8125,4.7,9.8,6.4,95.04166666666669,7.070833333333333,0.0,0.0,1018.0083333333332,1000.2416666666668,99.125,0.29,0.055,7.4,12.1,142.375,157.0,14.8,8.008333333333333,7.625,0.3609583333333333,0.3554583333333332,19.166666666666668,0.2083333333333333,18.95833333333333,1.0541666666666665,19.166666666666668,118.78333333333336
2022-12-25,35.233333333333334,41.6,29.4,19:00:00,22:00:00,1.8333333333333333,6.0,0.0,13:00:00,00:00:00,3.825,5.9,2.4,23:00:00,02:00:00,50.85416666666666,68.7,38.2,00:00:00,16:00:00,52.29583333333333,68.5,40.3,02:00:00,21:00:00,54.14010416666667,57.00190972222222,5,1,1,1,5,4,8.35,7.1,9.4,7.116666666666666,94.41666666666669,7.4875,0.0,0.0,1024.2958333333331,1006.4583333333334,94.79166666666669,0.33,0.0629166666666666,7.0,10.8,178.375,181.33333333333331,11.5,8.533333333333333,8.345833333333333,0.3547916666666666,0.3511666666666666,24.166666666666668,3.6666666666666665,20.5,10.954166666666666,24.166666666666668,118.97916666666669
2022-12-26,31.229166666666668,41.5,22.3,18:00:00,01:00:00,1.5,4.0,0.0,12:00:00,00:00:00,4.329166666666667,6.0,3.2,23:00:00,08:00:00,37.5,47.0,29.5,00:00:00,16:00:00,39.075,48.6,32.5,01:00:00,07:00:00,42.26354166666666,42.935763888888886,4,1,1,1,4,3,8.4625,7.8,9.1,7.033333333333334,94.41666666666669,7.616666666666667,2.1,2.1,1025.5291666666667,1007.675,97.375,0.25,0.0616666666666666,7.9,14.5,267.2916666666667,276.1666666666667,14.8,8.541666666666666,8.65,0.3615416666666666,0.348,15.25,0.0416666666666666,15.208333333333334,0.1208333333333333,15.25,119.225
2022-12-27,32.958333333333336,56.1,21.0,19:00:00,12:00:00,3.7916666666666665,15.0,0.0,15:00:00,00:00:00,4.045833333333333,5.5,2.8,18:00:00,23:00:00,37.016666666666666,58.2,27.0,23:00:00,09:00:00,42.87083333333334,66.0,29.7,23:00:00,05:00:00,35.57638888888889,39.24392361111112,4,1,1,1,4,2,7.3125,4.6,11.4,5.2625,92.125,6.0875,0.6,0.6,1025.8166666666666,1007.8833333333332,22.45833333333333,0.66,0.08875,11.6,23.1,213.625,221.29166666666663,19.1,8.220833333333333,8.512500000000001,0.3563749999999999,0.3458333333333332,70.41666666666667,53.66666666666666,16.75,194.4625,70.41666666666667,119.525
2022-12-28,38.75833333333333,51.3,24.9,21:00:00,12:00:00,1.7083333333333333,9.0,0.0,14:00:00,00:00:00,3.141666666666667,4.0,2.6,10:00:00,00:00:00,43.94166666666666,57.4,30.3,23:00:00,06:00:00,48.94166666666666,64.5,33.0,00:00:00,06:00:00,41.01041666666666,47.105381944444446,4,1,1,1,4,3,7.291666666666667,4.6,10.7,5.704166666666667,93.29166666666669,6.2625,1.7,1.7,1026.4583333333333,1008.5125,86.79166666666667,0.43,0.07375,7.3,16.0,166.83333333333334,138.25,15.1,7.516666666666667,7.8625,0.3555833333333333,0.3450416666666666,37.458333333333336,17.625,19.83333333333333,62.475,37.458333333333336,119.88333333333333
2022-12-29,44.09583333333333,50.6,35.3,02:00:00,15:00:00,1.125,6.0,0.0,12:00:00,00:00:00,4.75,6.3,3.3,10:00:00,00:00:00,47.48333333333333,58.5,31.7,00:00:00,16:00:00,55.0125,65.4,43.3,00:00:00,14:00:00,47.68767361111111,53.223611111111104,4,2,1,1,4,4,7.2875,6.7,8.7,5.904166666666666,93.95833333333331,6.379166666666666,0.4,0.4,1022.7083333333334,1004.8291666666668,97.79166666666669,0.33,0.0616666666666666,7.2,10.2,234.16666666666663,229.45833333333331,14.8,7.708333333333333,8.104166666666666,0.3559166666666666,0.34525,22.666666666666668,4.083333333333333,18.58333333333333,12.779166666666669,22.666666666666668,120.29583333333332
2022-12-30,40.075,46.1,30.7,09:00:00,14:00:00,2.625,6.0,0.0,13:00:00,00:00:00,5.120833333333334,7.0,3.6,11:00:00,06:00:00,49.81666666666666,62.5,40.3,11:00:00,19:00:00,57.16666666666666,67.9,45.5,07:00:00,20:00:00,48.78819444444445,56.81805555555556,4,2,1,1,4,4,7.591666666666666,6.6,8.8,6.15,93.20833333333331,6.525,0.7000000000000001,0.7000000000000001,1022.2791666666668,1004.4083333333332,96.83333333333331,0.37,0.0733333333333333,7.1,14.6,209.66666666666663,210.83333333333331,11.9,7.875,8.191666666666666,0.360625,0.3455416666666666,27.83333333333333,6.291666666666667,21.541666666666668,20.97083333333333,27.83333333333333,120.76666666666668
2022-12-31,34.44166666666667,43.2,24.4,00:00:00,12:00:00,5.0,19.0,0.0,13:00:00,03:00:00,4.441666666666666,6.2,2.9,14:00:00,06:00:00,39.03333333333333,51.2,30.7,22:00:00,06:00:00,38.895833333333336,51.9,30.3,23:00:00,05:00:00,42.47586805555556,46.26371527777778,4,1,1,1,4,3,6.066666666666666,2.2,8.4,3.9583333333333335,90.375,4.5875,2.1,2.1,1029.6333333333334,1011.5666666666666,70.875,0.45,0.0941666666666666,9.4,18.4,268.5416666666667,274.125,17.3,6.991666666666667,7.979166666666667,0.357,0.3465,40.16666666666666,20.666666666666668,19.5,69.6125,40.16666666666666,121.30416666666667
2023-01-01,35.0125,47.6,25.0,22:00:00,11:00:00,1.4583333333333333,6.0,0.0,15:00:00,00:00:00,4.495833333333333,6.0,2.5,08:00:00,04:00:00,38.520833333333336,54.1,31.6,01:00:00,08:00:00,40.98333333333333,74.6,33.3,01:00:00,08:00:00,39.99895833333333,41.26805555555556,4,1,1,1,4,3,7.575,6.9,8.3,6.054166666666667,96.91666666666669,7.108333333333333,4.1,4.1,1031.6125,1013.5875,100.0,0.22,0.0320833333333333,8.8,11.5,258.75,268.9166666666667,15.8,7.929166666666667,8.245833333333334,0.378875,0.3531249999999999,14.0,0.4583333333333333,13.541666666666666,1.6,14.0,121.9
2023-01-02,36.4625,43.1,23.7,21:00:00,05:00:00,1.8333333333333333,5.0,0.0,13:00:00,00:00:00,3.045833333333333,4.6,2.3,00:00:00,04:00:00,23.6,31.4,18.3,00:00:00,18:00:00,24.89583333333333,43.6,19.5,00:00:00,05:00:00,30.576215277777777,32.153819444444444,4,1,1,1,4,2,8.225,7.2,9.2,7.095833333333334,97.04166666666669,7.783333333333334,3.7,3.7,1030.0666666666668,1012.1208333333334,99.66666666666669,0.24,0.0316666666666666,6.7,10.7,239.95833333333331,244.66666666666663,12.2,8.495833333333334,8.579166666666667,0.38925,0.3636666666666666,14.333333333333334,0.1666666666666666,14.166666666666666,0.7999999999999999,14.333333333333334,122.54583333333332
2023-01-03,37.24583333333333,41.8,30.8,20:00:00,15:00:00,1.1666666666666667,4.0,0.0,14:00:00,02:00:00,3.020833333333333,4.6,2.1,20:00:00,13:00:00,17.712500000000002,22.7,8.6,00:00:00,06:00:00,18.870833333333334,25.4,9.1,00:00:00,06:00:00,19.830902777777776,20.861979166666668,2,1,1,1,2,2,8.691666666666666,7.4,9.7,7.779166666666666,97.95833333333331,8.383333333333335,13.3,13.3,1029.9125,1012.0083333333332,98.79166666666669,0.23,0.0229166666666666,6.4,8.0,181.16666666666663,170.45833333333334,11.2,8.941666666666666,9.020833333333334,0.412625,0.3885833333333333,11.583333333333334,0.0,11.583333333333334,0.0,11.583333333333334,123.24583333333334
2023-01-04,35.391666666666666,41.2,28.8,19:00:00,14:00:00,3.083333333333333,9.0,0.0,15:00:00,02:00:00,3.345833333333333,4.3,2.3,10:00:00,04:00:00,26.025,33.4,21.3,11:00:00,00:00:00,25.4,30.4,19.4,21:00:00,01:00:00,21.86388888888889,21.84982638888889,3,1,1,1,3,2,7.633333333333333,5.1,11.0,5.929166666666667,95.91666666666669,7.0,0.0,0.0,1030.3375,1012.35,69.33333333333333,0.43,0.0483333333333333,8.7,16.7,282.0,277.625,17.3,8.791666666666666,9.175,0.3859999999999999,0.3826666666666667,40.79166666666666,12.708333333333334,28.08333333333333,45.645833333333336,40.79166666666666,124.0125
2023-01-05,35.550000000000004,50.9,20.2,19:00:00,12:00:00,9.958333333333334,34.0,0.0,15:00:00,22:00:00,3.7458333333333336,4.6,2.9,11:00:00,01:00:00,24.070833333333336,37.3,17.3,23:00:00,15:00:00,28.629166666666663,35.2,21.3,08:00:00,15:00:00,25.501909722222223,28.313541666666666,4,1,1,1,4,2,8.320833333333333,5.1,12.4,5.775,90.58333333333331,6.816666666666666,0.0,0.0,1023.8166666666666,1005.9791666666666,46.79166666666666,0.71,0.1166666666666666,16.6,30.6,281.7083333333333,272.0416666666667,30.2,8.704166666666667,8.891666666666667,0.378125,0.3760833333333333,65.625,42.25,23.375,144.97916666666666,65.625,124.825
2023-01-06,43.62083333333334,52.1,37.7,23:00:00,15:00:00,4.25,13.0,0.0,13:00:00,00:00:00,2.595833333333333,3.1,2.1,00:00:00,15:00:00,32.44583333333333,44.8,28.5,02:00:00,10:00:00,35.65,45.3,31.4,01:00:00,20:00:00,29.02118055555556,32.36736111111112,4,2,1,1,4,2,6.779166666666666,4.5,8.0,5.275,96.20833333333331,6.204166666666667,0.0,0.0,1025.7625,1007.7958333333332,86.08333333333333,0.29,0.0383333333333333,5.9,7.5,161.66666666666666,193.29166666666663,14.0,8.408333333333333,8.779166666666667,0.3689166666666666,0.368,24.08333333333333,0.0,24.08333333333333,0.0,24.08333333333333,125.69166666666666
2023-01-07,48.36666666666667,60.7,33.8,22:00:00,05:00:00,8.291666666666666,20.0,0.0,06:00:00,23:00:00,2.8666666666666667,3.9,2.0,20:00:00,01:00:00,23.266666666666666,30.8,20.1,00:00:00,06:00:00,26.65416666666667,33.9,22.7,00:00:00,07:00:00,26.858854166666664,30.592881944444443,4,2,1,1,4,2,6.933333333333334,5.4,7.8,5.208333333333333,92.16666666666669,5.729166666666667,0.7,0.7,1024.3,1006.3666666666668,96.08333333333331,0.26,0.0795833333333333,8.4,12.5,256.875,262.0416666666667,15.1,8.016666666666667,8.616666666666665,0.3629166666666666,0.360625,13.958333333333334,0.0,13.958333333333334,0.0,13.958333333333334,126.6
2023-01-08,35.5875,45.9,29.4,11:00:00,15:00:00,1.875,4.0,0.0,14:00:00,02:00:00,2.495833333333333,3.0,2.1,00:00:00,04:00:00,20.429166666666667,26.9,15.8,02:00:00,22:00:00,23.0875,28.3,15.9,02:00:00,22:00:00,22.752256944444444,25.78576388888889,3,1,1,1,3,2,6.758333333333333,6.3,7.0,5.0875,95.04166666666669,6.029166666666666,33.0,33.0,1015.7208333333332,997.9375,100.0,0.17,0.0495833333333333,11.0,17.8,103.54166666666669,116.79166666666669,18.7,7.3,8.154166666666667,0.40475,0.3856249999999999,5.458333333333333,0.0,5.458333333333333,0.0,5.458333333333333,127.57083333333333
2023-01-09,33.704166666666666,53.2,18.3,19:00:00,13:00:00,12.0,31.0,1.0,23:00:00,00:00:00,3.95,5.5,2.7,17:00:00,00:00:00,14.620833333333332,20.2,10.2,00:00:00,14:00:00,14.370833333333332,17.9,11.5,21:00:00,03:00:00,16.627430555555556,17.16232638888889,2,1,1,1,2,1,7.3625,5.3,10.5,4.291666666666667,79.0,3.520833333333333,0.1,0.1,1005.7166666666668,988.1416666666668,52.625,1.07,0.22,18.5,34.4,261.125,255.5,35.6,7.429166666666667,7.945833333333333,0.4139166666666666,0.4117916666666666,77.33333333333333,59.25,18.08333333333333,199.04166666666663,77.33333333333333,128.57916666666668
2023-01-10,30.745833333333334,61.3,11.6,22:00:00,14:00:00,41.04166666666666,70.0,1.0,13:00:00,22:00:00,2.6375,3.7,1.5,22:00:00,13:00:00,9.25,16.9,4.6,20:00:00,13:00:00,11.6125,16.8,6.7,20:00:00,13:00:00,11.466840277777775,13.111458333333331,2,1,1,1,2,1,7.404166666666666,1.3,13.3,2.4375,43.708333333333336,-4.4375,0.0,0.0,1017.4416666666666,999.6666666666666,5.958333333333333,2.27,0.6104166666666667,24.1,38.6,314.1666666666667,294.125,41.0,7.404166666666666,7.891666666666667,0.3895,0.39125,81.75,64.25,17.5,220.27083333333331,81.75,129.64166666666668
2023-01-11,58.47083333333333,78.0,36.4,10:00:00,05:00:00,3.208333333333333,15.0,0.0,14:00:00,07:00:00,5.316666666666666,7.5,3.0,20:00:00,03:00:00,26.691666666666663,38.4,11.6,10:00:00,00:00:00,34.4,48.5,13.4,10:00:00,00:00:00,18.102256944444445,21.942534722222224,2,2,1,1,2,2,3.8166666666666655,0.4,8.4,0.975,74.0,-0.45,0.3,0.3,1021.1625,1003.0875,41.208333333333336,0.66,0.22,7.4,13.8,270.2916666666667,240.16666666666663,13.0,5.333333333333333,6.9125000000000005,0.3784583333333333,0.3802916666666667,63.875,28.20833333333333,35.666666666666664,92.28333333333336,63.875,130.82083333333335
2023-01-12,60.425,81.8,40.8,18:00:00,05:00:00,3.083333333333333,18.0,0.0,14:00:00,00:00:00,5.666666666666667,7.7,3.9,13:00:00,04:00:00,47.1625,58.9,27.5,22:00:00,00:00:00,57.6375,72.8,37.3,22:00:00,00:00:00,36.35833333333333,46.34479166666667,4,2,1,1,4,3,2.8541666666666665,-1.2,8.8,-0.0333333333333333,84.04166666666667,0.2666666666666666,0.0,0.0,1022.8291666666668,1004.675,36.75,0.6900000000000001,0.1408333333333333,8.7,17.0,294.9166666666667,286.375,14.0,4.5875,6.0625,0.3689166666666666,0.3725833333333333,72.91666666666667,46.208333333333336,26.70833333333333,152.85,72.91666666666667,132.05416666666667
2023-01-13,53.975,70.2,41.1,10:00:00,15:00:00,2.208333333333333,10.0,0.0,16:00:00,00:00:00,5.020833333333333,6.5,3.7,12:00:00,18:00:00,47.2125,65.2,37.7,00:00:00,15:00:00,58.1375,68.9,48.4,00:00:00,17:00:00,50.26927083333333,60.76649305555555,5,2,1,1,5,4,3.7291666666666665,1.0,8.7,1.0416666666666667,86.16666666666667,1.5875,0.0,0.0,1019.6791666666668,1001.625,53.875,0.53,0.1191666666666666,9.3,22.5,269.0833333333333,267.25,14.8,4.879166666666666,6.008333333333333,0.3579166666666666,0.36525,49.91666666666666,21.291666666666668,28.625,77.83749999999999,49.91666666666666,133.34166666666667
2023-01-14,44.3125,79.4,26.1,19:00:00,05:00:00,9.875,37.0,0.0,15:00:00,08:00:00,3.4166666666666665,4.5,2.5,01:00:00,05:00:00,38.37916666666667,44.9,25.1,23:00:00,05:00:00,47.22083333333333,56.1,35.0,00:00:00,06:00:00,39.9515625,50.71545138888889,4,2,1,1,4,4,3.925,-1.3,9.6,0.8583333333333334,83.95833333333333,1.3875,0.0,0.0,1022.15,1004.075,47.79166666666666,0.7,0.1445833333333333,14.2,29.0,130.20833333333334,140.0,25.6,4.4625,5.666666666666667,0.3517916666666666,0.3584583333333333,73.29166666666667,45.0,28.291666666666668,150.95416666666668,73.29166666666667,134.6625
2023-01-15,46.45,55.6,35.9,19:00:00,11:00:00,1.125,4.0,0.0,13:00:00,00:00:00,3.4333333333333336,5.9,2.7,22:00:00,04:00:00,52.37083333333334,58.8,45.2,22:00:00,00:00:00,60.4375,68.1,52.9,23:00:00,00:00:00,46.32934027777778,54.30538194444444,4,2,1,1,4,4,5.520833333333333,3.7,7.0,3.6208333333333336,93.5,4.5375,1.6,1.6,1014.8625,997.0125,94.29166666666669,0.35,0.0604166666666666,7.6,14.7,237.08333333333331,225.5,15.8,5.9750000000000005,6.3,0.3617916666666667,0.3580833333333333,31.25,7.875,23.375,22.366666666666664,31.25,136.05416666666667
2023-01-16,42.579166666666666,56.2,31.5,18:00:00,01:00:00,3.9583333333333335,10.0,0.0,12:00:00,08:00:00,3.529166666666667,4.9,2.4,08:00:00,15:00:00,33.69583333333333,53.9,25.7,00:00:00,13:00:00,38.98333333333333,62.1,30.8,00:00:00,13:00:00,43.90711805555555,50.82152777777778,4,2,1,1,4,4,4.141666666666667,2.9,5.6,1.8333333333333333,97.79166666666669,3.8125,2.3,2.3,1000.0166666666668,982.3416666666668,96.625,0.21,0.0195833333333333,12.1,17.4,173.66666666666666,161.29166666666666,23.8,5.129166666666666,6.054166666666667,0.368875,0.3563749999999999,15.541666666666666,0.1666666666666666,15.375,0.7999999999999999,15.541666666666666,137.49583333333334
2023-01-17,44.72083333333333,62.8,32.8,19:00:00,03:00:00,4.416666666666667,15.0,0.0,15:00:00,08:00:00,3.375,4.6,2.5,07:00:00,13:00:00,23.90833333333333,32.4,14.0,01:00:00,16:00:00,26.52916666666667,38.3,15.4,07:00:00,17:00:00,28.983159722222226,33.21232638888889,4,2,1,1,4,2,2.6750000000000003,1.8,3.6,0.1208333333333333,96.875,2.2416666666666667,6.2,5.3,990.7708333333334,973.1708333333332,89.20833333333333,0.18,0.0233333333333333,10.9,19.5,187.625,189.91666666666663,18.0,4.083333333333333,5.345833333333334,0.380125,0.3583333333333333,12.666666666666666,0.3333333333333333,12.333333333333334,0.8708333333333332,12.666666666666666,138.98333333333332
2023-01-18,40.75416666666667,59.4,31.5,21:00:00,06:00:00,5.708333333333333,17.0,1.0,15:00:00,04:00:00,4.3,5.8,3.3,23:00:00,06:00:00,25.40833333333333,31.5,21.1,22:00:00,00:00:00,29.0375,34.8,22.2,21:00:00,00:00:00,22.82638888888889,25.00607638888889,3,2,1,1,3,2,1.5666666666666669,-0.9,5.1,-1.3166666666666669,94.5,0.7625000000000001,0.0,0.0,994.1666666666666,976.425,76.45833333333333,0.48,0.04125,9.5,16.7,241.58333333333331,236.08333333333331,16.9,3.1625,4.6000000000000005,0.3739166666666667,0.3667916666666666,58.66666666666666,19.25,39.41666666666666,64.29166666666667,58.66666666666666,140.5125
2023-01-19,40.75416666666667,63.3,23.2,23:00:00,15:00:00,22.58333333333333,50.0,0.0,14:00:00,00:00:00,3.1375,5.2,2.0,00:00:00,04:00:00,16.974999999999998,30.6,10.9,01:00:00,06:00:00,19.729166666666668,31.8,13.6,00:00:00,14:00:00,22.198958333333334,25.92465277777778,3,2,1,1,3,2,1.6625,-1.6,3.6,-1.9541666666666664,79.375,-1.804166666666667,2.2,0.7000000000000001,1003.425,985.525,81.625,0.59,0.1491666666666666,16.6,34.3,261.0416666666667,258.3333333333333,29.5,2.575,3.983333333333333,0.39275,0.3755416666666666,38.875,2.75,36.125,9.054166666666667,38.875,142.11249999999998
2023-01-20,45.7875,59.3,36.3,02:00:00,22:00:00,12.333333333333334,28.0,3.0,15:00:00,06:00:00,3.3000000000000003,4.7,2.1,10:00:00,20:00:00,24.15416666666667,31.7,16.2,01:00:00,23:00:00,28.329166666666666,35.2,21.2,11:00:00,00:00:00,21.072569444444444,23.97170138888889,3,2,1,1,3,2,1.2291666666666667,-2.3,5.3,-2.75,72.83333333333333,-3.858333333333333,0.0,0.0,1010.2208333333332,992.1833333333334,36.66666666666666,1.11,0.1970833333333333,21.1,37.8,290.4166666666667,298.875,34.6,2.733333333333333,3.704166666666667,0.3804583333333333,0.3755416666666666,86.375,60.25,26.125,190.30416666666667,86.375,143.87083333333334
2023-01-21,29.416666666666668,44.5,17.1,09:00:00,15:00:00,33.375,56.0,14.0,15:00:00,09:00:00,2.704166666666667,3.9,1.8,17:00:00,04:00:00,11.341666666666669,15.7,8.2,00:00:00,13:00:00,14.991666666666667,22.0,12.0,00:00:00,15:00:00,16.4453125,21.117708333333336,2,1,1,1,2,2,2.975,-0.2,8.3,-2.408333333333333,38.583333333333336,-9.870833333333334,0.0,0.0,1012.4166666666666,994.4541666666668,43.125,2.0,0.47875,18.5,33.2,342.2083333333333,316.8333333333333,33.1,2.8875,3.775,0.3727499999999999,0.3724583333333333,82.79166666666667,48.25,34.541666666666664,154.59166666666667,82.79166666666667,145.67499999999998
2023-01-22,42.02916666666667,62.4,25.0,23:00:00,15:00:00,15.875,40.0,0.0,15:00:00,23:00:00,3.4625,4.6,2.4,19:00:00,02:00:00,19.5625,26.4,11.2,10:00:00,00:00:00,23.42083333333333,30.7,13.8,10:00:00,00:00:00,15.295486111111112,18.79149305555556,2,2,1,1,2,1,1.6375,-3.0,6.8,-2.004166666666667,66.79166666666667,-4.1,0.0,0.0,1018.4,1000.2416666666668,43.75,0.89,0.2441666666666666,10.8,22.7,197.20833333333331,172.75,21.2,2.8541666666666665,4.054166666666666,0.3715833333333333,0.3718333333333333,77.45833333333333,43.833333333333336,33.625,135.2875,77.45833333333333,147.54583333333335
2023-01-23,56.62916666666666,75.3,40.5,20:00:00,05:00:00,3.458333333333333,7.0,0.0,05:00:00,18:00:00,3.1750000000000003,4.3,2.1,20:00:00,03:00:00,35.575,40.7,22.7,22:00:00,00:00:00,42.8625,50.8,25.2,21:00:00,00:00:00,27.621527777777786,32.78715277777778,4,2,1,1,4,2,1.9041666666666668,-1.8,4.6,-1.7125,74.29166666666667,-2.3375,0.8,0.8,1020.4208333333332,1002.2416666666668,76.5,0.54,0.1879166666666666,16.9,32.8,233.29166666666663,249.20833333333331,27.7,2.6416666666666666,3.925,0.3776666666666666,0.3727083333333333,22.791666666666668,0.3333333333333333,22.45833333333333,1.1083333333333332,22.791666666666668,149.47083333333333
2023-01-24,51.1625,72.1,30.9,20:00:00,14:00:00,10.416666666666666,34.0,0.0,13:00:00,22:00:00,3.45,4.6,2.3,19:00:00,05:00:00,24.95833333333333,38.4,18.5,01:00:00,07:00:00,30.85,51.0,23.1,01:00:00,07:00:00,31.03697916666667,38.2109375,4,2,1,1,4,2,4.8625,1.4,10.3,2.3041666666666667,83.33333333333333,2.154166666666667,0.1,0.1,1029.3208333333334,1011.1666666666666,39.54166666666666,0.89,0.1641666666666666,11.5,20.8,257.5833333333333,205.91666666666663,19.8,4.779166666666667,4.541666666666667,0.37925,0.375125,89.41666666666667,66.41666666666667,23.0,203.23333333333332,89.41666666666667,151.44583333333333
2023-01-25,47.645833333333336,65.5,28.2,21:00:00,14:00:00,9.25,36.0,0.0,15:00:00,00:00:00,3.4250000000000003,4.7,2.5,10:00:00,16:00:00,32.15,38.4,26.7,22:00:00,17:00:00,36.85,43.5,28.7,02:00:00,15:00:00,28.56996527777778,34.08142361111111,4,2,1,1,4,2,4.525,0.6,8.8,2.0375,87.70833333333333,2.558333333333333,0.0,0.0,1026.5,1008.3791666666666,47.54166666666666,0.64,0.1179166666666666,9.5,15.0,212.70833333333331,210.25,14.8,5.329166666666667,5.595833333333334,0.371125,0.371125,62.25,29.08333333333333,33.166666666666664,97.85,62.25,153.47083333333333
2023-01-26,47.32916666666667,74.0,23.9,22:00:00,14:00:00,11.625,42.0,0.0,16:00:00,21:00:00,3.3833333333333333,4.6,2.8,22:00:00,12:00:00,30.59583333333333,39.0,24.4,04:00:00,11:00:00,35.8375,41.0,30.1,05:00:00,16:00:00,31.455381944444444,35.81319444444444,4,2,1,1,4,2,3.4333333333333336,0.5,7.2,0.4999999999999999,82.375,0.5875,0.0,0.0,1016.5083333333332,998.4875,64.95833333333333,0.67,0.1504166666666666,10.5,18.1,86.625,105.04166666666669,19.4,4.7625,5.370833333333334,0.3661666666666667,0.3677083333333333,59.833333333333336,24.20833333333333,35.625,75.65833333333333,59.833333333333336,155.52916666666667
2023-01-27,43.09166666666667,72.7,22.6,23:00:00,13:00:00,18.20833333333333,45.0,1.0,14:00:00,00:00:00,3.091666666666667,4.6,2.2,20:00:00,03:00:00,23.129166666666663,38.6,15.7,01:00:00,15:00:00,30.64583333333333,39.1,22.9,00:00:00,14:00:00,27.38576388888889,33.780034722222226,4,2,1,1,4,2,2.279166666666667,-2.0,4.9,-1.05,73.41666666666667,-2.1416666666666666,0.0,0.0,1015.175,997.1,80.45833333333333,0.5700000000000001,0.1999999999999999,10.4,18.7,130.91666666666666,137.29166666666666,18.0,3.7083333333333335,4.745833333333334,0.3566666666666666,0.361,34.541666666666664,5.125,29.416666666666668,17.629166666666666,34.541666666666664,157.65
2023-01-28,53.00416666666666,84.6,29.4,22:00:00,15:00:00,11.333333333333334,45.0,0.0,16:00:00,00:00:00,3.6791666666666663,4.6,2.8,11:00:00,04:00:00,35.375,45.4,25.6,23:00:00,00:00:00,41.37916666666667,49.5,35.3,23:00:00,00:00:00,28.25208333333333,34.87569444444444,4,2,1,1,4,2,1.3083333333333331,-3.5,7.7,-1.9166666666666667,75.41666666666667,-2.966666666666667,0.0,0.0,1019.9041666666668,1001.6958333333332,18.0,0.97,0.2020833333333333,8.2,12.9,228.91666666666663,194.08333333333331,16.9,2.7,3.904166666666667,0.3588333333333333,0.3615833333333333,98.45833333333331,76.125,22.33333333333333,226.69166666666663,98.45833333333331,159.82916666666668
2023-01-29,49.6125,79.2,25.8,00:00:00,16:00:00,11.375,46.0,0.0,16:00:00,00:00:00,3.341666666666667,4.2,2.5,22:00:00,16:00:00,38.62083333333333,57.1,29.9,01:00:00,17:00:00,44.05416666666667,57.5,36.5,01:00:00,16:00:00,37.99444444444445,44.06579861111111,4,2,1,1,4,3,1.6916666666666669,-3.4,7.9,-1.5,75.04166666666667,-2.4916666666666667,0.0,0.0,1025.3625,1007.075,12.75,0.96,0.20125,8.7,15.1,164.75,175.625,14.8,2.470833333333333,3.575,0.3522916666666666,0.357,99.54166666666669,77.29166666666667,22.25,228.27916666666667,99.54166666666669,162.1
2023-01-30,48.42916666666667,63.6,24.9,00:00:00,16:00:00,16.166666666666668,59.0,0.0,15:00:00,00:00:00,4.0375000000000005,5.5,2.8,10:00:00,04:00:00,44.020833333333336,57.7,29.3,01:00:00,15:00:00,51.42083333333333,62.5,37.6,10:00:00,16:00:00,41.95295138888888,47.89548611111112,4,2,1,1,4,3,2.0541666666666667,-3.9,8.9,-1.7999999999999998,75.58333333333333,-2.095833333333333,0.0,0.0,1019.7041666666668,1001.5416666666666,8.958333333333334,1.19,0.2095833333333333,18.4,35.3,291.5833333333333,284.4583333333333,30.2,2.795833333333333,3.65,0.3480833333333333,0.3530416666666666,101.45833333333331,78.0,23.45833333333333,221.5375,101.45833333333331,164.40833333333333
2023-01-31,51.708333333333336,72.7,34.4,22:00:00,15:00:00,9.208333333333334,28.0,0.0,15:00:00,07:00:00,3.6666666666666665,5.0,2.8,09:00:00,00:00:00,55.375,64.0,43.5,22:00:00,00:00:00,68.22083333333333,79.3,48.1,22:00:00,00:00:00,47.92934027777778,58.556250000000006,4,2,1,1,4,4,2.3125,-3.1,8.7,-1.1125,80.375,-0.9333333333333332,0.0,0.0,1022.5083333333332,1004.3166666666666,12.0,1.0,0.1658333333333333,12.6,28.1,208.875,195.75,20.5,3.1291666666666664,4.1875,0.3451666666666666,0.350875,95.95833333333331,66.04166666666667,29.916666666666668,192.54166666666663,95.95833333333331,166.75
2023-02-01,45.9625,64.8,20.2,21:00:00,15:00:00,20.375,59.0,2.0,15:00:00,00:00:00,3.9583333333333335,5.1,3.1,01:00:00,15:00:00,33.166666666666664,60.8,21.0,00:00:00,17:00:00,43.51666666666667,74.2,28.7,00:00:00,17:00:00,46.57517361111112,59.01371527777778,4,2,1,1,4,4,6.266666666666667,2.2,12.6,1.925,66.25,0.3124999999999999,0.0,0.0,1021.3041666666668,1003.3791666666666,3.083333333333333,1.73,0.3458333333333334,19.7,34.4,269.9583333333333,264.7083333333333,36.0,5.258333333333334,5.095833333333333,0.348875,0.3519166666666666,104.91666666666669,82.91666666666667,22.0,238.07916666666665,104.91666666666669,169.13333333333333
2023-02-02,36.24583333333333,57.5,18.6,19:00:00,05:00:00,29.291666666666668,59.0,8.0,15:00:00,21:00:00,2.720833333333333,3.9,1.7,18:00:00,06:00:00,19.27083333333333,30.4,13.5,00:00:00,15:00:00,25.391666666666666,42.3,17.6,00:00:00,13:00:00,24.140451388888888,31.787152777777777,3,1,1,1,3,2,7.391666666666667,2.6,13.6,3.158333333333333,57.208333333333336,-0.875,0.0,0.0,1022.8458333333332,1004.9666666666668,3.75,2.0,0.4708333333333334,19.1,33.9,289.9166666666667,305.0,34.9,6.6375,6.279166666666666,0.3384583333333333,0.34525,107.08333333333331,85.125,21.95833333333333,243.45,107.08333333333331,171.52916666666667
2023-02-03,39.325,59.2,20.8,20:00:00,05:00:00,24.666666666666668,51.0,1.0,16:00:00,08:00:00,3.341666666666667,5.9,1.6,12:00:00,05:00:00,22.133333333333336,34.7,16.5,10:00:00,06:00:00,29.679166666666664,44.2,21.4,11:00:00,05:00:00,20.6390625,27.143229166666668,3,1,1,1,3,2,7.120833333333334,1.8,13.7,3.4291666666666667,67.16666666666667,1.1666666666666667,0.0,0.0,1025.0958333333333,1007.1708333333332,13.333333333333334,1.64,0.3466666666666667,20.7,37.8,240.0,247.33333333333331,34.6,6.995833333333334,6.779166666666666,0.3270833333333333,0.338375,108.16666666666669,83.91666666666667,24.25,234.92083333333332,108.16666666666669,173.96666666666667
2023-02-04,24.575,38.5,10.4,08:00:00,15:00:00,44.5,69.0,17.0,16:00:00,05:00:00,1.9041666666666668,2.8,0.9,00:00:00,14:00:00,16.75,33.6,8.2,23:00:00,13:00:00,22.416666666666668,41.0,13.0,22:00:00,13:00:00,19.36180555555556,26.061979166666664,2,1,1,1,2,2,11.016666666666666,4.9,20.3,6.120833333333334,57.583333333333336,1.7416666666666665,0.0,0.0,1022.8833333333332,1005.2375,17.416666666666668,3.0,0.6783333333333333,31.6,50.8,273.125,279.7916666666667,52.9,9.216666666666669,7.745833333333334,0.339375,0.3460416666666666,104.0,77.5,26.5,219.9875,104.0,176.4125
2023-02-05,18.366666666666667,31.7,10.8,09:00:00,14:00:00,48.75,67.0,25.0,15:00:00,09:00:00,1.9333333333333331,2.3,1.6,20:00:00,11:00:00,12.375,33.7,8.1,00:00:00,12:00:00,19.945833333333333,43.9,15.4,00:00:00,19:00:00,15.192013888888887,22.277777777777786,2,1,1,1,2,2,5.3500000000000005,1.6,8.9,1.65,69.25,0.025,0.0,0.0,1032.025,1013.8666666666668,25.666666666666668,1.37,0.2904166666666666,14.7,29.2,85.875,94.08333333333331,29.5,7.175,7.920833333333333,0.3339583333333333,0.3421666666666667,107.04166666666669,79.41666666666667,27.625,222.7541666666667,107.04166666666669,178.8791666666667
2023-02-06,24.466666666666665,45.4,12.3,08:00:00,01:00:00,42.083333333333336,59.0,22.0,15:00:00,08:00:00,2.1125000000000003,2.9,1.6,08:00:00,22:00:00,12.8375,16.7,10.4,10:00:00,01:00:00,17.229166666666668,20.3,14.0,12:00:00,02:00:00,11.64045138888889,16.964930555555558,2,1,1,1,2,1,4.1375,2.7,6.5,0.3958333333333333,69.54166666666667,-0.9916666666666668,0.0,0.0,1034.4833333333331,1016.1916666666666,95.83333333333331,0.94,0.2541666666666666,18.2,28.5,88.125,93.33333333333331,31.3,6.191666666666666,6.883333333333333,0.31825,0.3319166666666667,50.708333333333336,17.625,33.083333333333336,52.53333333333333,50.708333333333336,181.36666666666667
2023-02-07,36.07083333333333,69.0,17.8,21:00:00,00:00:00,28.20833333333333,58.0,5.0,15:00:00,09:00:00,2.45,3.9,1.6,08:00:00,00:00:00,19.35833333333333,24.0,13.6,23:00:00,00:00:00,26.59583333333333,36.0,19.6,22:00:00,00:00:00,16.29357638888889,22.00746527777778,2,1,1,1,2,2,1.2041666666666666,-2.4,6.0,-2.595833333333333,71.0,-3.8166666666666655,0.0,0.0,1037.3833333333334,1018.85,7.541666666666667,1.1,0.2162499999999999,17.3,28.0,138.625,137.75,31.3,4.041666666666667,5.45,0.3184166666666667,0.3287083333333333,114.75,88.45833333333333,26.291666666666668,240.92916666666667,114.75,183.8708333333333
2023-02-08,43.9375,60.1,19.4,09:00:00,15:00:00,23.33333333333333,61.0,0.0,16:00:00,04:00:00,3.025,4.9,2.4,08:00:00,18:00:00,29.52916666666667,37.0,24.4,03:00:00,00:00:00,39.13333333333333,47.4,33.2,09:00:00,00:00:00,25.1171875,33.80677083333334,4,2,1,1,4,2,1.3877787807814457e-17,-4.5,5.3,-3.8333333333333335,68.70833333333333,-5.520833333333333,0.0,0.0,1037.9791666666667,1019.3541666666666,5.833333333333333,1.14,0.2195833333333333,9.2,21.9,81.75,86.625,20.9,2.708333333333333,4.25,0.3112083333333333,0.32175,116.58333333333331,90.16666666666669,26.416666666666668,242.94583333333333,116.58333333333331,186.4125
2023-02-09,36.329166666666666,68.2,15.0,22:00:00,03:00:00,36.375,61.0,5.0,15:00:00,22:00:00,2.775,4.2,2.0,20:00:00,01:00:00,21.775,29.8,17.7,00:00:00,15:00:00,26.4875,37.2,20.4,00:00:00,06:00:00,25.1203125,32.09305555555556,4,1,1,1,4,2,0.3625,-3.5,4.9,-3.608333333333333,56.04166666666666,-7.591666666666666,0.0,0.0,1038.3916666666669,1019.7875,21.625,1.24,0.2891666666666667,10.0,21.6,225.95833333333331,226.54166666666663,19.1,2.9416666666666664,4.008333333333334,0.3092916666666667,0.319375,117.45833333333331,89.25,28.20833333333333,238.04166666666663,117.45833333333331,189.0
2023-02-10,63.3625,116.3,35.5,20:00:00,15:00:00,12.666666666666666,45.0,0.0,14:00:00,20:00:00,3.9875,5.5,2.5,11:00:00,03:00:00,42.42916666666667,51.5,28.2,23:00:00,00:00:00,53.6125,74.7,33.3,23:00:00,00:00:00,32.359375,39.94600694444444,4,2,1,1,4,2,0.0958333333333333,-4.8,6.7,-3.375,69.5,-5.1875,0.0,0.0,1037.7875,1019.1708333333332,0.5416666666666666,1.13,0.2258333333333333,8.0,18.6,242.04166666666663,233.83333333333331,14.8,1.775,3.2916666666666665,0.3182083333333333,0.3245416666666667,122.625,97.75,24.875,260.2,122.625,191.63333333333333
2023-02-11,59.84583333333333,98.3,28.4,00:00:00,14:00:00,12.916666666666666,49.0,0.0,15:00:00,01:00:00,4.208333333333333,5.6,3.1,19:00:00,04:00:00,51.30416666666667,62.5,38.4,02:00:00,15:00:00,57.67916666666667,72.0,44.7,00:00:00,15:00:00,48.6640625,58.43645833333334,4,2,1,1,4,4,0.2958333333333333,-4.0,8.8,-3.583333333333333,66.125,-5.933333333333334,0.0,0.0,1036.0458333333331,1017.4666666666668,9.625,1.3,0.2595833333333333,11.5,18.9,280.625,258.5833333333333,20.5,-0.2458333333333333,1.9708333333333328,0.314125,0.3216666666666667,119.95833333333331,89.625,30.33333333333333,236.2458333333333,119.95833333333331,194.3
2023-02-12,51.73333333333333,70.6,27.5,01:00:00,16:00:00,22.291666666666668,59.0,1.0,16:00:00,07:00:00,3.75,5.4,2.9,12:00:00,23:00:00,53.0125,62.8,40.2,01:00:00,16:00:00,57.41666666666666,70.7,42.8,02:00:00,16:00:00,51.66979166666667,57.29444444444445,5,2,1,1,5,4,4.1625000000000005,-1.8,12.5,0.6083333333333333,65.66666666666667,-1.8916666666666664,0.0,0.0,1034.0541666666666,1015.775,1.125,1.58,0.3204166666666667,12.8,28.1,198.20833333333331,200.25,21.6,3.1291666666666664,2.766666666666667,0.315,0.3218333333333333,122.16666666666669,97.125,25.041666666666668,252.78333333333333,122.16666666666669,197.0
2023-02-13,62.41666666666666,107.0,36.6,21:00:00,16:00:00,18.95833333333333,61.0,0.0,16:00:00,07:00:00,3.5875,5.4,2.0,12:00:00,03:00:00,53.65416666666667,60.3,46.8,22:00:00,17:00:00,64.85416666666667,76.6,55.0,09:00:00,05:00:00,52.08680555555557,58.95677083333334,5,2,1,1,5,4,4.766666666666667,-0.7,12.1,2.066666666666667,74.70833333333333,0.4374999999999999,0.0,0.0,1037.8666666666666,1019.5583333333334,0.0,1.32,0.2545833333333333,8.6,20.1,175.91666666666666,175.04166666666666,13.7,4.966666666666667,4.616666666666666,0.3029583333333333,0.3136666666666667,123.04166666666669,96.75,26.291666666666668,249.0666666666667,123.04166666666669,199.73333333333332
2023-02-14,66.19166666666666,107.7,32.9,00:00:00,16:00:00,17.625,70.0,0.0,16:00:00,00:00:00,4.604166666666667,6.5,2.8,11:00:00,00:00:00,59.6625,72.7,49.2,02:00:00,15:00:00,74.6375,86.9,60.6,02:00:00,15:00:00,58.17413194444444,71.62916666666666,5,2,1,1,5,4,4.3375,-1.1,13.3,1.3583333333333334,79.16666666666667,0.6583333333333333,0.0,0.0,1034.3625,1016.0916666666668,0.0,1.44,0.2333333333333333,10.5,18.7,290.75,278.375,22.3,5.120833333333334,4.9750000000000005,0.2952083333333333,0.308125,127.33333333333331,101.45833333333331,25.875,259.59166666666664,127.33333333333331,202.49166666666667
2023-02-15,77.28333333333333,126.4,50.5,22:00:00,15:00:00,14.208333333333334,53.0,0.0,16:00:00,00:00:00,5.266666666666667,7.3,3.9,21:00:00,01:00:00,66.04583333333333,78.8,51.3,01:00:00,15:00:00,83.39583333333333,95.4,65.8,10:00:00,16:00:00,62.74375,78.97135416666667,5,2,1,1,5,4,5.65,-1.6,14.6,3.3166666666666664,79.95833333333333,2.125,0.0,0.0,1029.9041666666667,1011.7791666666668,1.4166666666666667,1.41,0.25,8.9,12.1,210.95833333333331,253.45833333333331,15.5,5.554166666666667,5.529166666666666,0.2870416666666666,0.301,126.41666666666669,97.20833333333331,29.20833333333333,243.66666666666663,126.41666666666669,205.27083333333331
2023-02-16,55.333333333333336,101.3,20.3,00:00:00,16:00:00,32.833333333333336,82.0,0.0,16:00:00,00:00:00,3.8708333333333336,5.6,2.8,10:00:00,14:00:00,41.96666666666667,95.1,17.9,01:00:00,20:00:00,56.13333333333333,105.0,26.9,01:00:00,21:00:00,58.71354166666666,75.0171875,5,2,1,1,5,4,6.645833333333333,0.4,13.8,4.170833333333333,85.20833333333333,4.170833333333333,0.0,0.0,1029.2333333333331,1011.1916666666666,25.0,1.33,0.1804166666666666,12.4,27.4,271.5,255.70833333333331,20.9,6.4375,5.933333333333334,0.2872499999999999,0.2994166666666666,117.125,75.5,41.625,184.0666666666667,117.125,208.07083333333333
2023-02-17,37.45,59.6,18.8,19:00:00,15:00:00,33.125,80.0,0.0,15:00:00,08:00:00,3.233333333333334,4.4,2.6,10:00:00,14:00:00,26.40416666666667,35.0,17.9,10:00:00,23:00:00,31.17083333333333,43.7,21.9,10:00:00,23:00:00,27.990972222222226,36.60104166666667,4,1,1,1,4,2,7.1000000000000005,2.3,13.7,4.645833333333333,84.0,4.391666666666667,0.0,0.0,1029.8333333333333,1011.8083333333334,12.541666666666666,1.36,0.1958333333333333,11.3,24.8,284.625,260.75,24.5,7.550000000000001,6.8875,0.2978333333333333,0.3069166666666666,122.66666666666669,86.16666666666667,36.5,210.03333333333333,122.66666666666669,210.8875
2023-02-18,24.98333333333333,38.1,12.5,08:00:00,15:00:00,45.958333333333336,84.0,5.0,16:00:00,08:00:00,2.6833333333333336,3.2,2.1,11:00:00,01:00:00,18.616666666666667,25.3,12.4,05:00:00,16:00:00,21.48333333333333,29.8,16.9,10:00:00,16:00:00,22.68576388888889,26.516840277777774,3,1,1,1,3,2,8.366666666666667,4.1,14.8,5.595833333333334,80.54166666666667,4.9750000000000005,0.0,0.0,1027.5916666666667,1009.6875,36.625,1.6,0.2554166666666667,15.5,30.3,271.5833333333333,257.5,27.0,8.450000000000001,7.616666666666667,0.2981666666666666,0.3075416666666666,125.83333333333331,90.45833333333331,35.375,220.75,125.83333333333331,213.725
2023-02-19,27.77916666666667,46.7,11.6,21:00:00,15:00:00,35.583333333333336,77.0,5.0,16:00:00,08:00:00,3.220833333333333,3.8,2.7,19:00:00,04:00:00,22.854166666666668,27.4,15.8,21:00:00,16:00:00,26.9875,37.7,19.7,22:00:00,00:00:00,20.19913194444445,23.299479166666668,3,1,1,1,3,2,9.370833333333334,6.0,15.1,6.995833333333334,84.5,6.758333333333333,0.0,0.0,1023.4666666666668,1005.6958333333332,51.29166666666666,1.31,0.2125,16.3,23.0,283.2083333333333,272.2916666666667,32.4,9.2125,8.341666666666667,0.2815416666666666,0.2970416666666666,101.79166666666669,57.29166666666666,44.5,136.84583333333333,101.79166666666669,216.5666666666667
2023-02-20,43.1625,65.0,30.7,20:00:00,05:00:00,13.791666666666666,42.0,2.0,15:00:00,20:00:00,2.8791666666666664,4.4,2.0,21:00:00,17:00:00,55.0,64.7,27.4,04:00:00,00:00:00,71.42916666666666,86.8,32.9,05:00:00,00:00:00,39.60329861111111,50.17829861111111,4,2,1,1,4,4,7.391666666666667,4.1,12.8,5.6000000000000005,90.83333333333331,5.883333333333333,0.0,0.0,1026.6125,1008.675,60.833333333333336,0.91,0.115,8.0,16.6,190.66666666666663,191.25,14.8,8.466666666666667,8.35,0.2721666666666666,0.2921249999999999,75.33333333333333,20.875,54.458333333333336,53.925,75.33333333333333,219.4208333333333
2023-02-21,43.708333333333336,72.3,19.9,20:00:00,16:00:00,17.791666666666668,61.0,1.0,16:00:00,00:00:00,3.295833333333333,4.6,2.1,21:00:00,02:00:00,42.09583333333333,53.8,34.1,00:00:00,14:00:00,56.50833333333333,80.5,42.9,01:00:00,17:00:00,49.544270833333336,66.65920138888889,4,2,1,1,4,4,8.716666666666667,4.0,13.6,6.954166666666667,87.875,6.691666666666666,0.1,0.1,1021.6416666666668,1003.8666666666668,74.16666666666667,0.96,0.1645833333333333,9.3,19.6,275.75,272.75,19.4,8.766666666666667,8.3125,0.2649166666666667,0.2853333333333332,74.58333333333333,19.875,54.708333333333336,51.0125,74.58333333333333,222.27083333333331
2023-02-22,50.225,66.2,36.3,00:00:00,16:00:00,8.958333333333334,35.0,0.0,15:00:00,04:00:00,3.695833333333333,4.8,3.1,11:00:00,17:00:00,56.2625,69.7,45.5,09:00:00,00:00:00,73.84166666666667,93.3,58.5,10:00:00,00:00:00,48.84392361111111,63.27934027777778,4,2,1,1,4,4,9.6875,6.4,13.7,8.354166666666666,85.75,7.258333333333333,0.3,0.3,1018.0125,1000.3583333333332,86.95833333333333,1.02,0.1933333333333333,7.1,13.9,194.95833333333331,200.70833333333331,15.8,9.958333333333334,9.054166666666667,0.2647916666666667,0.2809166666666667,78.875,31.0,47.875,72.19583333333334,78.875,225.13333333333333
2023-02-23,43.60416666666666,56.7,24.0,20:00:00,15:00:00,17.625,58.0,0.0,16:00:00,02:00:00,3.966666666666667,6.0,2.5,12:00:00,00:00:00,47.72916666666666,59.4,38.5,08:00:00,17:00:00,66.22916666666667,80.5,49.8,07:00:00,21:00:00,52.71597222222223,71.96944444444445,5,2,1,1,5,4,9.883333333333333,6.2,13.9,8.583333333333334,82.70833333333333,6.904166666666666,0.3,0.3,1015.5416666666666,997.9416666666666,54.958333333333336,1.4,0.23875,8.7,11.3,203.16666666666663,234.375,16.2,10.258333333333333,9.608333333333333,0.2639166666666667,0.2795,117.41666666666669,75.83333333333333,41.583333333333336,180.3375,117.41666666666669,228.09583333333333
2023-02-24,45.67916666666667,64.3,31.2,20:00:00,15:00:00,12.083333333333334,41.0,0.0,16:00:00,23:00:00,3.5625,4.7,2.8,11:00:00,00:00:00,52.67083333333333,68.6,38.7,01:00:00,23:00:00,68.44166666666666,82.3,48.8,09:00:00,23:00:00,50.58263888888889,66.7142361111111,5,2,1,1,5,4,10.008333333333333,7.7,13.7,8.924999999999999,88.29166666666667,8.075000000000001,3.7,3.7,1011.9875,994.4583333333334,88.91666666666667,1.22,0.16,7.9,15.1,157.16666666666666,201.66666666666663,19.1,10.704166666666666,10.175,0.281875,0.2814583333333333,99.29166666666669,45.5,53.79166666666666,101.1375,99.29166666666669,231.0666666666667
2023-02-25,32.5375,50.3,12.3,00:00:00,16:00:00,22.58333333333333,68.0,1.0,16:00:00,00:00:00,3.1875,4.3,2.0,11:00:00,05:00:00,30.275,37.4,19.3,07:00:00,17:00:00,42.3,55.8,32.3,07:00:00,16:00:00,40.43611111111111,54.32795138888889,4,1,1,1,4,4,10.1875,6.3,15.2,8.1625,82.70833333333333,7.133333333333333,1.3,1.3,1001.3625,984.0291666666668,30.08333333333333,1.71,0.25,15.8,22.7,269.9166666666667,279.1666666666667,30.6,10.645833333333334,10.25,0.3386666666666666,0.28875,142.29166666666666,103.41666666666669,38.875,242.275,142.29166666666666,234.025
2023-02-26,22.79583333333333,40.1,9.5,00:00:00,11:00:00,41.54166666666666,64.0,13.0,16:00:00,00:00:00,2.458333333333333,3.2,1.9,20:00:00,16:00:00,10.316666666666666,30.1,4.4,00:00:00,15:00:00,16.212500000000002,42.1,8.3,00:00:00,17:00:00,19.530034722222226,29.167708333333334,2,1,1,1,2,2,4.9125000000000005,2.1,9.3,0.8583333333333334,79.08333333333333,1.3208333333333335,4.5,4.4,1003.4583333333334,985.7666666666668,71.54166666666667,0.78,0.18875,27.0,41.2,166.33333333333334,142.125,47.5,6.370833333333334,8.795833333333333,0.3276666666666666,0.2911249999999999,24.5,0.4166666666666667,24.08333333333333,0.7583333333333333,24.5,236.975
2023-02-27,32.829166666666666,67.5,14.3,20:00:00,04:00:00,38.458333333333336,56.0,8.0,14:00:00,20:00:00,2.4166666666666665,3.2,2.0,20:00:00,12:00:00,10.6125,14.3,8.1,23:00:00,03:00:00,12.25,18.7,9.3,23:00:00,06:00:00,9.2671875,12.02621527777778,1,1,1,1,1,1,3.704166666666667,2.2,6.3,0.3958333333333333,78.83333333333333,0.2416666666666666,1.5,1.5,1017.6416666666668,999.6166666666668,85.95833333333333,0.82,0.1754166666666666,11.8,18.6,210.58333333333331,173.04166666666666,21.2,4.795833333333333,6.0875,0.342375,0.3018333333333333,61.958333333333336,14.541666666666666,47.41666666666666,29.40833333333333,61.958333333333336,239.9125
2023-02-28,35.52916666666667,69.8,20.5,21:00:00,06:00:00,30.95833333333333,56.0,0.0,16:00:00,22:00:00,2.625,3.3,2.2,07:00:00,16:00:00,20.866666666666667,27.3,14.9,03:00:00,00:00:00,25.016666666666666,34.5,18.5,22:00:00,00:00:00,16.46875,19.175520833333334,2,1,1,1,2,1,3.9583333333333335,1.0,7.1,0.6333333333333333,69.33333333333333,-1.3291666666666666,0.0,0.0,1022.6375,1004.5458333333332,64.83333333333333,1.22,0.25875,11.1,17.7,167.91666666666666,163.08333333333334,22.3,5.745833333333334,6.233333333333333,0.3354999999999999,0.311375,102.20833333333331,43.0,59.208333333333336,90.42083333333332,102.20833333333331,242.87083333333337
2023-03-01,43.90833333333333,61.6,28.4,01:00:00,15:00:00,18.125,51.0,0.0,14:00:00,00:00:00,2.8625000000000003,3.6,2.2,14:00:00,03:00:00,28.179166666666664,37.3,23.6,02:00:00,23:00:00,35.74583333333333,45.7,27.4,02:00:00,00:00:00,25.558854166666663,31.9546875,4,2,1,1,4,2,4.179166666666666,-1.0,8.5,1.0208333333333333,75.5,0.0791666666666666,5.2,5.2,1018.8083333333334,1000.8,61.875,1.16,0.21625,12.0,21.9,147.875,167.5,24.8,5.233333333333333,5.95,0.3229583333333333,0.3083333333333333,103.83333333333331,41.208333333333336,62.625,79.76666666666667,103.83333333333331,245.85416666666663
2023-03-02,38.329166666666666,58.0,24.4,21:00:00,04:00:00,17.333333333333332,40.0,1.0,14:00:00,21:00:00,2.654166666666667,3.4,1.7,22:00:00,01:00:00,24.21666666666667,26.7,21.6,07:00:00,15:00:00,29.4625,34.4,25.9,23:00:00,01:00:00,25.09809027777777,31.13055555555556,4,1,1,1,4,2,6.429166666666667,3.6,10.7,4.008333333333334,83.125,3.633333333333333,0.6,0.6,1018.05,1000.2041666666668,75.33333333333333,1.16,0.1804166666666666,10.5,17.9,258.9583333333333,222.45833333333331,23.0,6.616666666666667,6.625,0.36,0.318,97.875,47.333333333333336,50.54166666666666,96.14583333333331,97.875,248.95833333333331
2023-03-03,41.29166666666666,75.3,21.2,22:00:00,15:00:00,18.95833333333333,63.0,1.0,16:00:00,06:00:00,3.1166666666666667,4.2,2.3,11:00:00,05:00:00,29.766666666666666,36.4,22.9,08:00:00,16:00:00,35.925000000000004,41.7,28.8,23:00:00,17:00:00,27.6,33.40173611111111,4,2,1,1,4,2,7.941666666666666,2.4,13.8,5.683333333333334,77.0,3.8,0.0,0.0,1016.7375,999.0,31.416666666666668,1.82,0.29625,11.7,24.7,221.66666666666663,218.70833333333331,19.4,8.2875,7.6,0.3384583333333333,0.3223333333333333,157.625,117.33333333333331,40.29166666666666,247.32916666666668,157.625,252.17083333333332
2023-03-04,44.2,71.2,17.2,00:00:00,17:00:00,26.20833333333333,83.0,0.0,17:00:00,01:00:00,3.3125,4.4,2.4,11:00:00,02:00:00,36.75,43.6,29.0,02:00:00,16:00:00,46.145833333333336,60.2,38.2,23:00:00,17:00:00,33.71701388888889,41.22899305555556,4,2,1,1,4,3,8.216666666666667,3.1,14.9,6.083333333333333,77.08333333333333,4.079166666666667,0.0,0.0,1016.8166666666666,999.0916666666668,5.0,1.94,0.30375,9.1,18.0,166.79166666666666,167.08333333333334,16.9,9.133333333333333,8.5375,0.31575,0.3130416666666666,160.875,123.375,37.5,267.9166666666667,160.875,255.4416666666667
2023-03-05,37.575,65.7,15.3,00:00:00,16:00:00,34.875,89.0,0.0,16:00:00,01:00:00,3.695833333333333,5.8,2.6,11:00:00,04:00:00,38.02916666666667,55.8,25.1,01:00:00,22:00:00,46.82916666666667,64.7,34.2,01:00:00,21:00:00,39.03663194444445,48.70381944444444,4,1,1,1,4,3,8.220833333333333,2.6,15.2,6.141666666666667,77.04166666666667,4.008333333333334,0.0,0.0,1011.2625,993.6333333333332,2.2916666666666665,2.06,0.3183333333333333,11.8,27.1,246.70833333333331,243.58333333333331,19.8,8.895833333333334,8.595833333333333,0.3077916666666666,0.3105833333333333,169.33333333333334,134.875,34.458333333333336,289.6458333333333,169.33333333333334,258.7291666666667
2023-03-06,36.35833333333333,61.7,16.1,21:00:00,15:00:00,42.5,81.0,11.0,16:00:00,09:00:00,3.2875,4.1,2.3,10:00:00,01:00:00,24.229166666666668,28.7,19.7,23:00:00,17:00:00,33.525,39.9,27.8,12:00:00,17:00:00,28.853125,37.35052083333333,4,1,1,1,4,2,8.891666666666667,4.5,13.4,6.658333333333334,74.95833333333333,4.341666666666667,0.9,0.9,1006.1333333333332,988.65,66.04166666666667,1.54,0.3275,10.6,18.4,215.33333333333331,213.875,21.6,9.345833333333331,9.091666666666669,0.303375,0.3055833333333333,119.08333333333331,57.29166666666666,61.79166666666666,124.95,119.08333333333331,262.0
2023-03-07,37.7125,61.9,15.6,21:00:00,15:00:00,36.875,82.0,3.0,15:00:00,07:00:00,3.3875,4.6,2.5,21:00:00,16:00:00,24.058333333333334,32.7,19.2,07:00:00,19:00:00,34.40833333333333,41.7,28.7,07:00:00,19:00:00,24.260243055555552,34.32829861111112,3,1,1,1,3,2,8.658333333333333,5.0,13.8,6.533333333333334,79.0,4.870833333333334,0.7000000000000001,0.7000000000000001,1003.85,986.3833333333332,66.04166666666667,1.66,0.2775,10.2,17.6,185.25,198.08333333333331,23.0,9.383333333333333,9.191666666666666,0.31775,0.3126666666666666,130.875,76.33333333333333,54.54166666666666,152.9,130.875,265.2875
2023-03-08,47.02916666666667,74.7,15.2,20:00:00,15:00:00,28.875,83.0,1.0,15:00:00,08:00:00,3.845833333333333,5.6,2.4,11:00:00,15:00:00,24.116666666666664,35.0,12.6,08:00:00,17:00:00,32.57083333333333,42.4,22.2,08:00:00,16:00:00,24.34930555555556,33.66076388888889,3,2,1,1,3,2,9.075,2.7,14.6,7.175,78.66666666666667,5.2625,0.1,0.1,1004.7916666666666,987.3375,79.125,1.72,0.2966666666666667,13.2,16.6,248.5,251.66666666666663,25.6,9.670833333333333,9.2875,0.323875,0.3169166666666667,131.58333333333334,73.95833333333333,57.625,147.4125,131.58333333333334,268.62916666666666
2023-03-09,38.5375,76.3,17.6,22:00:00,14:00:00,34.875,75.0,7.0,15:00:00,08:00:00,3.779166666666667,6.2,2.3,21:00:00,04:00:00,23.35,32.3,14.9,00:00:00,16:00:00,30.429166666666664,40.2,20.0,00:00:00,16:00:00,24.055902777777774,31.72118055555556,3,1,1,1,3,2,11.741666666666667,7.6,17.2,10.15,76.20833333333333,7.325,1.0,1.0,1004.2625,986.975,42.29166666666666,2.17,0.3779166666666667,9.7,18.3,278.625,280.7083333333333,20.2,11.85,10.583333333333334,0.3167916666666666,0.3114583333333333,163.95833333333334,111.45833333333331,52.5,223.575,163.95833333333334,272.0625
2023-03-10,35.49166666666667,69.0,17.8,01:00:00,16:00:00,36.0,76.0,2.0,16:00:00,02:00:00,3.1333333333333333,5.0,2.1,00:00:00,16:00:00,22.383333333333336,28.6,14.6,08:00:00,17:00:00,31.525,38.6,20.6,11:00:00,23:00:00,22.61267361111111,31.44045138888889,3,1,1,1,3,2,11.208333333333334,6.6,17.0,9.054166666666667,74.79166666666667,6.4875,0.1,0.1,999.8458333333332,982.6,49.66666666666666,2.29,0.3875,14.6,27.0,184.29166666666663,208.5,28.1,11.916666666666666,11.133333333333333,0.3030416666666666,0.3004166666666666,159.79166666666666,108.54166666666669,51.25,218.54583333333332,159.79166666666666,275.4875
2023-03-11,18.325,40.4,8.3,23:00:00,16:00:00,58.083333333333336,77.0,26.0,14:00:00,23:00:00,2.0500000000000003,2.8,1.5,00:00:00,16:00:00,7.2375,12.9,5.1,22:00:00,04:00:00,9.766666666666667,18.8,7.1,00:00:00,05:00:00,13.461284722222222,19.011111111111116,2,1,2,1,2,1,13.575,9.4,20.0,9.329166666666667,45.208333333333336,1.6708333333333334,0.0,0.0,999.8541666666666,982.7583333333332,38.708333333333336,3.96,0.9008333333333334,19.9,37.0,288.5833333333333,295.125,35.6,13.116666666666667,11.920833333333334,0.2911249999999999,0.2937916666666666,168.66666666666666,118.91666666666669,49.75,236.10416666666663,168.66666666666666,278.9
2023-03-12,20.216666666666665,44.5,8.7,20:00:00,13:00:00,52.04166666666666,80.0,32.0,16:00:00,20:00:00,2.375,3.6,2.0,22:00:00,02:00:00,13.254166666666668,18.9,10.2,22:00:00,15:00:00,21.279166666666665,26.3,13.6,08:00:00,00:00:00,10.626041666666667,15.815625000000002,2,1,2,1,2,1,11.170833333333334,6.9,16.0,8.920833333333333,74.08333333333333,6.495833333333334,0.0,0.0,1013.1083333333332,995.6416666666668,7.291666666666667,2.34,0.3779166666666667,15.0,28.8,87.625,96.79166666666669,28.4,12.6875,12.233333333333334,0.2825,0.2915833333333333,182.70833333333331,143.95833333333334,38.75,293.74583333333334,182.70833333333331,282.2916666666667
2023-03-13,29.8125,49.2,17.8,08:00:00,14:00:00,41.41666666666666,69.0,15.0,14:00:00,08:00:00,2.4375,3.1,1.9,08:00:00,17:00:00,20.454166666666666,28.9,14.5,03:00:00,12:00:00,28.67083333333333,37.9,23.0,08:00:00,00:00:00,17.760590277777776,25.20607638888889,2,1,1,1,2,2,10.7,6.4,15.0,8.891666666666667,75.54166666666667,6.4375,1.2,1.2,1016.475,998.9125,72.875,1.79,0.33875,12.7,22.7,117.875,129.58333333333334,20.9,12.020833333333334,11.7,0.2737916666666667,0.2846666666666666,135.625,71.875,63.75,138.975,135.625,285.6625
2023-03-14,22.42083333333333,34.4,10.2,19:00:00,04:00:00,42.79166666666666,57.0,23.0,16:00:00,08:00:00,2.283333333333333,3.2,1.7,14:00:00,01:00:00,14.0125,19.8,11.2,01:00:00,22:00:00,19.7375,27.4,15.8,00:00:00,22:00:00,16.665104166666666,24.477604166666666,2,1,1,1,2,2,11.616666666666667,9.2,15.7,9.279166666666669,74.625,6.779166666666666,13.1,13.1,1003.4375,986.1583333333332,66.58333333333333,2.06,0.365,22.5,37.2,178.45833333333334,183.75,44.3,12.1,11.75,0.3565,0.3,128.33333333333334,63.54166666666666,64.79166666666667,129.80833333333334,128.33333333333334,289.0208333333333
2023-03-15,17.845833333333335,45.5,7.4,21:00:00,14:00:00,74.375,92.0,41.0,14:00:00,23:00:00,1.8041666666666665,2.6,1.3,21:00:00,12:00:00,4.979166666666667,10.8,3.1,00:00:00,15:00:00,7.5375,14.4,5.2,00:00:00,05:00:00,8.909895833333334,12.933159722222223,2,1,2,1,1,1,10.520833333333334,5.3,14.5,4.504166666666666,28.041666666666668,-7.524999999999999,0.0,0.0,1011.725,994.2333333333332,10.666666666666666,4.54,0.93875,38.0,60.9,272.5416666666667,247.75,66.2,11.25,11.4,0.322,0.3022083333333333,200.91666666666663,157.375,43.54166666666666,316.1791666666667,200.91666666666663,292.34583333333336
2023-03-16,34.354166666666664,58.8,14.4,20:00:00,15:00:00,46.958333333333336,89.0,14.0,16:00:00,08:00:00,2.520833333333333,3.6,1.9,22:00:00,16:00:00,14.708333333333334,17.6,7.6,10:00:00,00:00:00,17.666666666666668,22.5,9.4,22:00:00,00:00:00,9.835590277777778,12.099479166666669,1,1,1,1,1,1,8.308333333333334,3.9,14.2,4.858333333333333,53.54166666666666,-0.9041666666666668,0.0,0.0,1020.775,1003.0,20.166666666666668,2.73,0.55125,12.7,21.3,96.16666666666669,94.25,27.7,10.266666666666667,10.570833333333333,0.3059583333333333,0.3009583333333333,193.125,153.375,39.75,303.6666666666667,193.125,295.65416666666664
2023-03-17,35.6875,75.1,15.7,23:00:00,14:00:00,47.79166666666666,88.0,7.0,16:00:00,23:00:00,2.6625,3.3,2.1,23:00:00,12:00:00,22.058333333333334,29.2,17.3,23:00:00,00:00:00,28.766666666666666,41.5,22.7,23:00:00,18:00:00,18.83246527777778,23.869791666666668,2,1,1,1,2,2,8.058333333333334,3.2,13.5,5.029166666666667,60.208333333333336,0.3916666666666666,0.0,0.0,1022.3625,1004.5333333333332,24.041666666666668,2.43,0.47625,11.3,23.0,73.54166666666667,85.08333333333333,20.5,10.1625,10.325,0.2952916666666667,0.2974166666666666,186.29166666666663,132.20833333333334,54.083333333333336,262.99583333333334,186.29166666666663,298.9208333333333
2023-03-18,51.60416666666666,81.7,15.8,01:00:00,17:00:00,37.875,100.0,0.0,17:00:00,03:00:00,3.795833333333333,5.1,2.8,11:00:00,17:00:00,31.2125,45.1,21.8,02:00:00,17:00:00,41.75833333333333,52.5,33.8,09:00:00,17:00:00,28.0046875,36.63923611111111,4,2,1,1,4,2,9.270833333333334,3.1,15.3,6.995833333333334,62.91666666666666,1.8041666666666665,0.0,0.0,1018.5583333333334,1000.8791666666666,28.08333333333333,2.48,0.5195833333333334,8.6,11.7,225.875,223.125,14.4,10.420833333333333,10.208333333333334,0.2863333333333333,0.2935833333333333,194.70833333333331,149.375,45.333333333333336,284.96250000000003,194.70833333333331,302.15833333333336
2023-03-19,45.0625,80.0,14.3,01:00:00,15:00:00,45.875,99.0,3.0,15:00:00,04:00:00,3.4416666666666664,4.3,2.6,11:00:00,23:00:00,31.254166666666663,41.2,22.4,09:00:00,18:00:00,38.94583333333333,46.0,27.9,05:00:00,17:00:00,30.896527777777777,40.40434027777778,4,2,1,1,4,3,10.420833333333333,4.4,16.1,8.745833333333334,71.20833333333333,5.054166666666666,0.0,0.0,1019.3458333333332,1001.7041666666668,57.458333333333336,2.18,0.4220833333333333,7.6,14.8,128.875,212.41666666666663,15.8,11.225,10.7125,0.2881666666666666,0.2951249999999999,166.45833333333334,98.83333333333331,67.625,186.14166666666665,166.45833333333334,305.3666666666667
2023-03-20,38.6125,73.6,18.6,23:00:00,16:00:00,44.833333333333336,93.0,9.0,16:00:00,07:00:00,2.4291666666666667,3.5,1.8,10:00:00,04:00:00,39.725,56.1,33.2,05:00:00,17:00:00,48.15833333333333,59.4,40.0,05:00:00,16:00:00,35.175694444444446,42.98767361111111,4,1,1,1,4,3,10.354166666666666,4.9,16.9,8.766666666666667,79.875,6.670833333333333,0.0,0.0,1019.3541666666666,1001.725,25.375,2.2,0.3129166666666667,9.5,17.4,88.25,107.375,13.3,11.666666666666666,11.1875,0.2872083333333333,0.2956249999999999,168.08333333333334,103.16666666666669,64.91666666666667,215.49166666666667,168.08333333333334,308.56666666666666
2023-03-21,51.35416666666666,100.1,18.8,22:00:00,16:00:00,37.79166666666666,105.0,2.0,17:00:00,06:00:00,3.4916666666666667,5.3,2.3,21:00:00,02:00:00,46.0125,53.3,37.8,09:00:00,17:00:00,59.90416666666667,75.0,51.8,09:00:00,18:00:00,42.94739583333333,54.39305555555556,4,2,1,1,4,4,11.7125,5.3,18.2,10.383333333333333,74.375,6.7625,0.0,0.0,1017.4666666666668,999.9541666666668,20.70833333333333,2.53,0.4483333333333333,7.0,11.4,244.29166666666663,228.625,17.6,12.229166666666666,11.495833333333332,0.284,0.2929583333333333,192.375,136.54166666666666,55.833333333333336,249.70833333333331,192.375,311.75416666666666
2023-03-22,52.395833333333336,100.0,16.3,00:00:00,16:00:00,42.208333333333336,104.0,0.0,16:00:00,05:00:00,3.891666666666667,6.4,2.1,10:00:00,17:00:00,40.208333333333336,56.3,19.9,01:00:00,23:00:00,55.16666666666666,70.6,27.2,05:00:00,23:00:00,45.73420138888889,60.71840277777778,4,2,1,1,4,4,13.245833333333332,7.2,19.8,12.008333333333333,68.875,7.0375000000000005,0.0,0.0,1015.4875,998.0958333333332,13.666666666666666,2.97,0.5770833333333333,12.4,25.8,236.375,225.29166666666663,19.8,13.55,12.3375,0.2773333333333334,0.2891249999999999,205.875,164.5,41.375,311.96250000000003,205.875,314.9375
2023-03-23,23.33333333333333,38.0,12.3,08:00:00,15:00:00,62.5,95.0,33.0,16:00:00,08:00:00,3.0500000000000003,4.1,2.3,04:00:00,14:00:00,13.554166666666667,18.4,10.2,00:00:00,23:00:00,20.745833333333334,29.1,16.7,00:00:00,23:00:00,23.584722222222226,33.93055555555556,3,1,2,1,3,2,12.9625,8.9,19.3,10.854166666666666,70.0,7.395833333333333,0.0,0.0,1015.5875,998.1833333333334,30.125,2.89,0.5004166666666666,16.9,30.1,258.2083333333333,247.41666666666663,30.6,14.029166666666669,13.029166666666669,0.262,0.2793333333333334,188.95833333333331,135.83333333333334,53.125,234.27916666666667,188.95833333333331,318.1
2023-03-24,20.308333333333334,40.1,10.9,08:00:00,15:00:00,60.625,80.0,34.0,15:00:00,07:00:00,2.525,3.2,1.9,03:00:00,15:00:00,8.795833333333333,12.4,5.9,07:00:00,16:00:00,14.208333333333334,17.2,12.0,01:00:00,22:00:00,11.099305555555556,17.252083333333335,2,1,2,1,2,1,13.295833333333334,9.3,17.5,10.845833333333331,73.875,8.404166666666667,0.5,0.5,1014.5916666666668,997.2291666666666,83.58333333333333,2.15,0.445,21.1,35.7,264.8333333333333,252.16666666666663,40.7,13.7625,13.254166666666668,0.252125,0.27175,106.375,28.70833333333333,77.66666666666667,52.69166666666666,106.375,321.2583333333333
2023-03-25,19.566666666666663,43.8,8.0,22:00:00,16:00:00,56.625,88.0,25.0,15:00:00,08:00:00,2.404166666666667,3.2,1.8,10:00:00,17:00:00,9.229166666666666,15.4,5.8,07:00:00,17:00:00,11.875,16.3,7.9,08:00:00,18:00:00,8.72673611111111,13.079166666666667,2,1,2,1,1,1,14.179166666666667,8.7,20.9,11.633333333333333,62.875,5.829166666666667,0.4,0.4,1011.8541666666666,994.5916666666668,31.83333333333333,3.44,0.71125,18.6,29.3,270.625,274.1666666666667,37.1,14.445833333333333,13.5375,0.2487916666666666,0.2679166666666667,205.70833333333331,154.79166666666666,50.91666666666666,285.8333333333333,205.70833333333331,324.3958333333333
2023-03-26,27.573913043478264,44.5,12.4,00:00:00,15:00:00,40.391304347826086,71.0,10.0,14:00:00,06:00:00,2.847826086956522,3.3,2.5,20:00:00,09:00:00,12.960869565217392,16.1,10.4,23:00:00,14:00:00,15.678260869565218,19.7,11.4,12:00:00,00:00:00,10.996195652173911,13.400543478260872,2,1,1,1,2,1,10.42608695652174,5.3,16.2,8.369565217391305,75.17391304347827,6.017391304347826,3.3,3.3,1008.0304347826088,990.608695652174,41.30434782608695,1.8,0.3330434782608695,12.6,27.3,157.0,158.17391304347825,29.5,12.35217391304348,13.104347826086956,0.2464782608695652,0.2596521739130435,132.65217391304347,75.26086956521739,57.391304347826086,144.20869565217393,132.65217391304347,341.7565217391304
2023-03-27,18.091666666666665,34.9,8.2,00:00:00,16:00:00,62.75,89.0,31.0,17:00:00,00:00:00,2.0791666666666666,3.5,1.2,00:00:00,14:00:00,7.6125,17.0,4.2,00:00:00,13:00:00,9.070833333333333,15.1,6.4,00:00:00,14:00:00,10.94965277777778,12.8578125,2,1,2,1,2,1,10.854166666666666,6.3,16.8,5.195833333333334,46.583333333333336,-2.5291666666666663,0.0,0.0,1008.2958333333332,990.8791666666666,7.208333333333333,4.55,0.785,38.6,54.0,314.8333333333333,319.125,68.4,11.425,11.829166666666666,0.2384166666666666,0.257375,228.58333333333331,184.79166666666663,43.79166666666666,339.21666666666664,228.58333333333331,330.6041666666667
2023-03-28,20.39583333333333,40.0,10.3,09:00:00,02:00:00,71.625,87.0,43.0,16:00:00,10:00:00,2.4125,4.4,1.7,23:00:00,04:00:00,6.929166666666667,9.9,5.8,21:00:00,00:00:00,10.266666666666667,12.6,6.9,21:00:00,00:00:00,6.321527777777778,8.735069444444447,2,1,2,1,1,1,9.708333333333334,3.0,15.5,5.183333333333333,33.708333333333336,-6.120833333333334,0.0,0.0,1022.7625,1005.0375,7.0,4.04,0.85,26.8,45.5,304.2083333333333,276.7083333333333,45.4,11.608333333333334,11.666666666666666,0.2309999999999999,0.2572083333333333,230.41666666666663,185.41666666666663,45.0,341.0541666666667,230.41666666666663,333.68333333333334
2023-03-29,27.3,51.7,12.6,09:00:00,17:00:00,61.0,93.0,24.0,17:00:00,09:00:00,3.35,4.5,2.5,08:00:00,15:00:00,9.9125,12.2,6.1,21:00:00,01:00:00,16.841666666666665,19.6,9.6,19:00:00,00:00:00,8.444618055555557,13.23246527777778,2,1,2,1,1,1,11.195833333333333,5.2,17.8,8.320833333333333,59.16666666666666,3.3000000000000003,0.0,0.0,1023.3708333333334,1005.725,42.25,3.1,0.5895833333333333,14.4,24.3,269.5,256.375,29.5,12.041666666666666,11.5875,0.2236666666666666,0.2535416666666666,204.41666666666663,140.83333333333334,63.583333333333336,259.43333333333334,204.41666666666663,336.7291666666667
2023-03-30,25.425,45.1,14.2,09:00:00,18:00:00,52.25,79.0,21.0,18:00:00,10:00:00,3.033333333333333,3.7,1.8,08:00:00,12:00:00,11.329166666666666,16.6,8.9,08:00:00,11:00:00,19.5,23.4,16.3,08:00:00,18:00:00,11.01909722222222,19.06996527777778,2,1,2,1,2,1,12.779166666666669,9.9,16.0,11.045833333333334,76.04166666666667,8.479166666666666,0.5,0.5,1021.2041666666668,1003.6916666666666,81.58333333333333,1.65,0.3754166666666667,17.0,23.8,256.9166666666667,250.5,31.0,13.1375,12.558333333333332,0.2229166666666666,0.252875,92.33333333333331,15.583333333333334,76.75,31.02916666666667,92.33333333333331,339.7375
2023-03-31,30.0625,50.1,16.8,23:00:00,01:00:00,50.333333333333336,70.0,25.0,16:00:00,23:00:00,3.7083333333333335,5.1,2.6,09:00:00,02:00:00,12.575,16.6,9.0,23:00:00,05:00:00,20.3625,24.6,16.1,12:00:00,02:00:00,11.306423611111112,19.61614583333333,2,1,2,1,2,1,11.083333333333334,8.5,14.1,9.441666666666666,77.16666666666667,7.129166666666666,2.5,2.5,1012.2458333333334,994.7791666666668,83.375,1.26,0.31875,16.2,27.4,192.20833333333331,174.375,31.3,12.545833333333334,12.5625,0.2259166666666666,0.252875,81.45833333333333,15.166666666666666,66.29166666666667,35.670833333333334,81.45833333333333,342.71250000000003
2023-04-01,24.5,41.3,8.7,00:00:00,17:00:00,44.583333333333336,81.0,19.0,18:00:00,08:00:00,2.775,3.6,1.8,04:00:00,14:00:00,10.925,18.2,5.1,03:00:00,14:00:00,14.375,25.7,8.1,02:00:00,19:00:00,13.156944444444443,18.85243055555556,2,1,1,1,2,1,12.358333333333334,6.7,19.6,9.7625,63.833333333333336,4.041666666666667,0.0,0.0,1005.5333333333332,988.2625,10.083333333333334,3.41,0.6720833333333333,13.7,26.2,287.7916666666667,284.7083333333333,25.9,12.9,12.3,0.2212499999999999,0.2545416666666666,223.54166666666663,168.5,55.04166666666666,293.5458333333333,223.54166666666663,345.6625
2023-04-02,22.9,38.1,10.1,01:00:00,14:00:00,53.79166666666666,89.0,23.0,16:00:00,05:00:00,2.7875,3.2,2.3,12:00:00,10:00:00,12.791666666666666,17.9,9.3,07:00:00,03:00:00,15.541666666666666,19.1,10.0,14:00:00,02:00:00,10.924652777777778,13.400520833333331,2,1,2,1,2,1,12.0625,6.7,17.9,9.65,59.583333333333336,4.054166666666666,0.4,0.4,1009.4583333333334,992.0916666666668,23.041666666666668,3.22,0.6183333333333333,13.2,23.4,116.875,139.25,25.6,13.925,13.129166666666668,0.2074583333333333,0.2278333333333333,215.04166666666663,152.29166666666666,62.75,257.3333333333333,215.04166666666663,348.56666666666666
2023-04-03,26.125,46.1,10.1,08:00:00,17:00:00,43.875,78.0,9.0,17:00:00,08:00:00,2.5708333333333333,3.1,2.1,00:00:00,16:00:00,14.625,19.8,11.2,08:00:00,23:00:00,17.754166666666666,23.6,14.6,08:00:00,23:00:00,14.155208333333334,17.18454861111111,2,1,1,1,2,1,11.420833333333334,5.9,18.0,8.433333333333334,65.375,4.65,0.6,0.6,1013.1833333333334,995.7208333333332,29.95833333333333,3.08,0.5354166666666667,21.5,35.5,155.04166666666666,114.95833333333331,39.6,13.345833333333331,13.316666666666668,0.1927083333333333,0.21525,200.0,132.625,67.375,234.42916666666667,200.0,351.45
2023-04-04,15.05,36.3,8.7,23:00:00,13:00:00,66.91666666666667,84.0,46.0,19:00:00,08:00:00,2.5083333333333333,3.1,2.2,23:00:00,13:00:00,9.970833333333331,12.1,7.8,02:00:00,09:00:00,16.3125,20.0,13.9,23:00:00,07:00:00,11.881944444444445,16.447743055555556,2,1,2,1,2,1,9.2125,6.6,13.0,5.483333333333333,48.54166666666666,-1.5791666666666666,0.1,0.1,1016.0583333333334,998.4125,38.91666666666666,3.12,0.6245833333333334,17.4,28.5,118.83333333333331,124.20833333333331,33.8,12.616666666666667,12.941666666666668,0.1857083333333333,0.2095416666666666,210.5,141.95833333333334,68.54166666666667,243.39166666666665,210.5,354.39166666666665
2023-04-05,21.391666666666666,33.9,10.6,09:00:00,15:00:00,64.66666666666667,87.0,40.0,19:00:00,08:00:00,2.270833333333333,3.2,1.7,08:00:00,18:00:00,13.908333333333331,17.7,9.4,08:00:00,02:00:00,21.120833333333334,24.4,17.2,08:00:00,02:00:00,11.729166666666666,18.87204861111111,2,1,2,1,2,1,7.745833333333334,2.6,13.1,3.8333333333333335,44.66666666666666,-3.908333333333333,0.0,0.0,1018.2208333333332,1000.4583333333334,19.5,3.22,0.62375,12.9,24.1,93.25,101.20833333333331,29.2,11.1,11.85,0.1760833333333333,0.1993333333333333,226.875,156.75,70.125,284.3666666666667,226.875,357.3416666666667
2023-04-06,29.21666666666667,55.8,15.6,09:00:00,18:00:00,57.41666666666666,90.0,23.0,18:00:00,08:00:00,2.6041666666666665,3.5,1.9,10:00:00,15:00:00,19.291666666666668,22.9,14.9,23:00:00,00:00:00,27.33333333333333,34.3,22.1,22:00:00,02:00:00,16.744097222222223,24.069444444444443,2,1,2,1,2,2,8.591666666666667,1.7,15.3,5.145833333333333,45.29166666666666,-3.4458333333333333,0.0,0.0,1018.8291666666668,1001.0875,18.45833333333333,3.39,0.6925,11.1,21.2,158.41666666666666,166.04166666666666,22.3,11.2625,11.3125,0.1694583333333333,0.1944166666666666,242.70833333333331,185.70833333333331,57.0,310.56666666666666,242.70833333333331,360.24583333333334
2023-04-07,37.82083333333333,73.6,17.8,09:00:00,18:00:00,47.29166666666666,83.0,6.0,18:00:00,08:00:00,3.1333333333333333,4.3,2.3,11:00:00,19:00:00,21.9125,27.7,18.4,10:00:00,05:00:00,32.3375,42.2,26.6,08:00:00,23:00:00,20.865625,31.011284722222225,3,1,1,1,3,2,8.479166666666666,3.2,15.7,6.054166666666667,70.70833333333333,3.108333333333333,0.6,0.6,1016.2541666666666,998.5583333333334,65.875,1.72,0.3670833333333334,14.7,20.8,200.375,233.125,29.2,10.533333333333331,11.3625,0.1654583333333333,0.1869166666666666,119.125,29.58333333333333,89.54166666666667,56.04583333333333,119.125,363.1
2023-04-08,26.3375,41.5,10.6,02:00:00,16:00:00,54.375,97.0,9.0,18:00:00,07:00:00,2.3041666666666667,3.1,1.8,11:00:00,18:00:00,20.041666666666668,25.6,13.7,09:00:00,20:00:00,26.20833333333333,33.2,18.9,02:00:00,20:00:00,21.34618055555556,29.40659722222222,3,1,2,1,3,2,11.058333333333332,4.2,18.0,8.633333333333333,65.625,3.65,0.1,0.1,1016.9583333333334,999.4041666666668,16.583333333333332,3.4,0.5866666666666667,17.1,29.3,234.79166666666663,238.20833333333331,29.5,12.566666666666668,11.295833333333334,0.171875,0.1791249999999999,239.625,183.66666666666663,55.958333333333336,311.7,239.625,365.9166666666667
2023-04-09,14.1875,22.2,9.0,08:00:00,13:00:00,77.25,103.0,45.0,19:00:00,08:00:00,1.6791666666666665,2.1,1.4,00:00:00,11:00:00,14.5875,22.0,11.1,00:00:00,18:00:00,19.308333333333334,26.3,14.3,00:00:00,19:00:00,17.318055555555556,22.56736111111111,2,1,2,1,2,2,11.720833333333331,5.7,17.7,8.833333333333334,61.25,3.820833333333333,0.1,0.1,1020.6541666666668,1003.0875,24.291666666666668,3.22,0.6083333333333333,15.9,28.8,86.54166666666667,93.125,28.8,13.533333333333331,12.608333333333334,0.1650833333333333,0.1766666666666666,212.625,143.95833333333334,68.66666666666667,260.75,212.625,368.85833333333335
2023-04-10,16.375,42.0,8.1,23:00:00,13:00:00,67.08333333333333,95.0,45.0,19:00:00,08:00:00,1.8916666666666664,2.8,1.4,22:00:00,18:00:00,10.729166666666666,13.7,8.4,00:00:00,16:00:00,14.9625,17.8,13.6,22:00:00,18:00:00,12.080034722222225,16.121354166666666,2,1,2,1,2,1,12.308333333333332,7.4,17.5,9.475,52.25,2.2125,0.0,0.0,1023.0541666666668,1005.475,45.91666666666666,3.52,0.75,15.9,28.4,114.79166666666669,123.0,28.1,14.425,13.241666666666667,0.1576666666666666,0.1720416666666666,223.875,145.04166666666666,78.83333333333333,233.2458333333333,223.875,371.87916666666666
2023-04-11,27.04583333333333,48.0,9.8,08:00:00,17:00:00,54.29166666666666,96.0,7.0,17:00:00,07:00:00,2.558333333333333,3.4,2.0,09:00:00,11:00:00,14.154166666666669,21.9,10.8,08:00:00,19:00:00,21.1125,29.8,15.7,09:00:00,20:00:00,12.927951388888888,18.98836805555556,2,1,2,1,2,1,13.833333333333334,8.1,19.6,11.475,58.91666666666666,5.679166666666667,0.0,0.0,1016.2333333333332,998.8666666666668,60.79166666666666,3.31,0.7025,19.0,25.2,214.66666666666663,250.95833333333331,34.9,15.020833333333334,13.695833333333333,0.1495833333333333,0.1675,202.41666666666663,113.16666666666669,89.25,192.1083333333333,202.41666666666663,374.87916666666666
2023-04-12,19.55,29.7,12.0,09:00:00,16:00:00,60.208333333333336,87.0,32.0,17:00:00,07:00:00,2.2666666666666666,2.7,1.9,04:00:00,23:00:00,17.162499999999998,21.1,11.0,09:00:00,02:00:00,23.008333333333336,29.2,17.1,08:00:00,02:00:00,14.883506944444443,21.026215277777776,2,1,2,1,2,2,12.575,8.9,17.2,10.3625,70.375,6.545833333333333,4.5,4.5,1009.5958333333332,992.2666666666668,75.29166666666667,2.45,0.4945833333333334,12.7,21.7,110.54166666666669,123.66666666666669,25.2,14.125,13.941666666666668,0.1547083333333333,0.1683333333333333,144.29166666666666,49.16666666666666,95.125,82.5,144.29166666666666,377.8458333333333
2023-04-13,18.745833333333334,24.0,14.4,08:00:00,04:00:00,52.458333333333336,62.0,39.0,18:00:00,08:00:00,2.1125000000000003,2.8,1.5,22:00:00,01:00:00,11.8,19.0,8.0,00:00:00,20:00:00,15.083333333333334,24.0,9.7,00:00:00,20:00:00,15.685416666666669,20.37170138888889,2,1,2,1,2,2,10.054166666666667,7.6,12.7,7.925,81.54166666666667,6.9,17.7,17.7,1002.9166666666666,985.5583333333334,89.16666666666667,1.33,0.2341666666666666,21.1,33.7,108.875,114.41666666666669,43.9,11.008333333333333,12.720833333333331,0.3269166666666667,0.1843749999999999,87.58333333333333,18.291666666666668,69.29166666666667,33.12083333333333,87.58333333333333,380.775
2023-04-14,15.4375,23.8,9.3,09:00:00,18:00:00,65.54166666666667,91.0,39.0,18:00:00,09:00:00,2.058333333333333,2.9,1.3,23:00:00,12:00:00,5.879166666666666,7.8,4.5,00:00:00,09:00:00,7.462499999999999,9.1,5.8,00:00:00,06:00:00,7.810243055555556,10.031597222222222,2,1,2,1,1,1,12.579166666666666,6.0,19.6,7.941666666666666,40.708333333333336,-2.125,0.0,0.0,1003.4291666666668,986.2041666666668,46.5,4.9,0.98125,30.5,43.4,289.3333333333333,288.3333333333333,53.6,12.1375,11.320833333333333,0.3017916666666667,0.19925,260.75,203.70833333333331,57.04166666666666,339.4125,260.75,383.6875
2023-04-15,23.0375,40.4,11.0,07:00:00,17:00:00,54.75,87.0,16.0,17:00:00,08:00:00,2.954166666666667,4.2,2.1,00:00:00,06:00:00,11.370833333333332,14.7,6.8,11:00:00,01:00:00,15.054166666666667,20.1,7.5,11:00:00,00:00:00,8.593229166666667,11.01996527777778,2,1,2,1,1,1,11.3125,4.0,17.7,8.791666666666666,57.25,2.645833333333333,0.1,0.1,1005.4833333333332,988.1458333333334,36.625,3.34,0.6358333333333334,12.2,21.7,162.41666666666666,162.95833333333334,24.5,13.129166666666668,12.441666666666668,0.26075,0.1994166666666667,226.0,147.04166666666666,78.95833333333333,252.39583333333331,226.0,386.5583333333333
2023-04-16,18.741666666666667,28.5,9.5,08:00:00,16:00:00,63.583333333333336,89.0,28.0,17:00:00,09:00:00,2.466666666666667,3.1,2.2,00:00:00,12:00:00,10.920833333333334,15.3,7.2,08:00:00,17:00:00,14.3,18.1,10.7,05:00:00,20:00:00,11.744965277777778,15.610416666666667,2,1,2,1,2,1,12.745833333333332,7.0,19.3,10.870833333333332,65.625,5.908333333333334,0.1,0.1,1012.5791666666668,995.1958333333332,32.208333333333336,3.49,0.5983333333333333,11.1,22.1,139.79166666666666,129.95833333333334,29.5,14.116666666666667,13.070833333333333,0.2192499999999999,0.19375,240.66666666666663,172.04166666666666,68.625,277.2916666666667,240.66666666666663,389.4375
2023-04-17,23.629166666666663,44.4,9.4,09:00:00,16:00:00,58.958333333333336,93.0,16.0,17:00:00,09:00:00,2.3666666666666667,3.8,1.6,10:00:00,15:00:00,12.504166666666668,17.9,7.9,08:00:00,19:00:00,13.975,18.5,10.2,08:00:00,21:00:00,11.972048611111113,13.893750000000002,2,1,2,1,2,1,13.104166666666666,7.3,19.1,11.220833333333331,63.66666666666666,5.483333333333333,0.0,0.0,1014.8916666666668,997.5125,17.75,3.79,0.6529166666666667,11.7,17.0,112.54166666666669,123.25,26.6,15.1375,13.920833333333334,0.2028333333333333,0.1917083333333333,260.4166666666667,204.25,56.16666666666666,336.27500000000003,260.4166666666667,392.3333333333333
2023-04-18,30.816666666666663,51.0,13.5,09:00:00,17:00:00,52.375,100.0,13.0,17:00:00,07:00:00,3.0541666666666667,4.5,2.1,10:00:00,18:00:00,15.375,20.2,9.9,21:00:00,00:00:00,18.45833333333333,23.7,11.3,09:00:00,00:00:00,13.045833333333333,15.766666666666667,2,1,2,1,2,1,14.5,7.5,21.4,12.670833333333334,57.708333333333336,5.3375,0.1,0.1,1015.0541666666668,997.7416666666668,15.041666666666666,3.88,0.8275,11.2,19.1,215.375,219.875,24.1,16.087500000000002,14.541666666666666,0.1797916666666666,0.1850416666666666,250.04166666666663,188.04166666666663,62.0,306.70416666666665,250.04166666666663,395.1833333333333
2023-04-19,27.73333333333333,51.2,11.5,09:00:00,16:00:00,59.91666666666666,105.0,19.0,18:00:00,08:00:00,2.7375000000000003,3.5,2.0,10:00:00,15:00:00,16.1875,26.4,8.9,03:00:00,18:00:00,22.29583333333333,29.2,14.7,04:00:00,20:00:00,17.234201388888888,21.58836805555556,2,1,2,1,2,2,15.620833333333332,9.3,22.3,14.025,57.458333333333336,6.229166666666667,0.0,0.0,1014.2083333333334,996.9791666666666,12.833333333333334,4.0,0.8904166666666667,14.6,24.0,110.45833333333331,126.20833333333331,27.7,17.220833333333335,15.475,0.1648333333333333,0.1789583333333333,260.125,202.33333333333331,57.79166666666666,331.25416666666666,260.125,397.9958333333333
2023-04-20,14.716666666666669,18.2,9.3,20:00:00,04:00:00,60.583333333333336,77.0,49.0,01:00:00,11:00:00,1.7416666666666665,2.3,1.4,00:00:00,12:00:00,11.358333333333334,15.0,8.2,01:00:00,05:00:00,13.25,18.7,10.5,00:00:00,05:00:00,12.566319444444444,16.856597222222224,2,1,2,1,2,1,11.675,10.4,13.0,9.0625,87.875,9.725,34.4,34.4,1011.3125,993.9041666666668,87.25,1.11,0.1670833333333333,27.5,43.6,89.79166666666667,92.58333333333331,47.9,13.195833333333333,14.841666666666669,0.3104166666666667,0.2150416666666666,65.875,7.083333333333333,58.79166666666666,12.470833333333331,65.875,400.7625
2023-04-21,19.0625,41.5,8.1,23:00:00,05:00:00,52.91666666666666,73.0,29.0,17:00:00,23:00:00,1.8291666666666664,3.3,0.8,22:00:00,02:00:00,11.970833333333331,13.5,9.7,23:00:00,05:00:00,13.5625,15.3,10.5,11:00:00,05:00:00,11.449826388888887,13.050347222222223,2,1,2,1,2,1,12.329166666666666,10.0,16.4,10.783333333333331,84.125,9.6,13.7,13.7,1014.3708333333334,996.9583333333334,92.29166666666669,1.74,0.25,21.0,34.0,139.20833333333334,142.08333333333334,43.6,12.8625,12.770833333333334,0.3850416666666666,0.3067083333333333,118.29166666666669,35.791666666666664,82.5,49.06666666666666,118.29166666666669,403.4791666666667
2023-04-22,25.6625,48.3,9.9,23:00:00,17:00:00,44.91666666666666,99.0,6.0,17:00:00,07:00:00,2.6333333333333333,3.7,1.8,23:00:00,17:00:00,14.608333333333334,19.3,9.9,08:00:00,17:00:00,16.533333333333335,21.6,13.4,02:00:00,18:00:00,13.803819444444445,15.47309027777778,2,1,1,1,2,1,13.691666666666668,6.5,19.8,12.729166666666666,73.20833333333333,8.516666666666667,0.0,0.0,1014.6541666666668,997.3083333333334,52.5,3.29,0.5083333333333333,7.7,11.6,255.25,256.9166666666667,18.0,14.570833333333333,13.391666666666666,0.3335833333333333,0.3092499999999999,231.45833333333331,132.41666666666666,99.04166666666669,210.3166666666667,231.45833333333331,406.1583333333333
2023-04-23,21.4125,48.3,6.9,01:00:00,16:00:00,61.41666666666666,108.0,23.0,17:00:00,02:00:00,3.045833333333333,4.8,1.7,23:00:00,16:00:00,14.070833333333333,21.0,9.7,02:00:00,12:00:00,17.354166666666668,25.2,13.3,02:00:00,13:00:00,14.814409722222225,17.570659722222224,2,1,2,1,2,1,15.3625,10.2,21.1,14.141666666666666,67.54166666666667,8.833333333333334,0.2,0.2,1011.5458333333332,994.35,55.583333333333336,3.8,0.6533333333333333,16.3,23.8,224.66666666666663,218.79166666666663,28.4,15.983333333333334,14.691666666666668,0.3057083333333333,0.3014166666666666,241.83333333333331,158.70833333333334,83.125,238.35416666666663,241.83333333333331,408.7791666666667
2023-04-24,15.541666666666666,27.5,8.6,21:00:00,16:00:00,71.29166666666667,93.0,39.0,17:00:00,08:00:00,2.958333333333333,4.0,2.0,12:00:00,05:00:00,7.766666666666667,13.0,5.0,00:00:00,15:00:00,8.716666666666667,14.9,5.9,00:00:00,15:00:00,10.340451388888887,12.589409722222223,2,1,2,1,2,1,15.391666666666666,11.0,21.2,13.7625,65.66666666666667,8.15,19.9,19.9,1006.975,989.85,36.083333333333336,4.12,0.6862499999999999,16.1,33.0,283.7083333333333,273.3333333333333,30.2,16.1125,15.304166666666667,0.3717916666666667,0.331125,262.5,195.08333333333331,67.41666666666667,309.825,262.5,411.35
2023-04-25,14.1375,25.6,8.1,00:00:00,16:00:00,69.83333333333333,92.0,49.0,16:00:00,09:00:00,2.3291666666666666,3.1,1.6,21:00:00,10:00:00,7.766666666666667,13.4,4.8,03:00:00,18:00:00,8.270833333333334,10.7,6.4,12:00:00,17:00:00,7.7078125,8.059722222222224,2,1,2,1,1,1,13.8125,10.2,19.0,11.7375,66.58333333333333,6.9625,0.5,0.5,1008.8666666666668,991.6333333333332,16.958333333333332,3.64,0.5916666666666667,17.7,32.1,162.45833333333334,169.125,29.9,16.1375,15.5125,0.3295416666666667,0.3241666666666666,238.58333333333331,158.29166666666666,80.29166666666667,262.5208333333333,238.58333333333331,413.85
2023-04-26,22.979166666666668,39.2,11.8,09:00:00,17:00:00,57.583333333333336,100.0,14.0,18:00:00,07:00:00,2.733333333333333,3.8,2.1,22:00:00,19:00:00,10.766666666666666,14.7,7.1,10:00:00,00:00:00,12.7875,17.9,7.7,09:00:00,00:00:00,8.773784722222222,10.094791666666667,2,1,2,1,1,1,13.279166666666669,5.9,20.2,11.708333333333334,62.375,4.9750000000000005,0.0,0.0,1013.725,996.3625,9.166666666666666,4.0,0.7129166666666666,12.4,20.1,182.41666666666663,173.5,18.0,15.4,14.970833333333331,0.3080833333333333,0.3119583333333333,283.125,219.625,63.5,348.8333333333333,283.125,416.3125
2023-04-27,24.508333333333336,36.2,11.3,04:00:00,16:00:00,66.08333333333333,106.0,25.0,19:00:00,09:00:00,2.525,3.2,1.7,01:00:00,07:00:00,15.408333333333331,19.1,10.4,05:00:00,01:00:00,21.629166666666663,26.9,15.1,08:00:00,01:00:00,13.173784722222225,17.622395833333332,2,1,2,1,2,1,14.2875,7.8,20.9,12.7125,62.04166666666666,6.65,0.0,0.0,1017.1083333333332,999.75,15.083333333333334,3.99,0.71,9.5,21.3,94.45833333333331,128.79166666666666,23.0,15.966666666666669,15.25,0.2717916666666667,0.29,272.5833333333333,197.375,75.20833333333333,314.0625,272.5833333333333,418.7125
2023-04-28,19.8125,33.8,10.1,09:00:00,15:00:00,71.20833333333333,109.0,33.0,18:00:00,08:00:00,2.5458333333333334,3.4,2.0,21:00:00,03:00:00,15.2,18.7,9.6,00:00:00,16:00:00,20.60833333333333,25.7,14.7,00:00:00,17:00:00,16.150347222222223,22.063715277777774,2,1,2,1,2,2,15.6625,9.8,22.1,14.279166666666669,61.708333333333336,7.845833333333334,0.0,0.0,1018.2125,1000.9208333333332,39.375,4.05,0.77625,12.3,24.5,150.04166666666666,157.70833333333334,20.9,17.166666666666668,15.854166666666666,0.24525,0.2729583333333333,255.41666666666663,171.83333333333334,83.58333333333333,258.31666666666666,255.41666666666663,421.0541666666666
2023-04-29,14.766666666666666,25.5,8.1,23:00:00,17:00:00,67.20833333333333,94.0,45.0,17:00:00,11:00:00,2.6916666666666664,3.2,2.2,20:00:00,10:00:00,11.308333333333332,15.7,8.8,23:00:00,12:00:00,17.416666666666668,22.0,14.6,22:00:00,17:00:00,12.4296875,17.984548611111112,2,1,2,1,2,1,16.216666666666665,11.9,21.2,15.733333333333334,76.54166666666667,11.741666666666667,0.0,0.0,1014.4291666666668,997.2333333333332,66.79166666666667,2.71,0.49875,11.9,23.3,211.25,208.08333333333331,24.5,17.287499999999998,16.224999999999998,0.231125,0.2614166666666667,173.25,54.04166666666666,119.20833333333331,86.08749999999999,173.25,423.3666666666666
2023-04-30,13.145833333333334,24.5,7.2,00:00:00,16:00:00,72.25,100.0,50.0,16:00:00,02:00:00,2.1708333333333334,2.4,1.9,05:00:00,15:00:00,18.558333333333334,23.0,13.9,06:00:00,14:00:00,22.729166666666668,28.7,18.0,06:00:00,23:00:00,15.480381944444444,20.893229166666668,2,1,2,1,2,2,16.5125,13.3,21.5,15.375,76.16666666666667,12.066666666666668,5.8,5.8,1014.8166666666666,997.6333333333332,85.125,2.78,0.49125,20.4,26.6,84.16666666666667,79.45833333333333,38.5,17.416666666666668,16.5,0.2365,0.2524583333333333,163.83333333333334,50.208333333333336,113.625,79.95416666666667,163.83333333333334,425.6375
2023-05-01,13.675,23.3,7.8,22:00:00,14:00:00,60.625,80.0,45.0,16:00:00,04:00:00,2.129166666666667,2.8,1.7,22:00:00,15:00:00,11.05,16.6,9.1,00:00:00,14:00:00,12.733333333333334,17.0,10.8,00:00:00,21:00:00,14.843402777777778,17.259895833333335,2,1,2,1,2,1,14.891666666666666,12.8,17.7,13.283333333333331,74.25,10.033333333333331,2.8,2.8,1015.0208333333334,997.7416666666668,92.91666666666669,2.28,0.4620833333333333,20.8,28.9,117.91666666666669,98.04166666666669,38.5,15.633333333333333,15.65,0.3463333333333333,0.2658333333333333,131.91666666666666,30.08333333333333,101.83333333333331,49.583333333333336,131.91666666666666,427.8625
2023-05-02,15.425,23.6,9.1,09:00:00,05:00:00,55.833333333333336,82.0,33.0,17:00:00,10:00:00,2.066666666666667,2.8,1.7,01:00:00,06:00:00,7.495833333333334,12.4,5.1,00:00:00,13:00:00,9.575,14.7,7.0,02:00:00,15:00:00,9.121006944444444,11.324826388888887,2,1,2,1,1,1,15.329166666666667,11.7,20.5,14.1625,73.41666666666667,10.2,9.9,9.9,1015.8208333333332,998.5541666666668,61.25,3.68,0.53,17.4,26.8,230.91666666666663,235.25,33.5,16.320833333333333,15.45,0.3520416666666666,0.2832916666666666,245.95833333333331,142.83333333333334,103.125,213.16666666666663,245.95833333333331,430.0708333333334
2023-05-03,17.212500000000002,27.1,9.5,09:00:00,15:00:00,63.208333333333336,100.0,23.0,19:00:00,08:00:00,2.083333333333333,2.6,1.6,09:00:00,16:00:00,8.7125,11.3,7.0,21:00:00,18:00:00,10.541666666666666,14.5,9.0,09:00:00,02:00:00,7.701909722222222,9.61059027777778,2,1,2,1,1,1,15.795833333333334,11.5,21.3,15.2,70.75,9.979166666666666,0.4,0.4,1020.5125,1003.1791666666668,37.5,3.97,0.6095833333333334,13.8,24.4,181.66666666666663,143.58333333333334,24.8,17.258333333333333,16.079166666666666,0.3154166666666667,0.2851666666666666,263.0833333333333,191.79166666666663,71.29166666666667,299.725,263.0833333333333,432.2291666666667
2023-05-04,23.5,45.9,10.6,23:00:00,14:00:00,67.70833333333333,113.0,23.0,19:00:00,08:00:00,2.2333333333333334,3.0,1.7,23:00:00,03:00:00,12.854166666666666,16.6,8.9,23:00:00,00:00:00,16.179166666666667,20.9,9.7,09:00:00,00:00:00,10.74236111111111,13.200173611111111,2,1,2,1,2,1,17.241666666666667,12.6,22.7,16.5,64.04166666666667,9.7125,0.0,0.0,1020.9166666666666,1003.6791666666668,39.208333333333336,3.81,0.8116666666666666,9.4,19.8,100.375,112.875,18.7,18.508333333333333,16.983333333333334,0.2876249999999999,0.2768333333333333,242.91666666666663,152.66666666666666,90.25,237.77083333333331,242.91666666666663,434.3541666666667
2023-05-05,26.6875,44.5,10.8,02:00:00,17:00:00,75.41666666666667,127.0,28.0,17:00:00,08:00:00,2.5,3.5,2.0,22:00:00,05:00:00,19.695833333333333,27.5,12.9,09:00:00,19:00:00,25.89583333333333,37.7,19.3,09:00:00,17:00:00,17.053645833333334,22.016319444444445,2,1,2,1,2,2,18.35833333333333,12.1,24.3,17.945833333333333,63.5,10.745833333333332,0.0,0.0,1018.7541666666666,1001.6125,29.45833333333333,4.35,0.8879166666666666,10.5,21.4,133.0,159.04166666666666,20.9,19.275,17.6375,0.2596666666666666,0.2658333333333333,264.2083333333333,179.20833333333334,85.0,275.225,264.2083333333333,436.4166666666667
2023-05-06,20.23333333333333,35.9,9.6,22:00:00,18:00:00,89.25,132.0,41.0,18:00:00,08:00:00,3.529166666666667,4.7,2.7,23:00:00,13:00:00,14.4625,20.7,10.7,22:00:00,11:00:00,18.78333333333333,25.4,12.4,23:00:00,11:00:00,16.014583333333334,21.089409722222225,2,1,2,1,2,2,19.929166666666667,13.4,25.8,19.808333333333334,59.333333333333336,11.329166666666666,0.0,0.0,1015.5125,998.5208333333334,32.541666666666664,4.63,1.0558333333333334,12.0,24.5,250.875,232.83333333333331,19.4,20.679166666666667,18.666666666666668,0.2340833333333333,0.2535,276.375,204.75,71.625,296.77916666666664,276.375,438.4583333333333
2023-05-07,17.908333333333335,35.1,8.7,00:00:00,16:00:00,83.45833333333333,106.0,51.0,16:00:00,04:00:00,2.5791666666666666,4.7,1.5,00:00:00,18:00:00,10.570833333333333,21.5,6.0,01:00:00,19:00:00,13.333333333333334,25.5,8.0,00:00:00,19:00:00,13.853645833333331,17.738194444444446,2,1,2,1,2,1,18.65,15.9,24.5,19.433333333333334,79.20833333333333,14.695833333333333,21.8,21.8,1016.0625,998.9958333333334,57.75,3.41,0.505,15.5,25.0,166.375,129.91666666666666,28.8,20.22083333333333,19.291666666666668,0.3334166666666667,0.251375,212.70833333333331,104.45833333333331,108.25,147.35416666666666,212.70833333333331,440.45416666666665
2023-05-08,16.383333333333333,24.9,8.2,00:00:00,16:00:00,76.54166666666667,103.0,57.0,17:00:00,03:00:00,2.308333333333333,3.4,1.4,22:00:00,06:00:00,9.854166666666666,12.7,7.3,11:00:00,01:00:00,12.083333333333334,16.2,8.6,11:00:00,05:00:00,9.00798611111111,11.12638888888889,2,1,2,1,1,1,17.775000000000002,15.2,22.7,18.05,80.33333333333333,14.108333333333334,16.9,16.9,1018.1083333333332,1000.9416666666666,62.375,3.22,0.44375,15.0,23.2,96.875,102.79166666666669,29.5,19.0,18.366666666666667,0.3954166666666667,0.332125,209.95833333333331,111.58333333333331,98.375,164.69166666666666,209.95833333333331,442.4041666666667
2023-05-09,12.8875,18.4,7.9,00:00:00,16:00:00,70.66666666666667,92.0,50.0,17:00:00,07:00:00,2.4250000000000003,3.4,1.2,00:00:00,23:00:00,11.829166666666666,14.7,9.3,04:00:00,14:00:00,15.3,18.6,12.7,05:00:00,18:00:00,11.383680555555555,14.418923611111111,2,1,2,1,2,1,17.208333333333332,13.8,21.8,16.433333333333334,78.33333333333333,13.120833333333332,11.6,11.6,1016.6625,999.4875,75.5,3.04,0.4758333333333333,19.1,31.3,96.41666666666669,103.0,32.0,18.404166666666665,18.10833333333333,0.367875,0.34,184.0,78.95833333333333,105.04166666666669,113.51666666666668,184.0,444.3041666666666
2023-05-10,12.145833333333334,22.4,5.4,22:00:00,03:00:00,64.25,72.0,52.0,04:00:00,23:00:00,1.875,2.4,1.3,22:00:00,06:00:00,9.408333333333331,10.8,7.7,21:00:00,14:00:00,10.629166666666666,13.3,9.2,00:00:00,06:00:00,10.382465277777778,12.67777777777778,2,1,2,1,2,1,13.879166666666668,12.4,16.5,12.408333333333331,84.125,11.2,41.0,41.0,1012.3541666666666,995.0666666666666,95.125,1.99,0.26125,26.9,42.5,127.83333333333331,105.33333333333331,47.9,15.570833333333333,16.516666666666666,0.4208333333333333,0.4079583333333333,130.29166666666666,28.58333333333333,101.70833333333331,42.9125,130.29166666666666,446.2000000000001
2023-05-11,16.3,24.5,10.9,23:00:00,14:00:00,48.5,74.0,24.0,17:00:00,05:00:00,2.5375,3.7,2.1,08:00:00,13:00:00,7.604166666666667,10.1,5.3,01:00:00,11:00:00,10.729166666666666,14.6,8.3,09:00:00,14:00:00,8.652256944444444,10.814583333333331,1,1,1,1,1,1,14.091666666666669,10.0,18.5,13.254166666666668,82.79166666666667,11.05,2.0,2.0,1010.9416666666666,993.6916666666666,67.625,2.64,0.3083333333333333,15.0,20.8,206.875,209.91666666666663,28.8,15.7625,15.733333333333334,0.395375,0.3832916666666666,186.875,67.91666666666667,118.95833333333331,104.10416666666669,186.875,448.1
2023-05-12,17.020833333333332,28.3,9.9,21:00:00,15:00:00,46.833333333333336,63.0,33.0,16:00:00,09:00:00,1.9375,2.2,1.7,04:00:00,17:00:00,5.8125,8.7,4.4,00:00:00,17:00:00,8.354166666666666,11.7,5.5,00:00:00,19:00:00,6.756770833333333,9.625868055555555,1,1,1,1,1,1,13.420833333333334,10.6,17.6,12.725,84.33333333333333,10.708333333333334,22.3,22.3,1012.9916666666668,995.6541666666668,67.0,2.88,0.26375,11.3,18.1,87.66666666666667,91.79166666666669,25.9,15.358333333333334,15.545833333333334,0.4012916666666666,0.3819999999999999,220.08333333333331,116.91666666666669,103.16666666666669,175.77499999999998,220.08333333333331,449.95416666666665
2023-05-13,12.25,19.9,7.0,00:00:00,15:00:00,61.375,85.0,29.0,19:00:00,08:00:00,1.5875,1.9,1.4,17:00:00,02:00:00,8.262500000000001,10.0,5.1,22:00:00,00:00:00,9.925,12.8,7.2,11:00:00,19:00:00,6.66076388888889,8.753645833333335,2,1,2,1,1,1,13.604166666666666,9.7,17.5,12.741666666666667,81.70833333333333,10.304166666666667,2.9,2.9,1016.7291666666666,999.3541666666666,67.70833333333333,2.59,0.3229166666666667,10.5,18.8,86.20833333333333,91.375,21.2,15.104166666666666,15.179166666666667,0.3917083333333333,0.3797916666666667,183.91666666666663,71.33333333333333,112.58333333333331,112.77083333333331,183.91666666666663,451.75
2023-05-14,11.954166666666666,18.7,5.8,23:00:00,17:00:00,66.08333333333333,90.0,43.0,17:00:00,08:00:00,1.8208333333333333,2.3,1.4,23:00:00,01:00:00,6.520833333333333,9.3,4.2,01:00:00,17:00:00,7.079166666666667,9.4,5.1,00:00:00,15:00:00,7.7640625,8.747569444444446,2,1,2,1,1,1,14.175,11.0,19.0,13.345833333333331,79.41666666666667,10.416666666666666,6.0,6.0,1013.075,995.7791666666668,80.79166666666667,3.0,0.3741666666666667,12.1,21.0,184.29166666666663,162.95833333333334,27.7,16.116666666666667,15.795833333333334,0.3739583333333333,0.3623333333333333,212.5,91.16666666666669,121.33333333333331,124.325,212.5,453.4958333333333
2023-05-15,18.025,28.9,10.5,23:00:00,15:00:00,59.125,92.0,17.0,18:00:00,08:00:00,2.5541666666666667,3.2,1.9,21:00:00,03:00:00,8.791666666666666,12.5,6.0,22:00:00,16:00:00,10.295833333333333,14.8,6.9,23:00:00,00:00:00,7.363715277777778,8.449652777777779,2,1,2,1,1,1,15.216666666666669,9.0,21.4,15.025,77.91666666666667,10.7625,0.3,0.3,1008.9291666666668,991.7625,17.25,3.99,0.4916666666666667,7.8,14.4,113.33333333333331,111.08333333333331,21.6,17.0,16.2,0.3580416666666666,0.3537916666666666,276.7916666666667,185.08333333333331,91.70833333333331,276.1458333333333,276.7916666666667,455.17916666666673
2023-05-16,23.6375,31.7,15.1,02:00:00,15:00:00,44.5,62.0,17.0,15:00:00,08:00:00,2.4875000000000003,3.7,1.4,05:00:00,17:00:00,10.166666666666666,13.7,8.3,04:00:00,21:00:00,13.279166666666669,15.9,10.3,05:00:00,21:00:00,9.933854166666666,12.183159722222223,1,1,1,1,1,1,14.820833333333333,11.7,17.6,14.166666666666666,80.625,11.391666666666666,1.5,1.5,1005.8291666666668,988.6958333333332,61.583333333333336,2.01,0.3475,12.2,22.2,185.33333333333331,164.58333333333334,23.4,16.116666666666667,16.266666666666666,0.3487499999999999,0.3425833333333333,131.58333333333334,31.25,100.33333333333331,68.77499999999999,131.58333333333334,456.8083333333333
2023-05-17,21.116666666666667,27.9,13.2,11:00:00,16:00:00,43.91666666666666,67.0,22.0,15:00:00,07:00:00,1.7083333333333333,2.5,1.1,19:00:00,09:00:00,8.1625,11.4,6.5,01:00:00,07:00:00,11.4125,14.2,8.1,06:00:00,20:00:00,9.024479166666667,12.37152777777778,1,1,1,1,1,1,14.033333333333331,12.4,16.2,13.5375,85.54166666666667,11.591666666666669,3.4,3.4,1011.95,994.6708333333332,85.5,1.44,0.2408333333333333,15.2,21.4,189.29166666666663,203.33333333333331,27.7,14.95,15.329166666666666,0.353,0.3372916666666667,91.95833333333331,8.083333333333334,83.875,15.829166666666666,91.95833333333331,458.375
2023-05-18,18.6375,27.2,8.5,01:00:00,17:00:00,51.875,88.0,19.0,18:00:00,08:00:00,1.9041666666666668,2.6,1.5,00:00:00,19:00:00,9.120833333333334,10.9,8.0,03:00:00,01:00:00,12.266666666666666,14.2,10.3,14:00:00,06:00:00,8.443923611111112,11.482118055555558,2,1,2,1,1,1,15.058333333333332,11.6,18.9,13.775,73.54166666666667,10.104166666666666,0.4,0.4,1017.8083333333334,1000.4833333333332,79.33333333333333,2.62,0.4912499999999999,17.2,29.4,51.91666666666666,60.875,28.8,15.6375,15.075,0.335875,0.331125,154.95833333333334,67.625,87.33333333333333,94.57916666666668,154.95833333333334,459.8875
2023-05-19,18.8,23.7,12.3,00:00:00,13:00:00,48.625,60.0,39.0,00:00:00,06:00:00,1.8083333333333331,2.2,1.6,06:00:00,10:00:00,10.125,13.1,8.0,03:00:00,09:00:00,14.370833333333332,17.3,11.8,07:00:00,22:00:00,9.819965277777778,13.525173611111112,1,1,1,1,1,1,14.183333333333332,13.2,15.1,12.979166666666666,82.58333333333333,11.220833333333331,13.3,13.3,1018.6416666666668,1001.2541666666666,98.66666666666669,1.21,0.2845833333333333,15.5,23.0,60.29166666666666,69.625,29.5,15.154166666666669,15.575,0.356,0.3265,63.16666666666666,1.3333333333333333,61.833333333333336,1.9208333333333332,63.16666666666666,461.3708333333333
2023-05-20,19.679166666666667,25.6,13.9,22:00:00,06:00:00,37.5,52.0,28.0,18:00:00,23:00:00,2.3375,2.9,1.5,21:00:00,01:00:00,7.625,10.6,6.0,03:00:00,13:00:00,10.183333333333334,13.8,8.0,02:00:00,13:00:00,8.8578125,12.361284722222225,1,1,1,1,1,1,14.229166666666666,12.8,16.1,13.4,87.33333333333333,12.1375,6.9,6.9,1015.9166666666666,998.5916666666668,97.58333333333331,1.12,0.2091666666666667,15.2,24.1,184.875,149.0,34.6,14.1875,14.491666666666667,0.390875,0.35325,60.583333333333336,2.875,57.708333333333336,4.025,60.583333333333336,462.85833333333335
2023-05-21,15.583333333333334,29.1,7.8,23:00:00,17:00:00,48.458333333333336,86.0,26.0,19:00:00,08:00:00,2.6125000000000003,3.2,2.0,10:00:00,03:00:00,8.866666666666667,10.9,6.6,21:00:00,01:00:00,10.870833333333332,13.1,8.3,20:00:00,01:00:00,7.7375,9.826909722222224,1,1,1,1,1,1,17.291666666666668,13.5,24.2,16.991666666666667,77.54166666666667,13.054166666666667,2.7,2.7,1013.7083333333334,996.5958333333332,64.625,2.88,0.51375,20.3,31.5,255.41666666666663,217.75,41.4,16.420833333333334,15.075,0.3869166666666666,0.3742083333333333,164.41666666666666,75.79166666666667,88.625,119.8,164.41666666666666,464.32916666666665
2023-05-22,22.316666666666663,43.8,10.3,23:00:00,16:00:00,63.833333333333336,114.0,26.0,18:00:00,06:00:00,2.7375000000000003,3.9,2.2,22:00:00,00:00:00,15.083333333333334,18.8,9.4,22:00:00,01:00:00,17.1875,19.7,11.6,16:00:00,01:00:00,11.7859375,14.008333333333336,2,1,2,1,2,1,19.245833333333334,13.7,25.4,19.9,73.16666666666667,13.925,0.2,0.2,1013.7708333333334,996.7625,10.708333333333334,4.430000000000001,0.6920833333333333,11.7,24.5,225.29166666666663,208.91666666666663,27.4,18.704166666666666,16.883333333333333,0.36325,0.3611666666666666,280.375,201.75,78.625,300.93333333333334,280.375,465.725
2023-05-23,24.375,42.4,10.1,00:00:00,19:00:00,67.0,123.0,18.0,17:00:00,07:00:00,3.233333333333333,4.2,2.4,12:00:00,06:00:00,16.1375,18.4,13.8,21:00:00,18:00:00,19.941666666666663,23.8,17.4,09:00:00,02:00:00,16.4640625,19.171180555555555,2,1,2,1,2,1,20.7125,13.4,27.0,21.383333333333336,67.33333333333333,13.729166666666666,0.3,0.3,1012.775,995.8708333333334,12.291666666666666,4.92,0.9554166666666668,9.5,21.5,261.5416666666667,255.83333333333331,18.0,20.65833333333333,18.64583333333333,0.333625,0.3414583333333333,298.4166666666667,221.95833333333331,76.45833333333333,335.4166666666667,298.4166666666667,467.1166666666666
2023-05-24,20.620833333333334,31.4,13.3,09:00:00,16:00:00,72.29166666666667,122.0,35.0,17:00:00,07:00:00,3.025,4.2,1.7,12:00:00,23:00:00,15.516666666666666,19.2,13.2,21:00:00,06:00:00,20.6,23.5,18.2,13:00:00,06:00:00,15.451041666666669,20.125520833333336,2,1,2,1,2,2,18.77083333333333,14.3,23.6,19.2125,76.25,14.316666666666668,8.3,8.3,1013.2208333333332,996.2041666666668,36.75,3.97,0.5641666666666667,15.5,24.7,169.70833333333334,176.16666666666666,29.5,20.491666666666667,19.441666666666663,0.3232083333333333,0.325875,256.3333333333333,162.25,94.08333333333331,234.3708333333333,256.3333333333333,468.4291666666666
2023-05-25,14.625,23.2,8.6,22:00:00,16:00:00,73.83333333333333,101.0,51.0,17:00:00,09:00:00,1.85,2.8,1.4,23:00:00,01:00:00,11.191666666666668,14.5,7.8,22:00:00,05:00:00,15.158333333333331,19.1,11.7,23:00:00,04:00:00,13.184375,17.756944444444446,2,1,2,1,2,1,17.683333333333334,13.9,21.8,17.979166666666668,81.70833333333333,14.3125,12.0,12.0,1018.2916666666666,1001.1208333333334,49.16666666666666,3.41,0.4166666666666667,15.3,20.4,166.0,157.33333333333334,34.2,18.633333333333333,18.28333333333333,0.4049583333333333,0.379,240.66666666666663,140.29166666666666,100.375,208.54166666666663,240.66666666666663,469.7
2023-05-26,19.85,37.9,11.3,23:00:00,17:00:00,61.625,116.0,16.0,18:00:00,09:00:00,2.7375000000000003,3.8,2.0,11:00:00,21:00:00,13.554166666666667,16.7,11.2,08:00:00,18:00:00,20.1125,25.1,16.9,09:00:00,20:00:00,12.916666666666666,18.16232638888889,2,1,2,1,2,1,20.129166666666663,12.8,26.7,21.104166666666668,72.375,14.391666666666666,0.0,0.0,1018.6583333333332,1001.625,5.75,4.97,0.8141666666666666,8.3,15.0,239.70833333333331,240.45833333333331,20.2,20.2125,18.566666666666663,0.3730416666666666,0.373875,310.3333333333333,241.58333333333331,68.75,356.75416666666666,310.3333333333333,470.9166666666667
2023-05-27,19.004166666666663,53.0,6.5,00:00:00,12:00:00,79.41666666666667,112.0,29.0,17:00:00,00:00:00,1.9958333333333331,2.4,1.7,00:00:00,07:00:00,13.933333333333332,20.7,10.7,03:00:00,16:00:00,18.58333333333333,25.8,13.7,05:00:00,14:00:00,13.939409722222225,19.794097222222224,2,1,2,1,2,1,20.141666666666666,16.8,25.4,20.45,73.625,15.033333333333331,1.1,1.1,1018.125,1001.1,36.458333333333336,4.34,0.6841666666666667,22.5,35.7,77.54166666666667,85.29166666666667,41.8,20.766666666666666,19.6375,0.356,0.3533333333333333,262.875,169.08333333333334,93.79166666666669,229.79166666666663,262.875,472.1
2023-05-28,14.804166666666667,28.0,6.8,23:00:00,16:00:00,78.625,119.0,42.0,17:00:00,08:00:00,2.375,3.0,1.6,19:00:00,03:00:00,14.4375,17.4,12.2,23:00:00,05:00:00,18.829166666666666,21.9,14.0,10:00:00,05:00:00,13.444097222222224,17.571180555555557,2,1,2,1,2,1,19.791666666666668,16.3,24.0,20.741666666666667,75.375,15.033333333333331,11.8,11.8,1015.4083333333332,998.4166666666666,52.708333333333336,4.08,0.6295833333333333,15.7,27.1,121.25,113.54166666666669,33.1,20.870833333333334,19.808333333333334,0.3888333333333333,0.3693333333333333,254.125,153.08333333333334,101.04166666666669,206.53333333333333,254.125,473.2791666666667
2023-05-29,18.2625,32.2,7.7,00:00:00,16:00:00,83.83333333333333,119.0,53.0,19:00:00,09:00:00,2.2625,3.4,1.5,02:00:00,15:00:00,12.925,15.8,10.0,01:00:00,06:00:00,17.541666666666668,20.5,14.5,10:00:00,07:00:00,13.96875,18.49704861111111,2,1,2,1,2,1,20.27083333333333,14.9,24.5,20.7875,66.45833333333333,13.466666666666669,0.0,0.0,1014.8458333333332,997.8875,19.08333333333333,4.640000000000001,0.8758333333333334,14.9,25.1,105.08333333333331,107.375,27.4,21.066666666666663,19.741666666666667,0.3655416666666666,0.3669166666666666,283.875,196.16666666666663,87.70833333333333,283.71250000000003,283.875,474.4375
2023-05-30,20.325,34.9,9.7,08:00:00,17:00:00,75.66666666666667,125.0,32.0,18:00:00,06:00:00,2.2583333333333333,2.6,2.1,02:00:00,09:00:00,13.6625,17.9,12.2,22:00:00,06:00:00,20.54583333333333,24.1,17.0,22:00:00,06:00:00,13.139930555555557,18.91510416666667,2,1,2,1,2,1,20.175,15.3,25.3,20.475,69.95833333333333,14.1,0.6,0.6,1015.5875,998.5958333333332,25.291666666666668,4.5200000000000005,0.7987500000000001,19.4,35.9,121.91666666666669,109.33333333333331,31.3,21.245833333333334,20.15,0.339625,0.3474166666666666,266.6666666666667,157.625,109.04166666666669,242.1625,266.6666666666667,475.525
2023-05-31,15.354166666666666,34.1,8.4,23:00:00,16:00:00,88.0,118.0,61.0,17:00:00,07:00:00,1.7875,2.3,1.4,07:00:00,03:00:00,12.7625,15.0,10.1,23:00:00,04:00:00,18.125,21.1,13.8,00:00:00,04:00:00,13.091319444444444,19.296354166666667,2,1,2,1,2,1,19.52083333333333,16.1,24.2,19.854166666666668,69.29166666666667,13.404166666666669,4.800000000000001,4.800000000000001,1017.5833333333334,1000.5291666666668,34.458333333333336,4.39,0.7583333333333333,12.6,23.7,231.04166666666663,152.75,28.4,20.766666666666666,19.925,0.375,0.3540833333333333,271.375,167.25,104.125,242.0666666666667,271.375,476.56666666666666
2023-06-01,19.6375,35.9,9.0,23:00:00,15:00:00,82.79166666666667,138.0,35.0,18:00:00,09:00:00,1.875,2.7,1.3,10:00:00,06:00:00,13.454166666666666,18.2,10.9,23:00:00,06:00:00,21.179166666666667,24.0,19.0,09:00:00,01:00:00,13.115972222222224,19.764236111111117,2,1,2,1,2,1,20.45,15.3,25.0,21.15833333333333,68.25,14.070833333333333,1.1,1.1,1016.1666666666666,999.1958333333332,21.166666666666668,4.6,0.8429166666666666,17.9,32.4,176.70833333333334,138.08333333333334,30.2,21.22083333333333,20.1125,0.342,0.3405833333333333,285.1666666666667,202.41666666666663,82.75,298.6625,285.1666666666667,477.5583333333333
2023-06-02,17.587500000000002,36.9,5.2,00:00:00,15:00:00,91.5,133.0,55.0,17:00:00,09:00:00,2.4250000000000003,3.9,1.5,10:00:00,19:00:00,15.175,24.4,11.6,06:00:00,13:00:00,19.883333333333333,24.1,15.5,09:00:00,18:00:00,15.084201388888888,21.28697916666667,2,1,2,1,2,2,20.745833333333334,15.8,25.4,21.766666666666666,71.95833333333333,15.145833333333334,0.1,0.1,1013.0833333333334,996.1666666666666,20.58333333333333,4.48,0.7675000000000001,17.6,31.8,280.3333333333333,272.9583333333333,28.4,22.2,20.933333333333334,0.3065833333333333,0.31925,274.0833333333333,172.25,101.83333333333331,254.6208333333333,274.0833333333333,478.48333333333335
2023-06-03,13.883333333333333,21.0,6.3,21:00:00,14:00:00,92.95833333333331,123.0,55.0,14:00:00,05:00:00,1.7791666666666668,2.3,1.4,06:00:00,15:00:00,13.220833333333331,18.3,8.9,00:00:00,21:00:00,16.0625,22.3,11.4,03:00:00,19:00:00,14.399131944444443,18.15451388888889,2,1,2,1,2,1,19.866666666666667,16.4,24.6,21.245833333333334,77.375,15.5,5.6,5.6,1014.8083333333334,997.8125,31.83333333333333,4.44,0.5908333333333333,16.2,25.1,122.375,110.125,28.1,21.575,20.854166666666668,0.3084166666666666,0.301125,281.75,189.20833333333331,92.54166666666669,267.075,281.75,479.3708333333333
2023-06-04,13.2625,21.0,7.4,22:00:00,15:00:00,80.25,102.0,55.0,18:00:00,03:00:00,1.2875,1.6,1.0,00:00:00,15:00:00,9.925,13.4,6.9,03:00:00,19:00:00,13.391666666666666,17.6,10.4,02:00:00,17:00:00,11.025520833333331,14.10590277777778,2,1,2,1,2,1,18.77083333333333,16.2,23.1,19.90833333333333,83.375,15.741666666666667,8.200000000000001,8.200000000000001,1016.4625,999.3875,64.5,2.98,0.3945833333333333,18.3,23.7,130.375,121.16666666666669,36.0,20.3875,20.195833333333333,0.378125,0.3185833333333333,193.79166666666663,65.5,128.29166666666666,100.69583333333333,193.79166666666663,480.2
2023-06-05,13.3375,22.6,7.6,09:00:00,15:00:00,72.33333333333333,99.0,40.0,18:00:00,09:00:00,1.3791666666666669,1.8,1.1,23:00:00,02:00:00,10.6875,13.1,9.2,05:00:00,11:00:00,13.2875,16.3,10.9,08:00:00,01:00:00,10.1828125,13.138368055555558,2,1,2,1,2,1,18.370833333333334,15.2,21.8,19.029166666666665,80.75,14.808333333333332,0.9,0.9,1015.9333333333334,998.8458333333332,61.66666666666666,3.71,0.4479166666666667,11.6,14.8,84.58333333333333,93.79166666666669,25.6,19.754166666666663,19.279166666666665,0.36775,0.3390416666666667,249.08333333333331,138.08333333333334,111.0,200.78333333333333,249.08333333333331,480.9583333333333
2023-06-06,19.529166666666665,29.1,9.6,22:00:00,16:00:00,74.0,129.0,18.0,19:00:00,08:00:00,1.7833333333333332,2.4,1.2,22:00:00,15:00:00,14.229166666666666,18.2,10.5,06:00:00,16:00:00,17.349999999999998,22.1,13.1,11:00:00,00:00:00,12.485590277777776,15.352430555555555,2,1,2,1,2,1,19.691666666666663,14.5,24.6,21.23333333333333,77.79166666666667,15.429166666666667,0.5,0.5,1015.3083333333334,998.3041666666668,20.625,4.53,0.5870833333333333,9.3,18.7,166.04166666666666,148.75,16.9,21.3,19.72083333333333,0.3384583333333333,0.3337916666666667,289.625,200.25,89.375,291.6708333333333,289.625,481.6541666666667
2023-06-07,15.791666666666666,24.6,8.9,09:00:00,16:00:00,90.54166666666669,128.0,58.0,19:00:00,03:00:00,1.5708333333333335,2.2,1.0,22:00:00,14:00:00,11.9,20.5,8.0,03:00:00,16:00:00,13.820833333333333,19.2,10.2,09:00:00,20:00:00,13.531770833333333,15.8671875,2,1,2,1,2,1,19.5875,15.9,24.7,20.916666666666668,79.54166666666667,15.679166666666667,10.5,10.5,1016.0916666666668,999.0791666666668,45.66666666666666,4.04,0.5329166666666667,17.7,26.4,159.08333333333334,158.58333333333334,33.8,21.216666666666665,20.2875,0.3451666666666667,0.3242083333333334,255.70833333333331,148.66666666666666,107.04166666666669,206.82083333333333,255.70833333333331,482.3125
2023-06-08,18.754166666666663,31.3,10.3,09:00:00,18:00:00,94.5,140.0,51.0,18:00:00,08:00:00,2.2958333333333334,3.0,1.6,02:00:00,17:00:00,13.8375,19.5,9.6,08:00:00,19:00:00,17.620833333333334,21.7,14.0,09:00:00,13:00:00,12.858506944444445,15.730381944444446,2,1,2,1,2,1,20.008333333333333,14.8,24.9,21.6625,78.16666666666667,15.870833333333332,0.1,0.1,1013.8708333333334,996.9083333333332,17.708333333333332,4.47,0.57625,13.3,25.2,203.45833333333331,187.16666666666663,22.0,21.95,20.54583333333333,0.2857083333333333,0.30375,284.3333333333333,195.16666666666663,89.16666666666667,291.14166666666665,284.3333333333333,482.925
2023-06-09,17.533333333333335,28.0,8.3,09:00:00,15:00:00,76.20833333333333,99.0,53.0,17:00:00,08:00:00,2.4458333333333333,3.0,1.5,00:00:00,17:00:00,14.070833333333333,17.0,10.5,11:00:00,15:00:00,18.2375,22.0,15.8,10:00:00,20:00:00,13.870486111111113,17.644618055555558,2,1,2,1,2,1,21.05,16.3,25.9,22.3875,74.91666666666667,15.9625,0.4,0.4,1012.2541666666666,995.3791666666666,60.25,3.96,0.7170833333333334,9.7,18.4,223.20833333333331,227.83333333333331,22.3,22.53333333333333,21.3875,0.2614583333333333,0.2885416666666666,235.54166666666663,112.20833333333331,123.33333333333331,161.925,235.54166666666663,483.475
2023-06-10,13.358333333333334,22.3,7.1,23:00:00,17:00:00,69.875,96.0,44.0,18:00:00,09:00:00,2.2625,2.7,1.9,00:00:00,19:00:00,9.2875,14.9,7.5,00:00:00,09:00:00,13.520833333333334,18.3,10.4,00:00:00,20:00:00,11.192361111111111,16.15729166666667,2,1,2,1,2,1,21.7125,18.6,25.4,23.15416666666667,72.54166666666667,16.354166666666668,0.7,0.7,1011.3083333333334,994.4875,59.125,4.0,0.7595833333333334,11.4,22.0,263.9583333333333,261.2916666666667,21.6,23.0125,21.6,0.2573333333333333,0.278875,237.29166666666663,128.20833333333334,109.08333333333331,195.69583333333333,237.29166666666663,483.9625
2023-06-11,15.504166666666668,27.3,6.5,02:00:00,15:00:00,86.08333333333333,131.0,37.0,19:00:00,02:00:00,2.095833333333333,2.9,1.5,00:00:00,15:00:00,12.229166666666666,16.1,9.1,07:00:00,16:00:00,15.545833333333334,19.2,13.0,08:00:00,20:00:00,11.164756944444443,14.538194444444445,2,1,2,1,2,1,21.775,17.0,26.7,23.59583333333333,76.29166666666667,17.029166666666665,1.6,1.6,1012.0125,995.175,35.125,4.39,0.7129166666666666,15.0,23.7,158.79166666666666,149.16666666666666,28.8,23.316666666666663,21.891666666666666,0.2479583333333333,0.2681666666666666,263.3333333333333,165.25,98.08333333333331,245.8791666666667,263.3333333333333,484.425
2023-06-12,14.2125,27.0,7.4,23:00:00,17:00:00,88.5,124.0,52.0,18:00:00,08:00:00,1.7083333333333333,2.5,1.3,10:00:00,17:00:00,9.495833333333334,12.3,7.3,02:00:00,07:00:00,12.420833333333334,15.8,10.1,02:00:00,06:00:00,10.413020833333333,13.804340277777778,2,1,2,1,2,1,21.5625,16.2,27.0,23.15833333333333,73.25,16.2,0.5,0.5,1012.35,995.5041666666666,26.08333333333333,4.67,0.78125,14.0,24.6,119.66666666666669,104.66666666666669,23.8,23.441666666666663,22.3,0.2193333333333333,0.25475,276.5416666666667,194.20833333333331,82.33333333333333,270.58750000000003,276.5416666666667,484.85833333333335
2023-06-13,12.975,26.1,8.2,00:00:00,16:00:00,79.95833333333333,95.0,66.0,20:00:00,11:00:00,1.3458333333333332,1.6,1.2,18:00:00,02:00:00,9.916666666666666,11.8,8.4,06:00:00,03:00:00,13.879166666666668,15.5,11.1,10:00:00,02:00:00,9.663194444444445,12.889756944444445,2,1,2,1,1,1,19.6625,17.1,23.9,19.945833333333333,80.5,16.004166666666666,10.7,10.7,1010.3833333333332,993.4541666666668,74.79166666666667,2.89,0.4895833333333333,20.1,31.0,91.91666666666669,95.16666666666669,37.4,21.325,21.604166666666668,0.282125,0.2484583333333333,165.83333333333334,46.66666666666666,119.16666666666669,65.24583333333334,165.83333333333334,485.25
2023-06-14,16.920833333333334,29.2,10.5,23:00:00,05:00:00,79.25,107.0,57.0,20:00:00,10:00:00,1.475,1.8,1.1,10:00:00,05:00:00,9.6,11.4,8.1,23:00:00,12:00:00,14.408333333333331,15.6,13.0,02:00:00,07:00:00,9.791840277777778,14.23246527777778,2,1,2,1,1,1,19.79583333333333,16.5,24.2,21.17083333333333,81.45833333333333,16.287499999999998,8.4,8.4,1011.0208333333334,994.0833333333334,61.625,3.68,0.4825,12.0,20.5,114.41666666666669,105.45833333333331,22.0,21.2375,20.525,0.36325,0.2659583333333333,231.08333333333331,117.79166666666669,113.29166666666669,168.40833333333333,231.08333333333331,485.5875
2023-06-15,17.212500000000002,30.7,9.4,23:00:00,14:00:00,90.70833333333331,136.0,47.0,17:00:00,08:00:00,1.6291666666666669,2.2,1.3,22:00:00,01:00:00,13.7,20.5,9.9,23:00:00,01:00:00,18.65,21.6,15.4,23:00:00,01:00:00,11.365277777777775,16.368750000000002,2,1,2,1,2,1,20.854166666666668,16.8,26.3,22.066666666666663,73.375,15.55,6.1,6.1,1013.8333333333334,996.9208333333332,18.166666666666668,4.75,0.7408333333333333,13.8,25.9,159.95833333333334,125.16666666666669,22.0,22.29583333333333,21.15,0.3258749999999999,0.2694583333333333,291.0416666666667,206.25,84.79166666666667,296.425,291.0416666666667,485.8875
2023-06-16,20.679166666666667,29.2,10.9,09:00:00,15:00:00,91.875,142.0,46.0,19:00:00,04:00:00,1.6916666666666669,2.0,1.2,10:00:00,03:00:00,15.129166666666668,21.9,10.7,03:00:00,16:00:00,20.27083333333333,25.5,16.3,10:00:00,21:00:00,15.63263888888889,20.238020833333334,2,1,2,1,2,2,21.60833333333333,16.2,27.7,22.370833333333334,66.95833333333333,14.579166666666666,1.2,1.2,1014.1458333333334,997.2666666666668,6.041666666666667,5.4,0.9916666666666668,14.8,27.1,166.125,174.5,26.3,23.20833333333333,21.929166666666664,0.2830833333333333,0.260125,311.5,235.95833333333331,75.54166666666667,344.7333333333333,311.5,486.1125
2023-06-17,17.591666666666665,26.7,8.5,23:00:00,17:00:00,102.625,147.0,66.0,17:00:00,09:00:00,1.8833333333333333,2.5,1.4,21:00:00,08:00:00,13.670833333333334,16.5,11.0,22:00:00,17:00:00,19.329166666666666,22.3,16.4,10:00:00,18:00:00,13.67170138888889,19.305034722222224,3,1,3,1,2,1,22.775,16.9,29.2,23.65416666666667,62.333333333333336,14.391666666666666,0.0,0.0,1014.1208333333334,997.3166666666666,5.5,5.66,1.21,12.5,25.3,163.41666666666666,170.95833333333334,22.0,24.23333333333333,22.575,0.2418333333333333,0.2450416666666666,318.5833333333333,246.125,72.45833333333333,360.9875,318.5833333333333,486.29583333333335
2023-06-18,16.400000000000002,30.4,7.8,08:00:00,14:00:00,96.41666666666669,144.0,45.0,17:00:00,08:00:00,2.3875,3.1,1.9,11:00:00,19:00:00,13.995833333333332,15.8,12.2,08:00:00,10:00:00,19.40833333333333,20.8,16.5,00:00:00,11:00:00,13.800520833333332,19.356944444444444,2,1,2,1,2,1,23.566666666666663,17.5,29.5,24.854166666666668,62.25,15.266666666666667,0.0,0.0,1015.1875,998.4,23.08333333333333,5.45,1.2391666666666663,12.8,19.7,261.3333333333333,264.1666666666667,24.1,24.954166666666666,23.133333333333336,0.2094166666666666,0.228625,299.5,217.875,81.625,306.0083333333333,299.5,486.4375
2023-06-19,15.083333333333334,23.8,8.2,23:00:00,16:00:00,90.20833333333331,122.0,56.0,16:00:00,06:00:00,1.7416666666666665,2.2,1.2,00:00:00,16:00:00,14.220833333333331,16.6,12.5,05:00:00,10:00:00,19.27083333333333,21.3,18.2,07:00:00,01:00:00,14.05902777777778,19.21336805555556,2,1,2,1,2,1,23.9375,18.1,28.5,25.191666666666663,64.33333333333333,16.583333333333332,0.3,0.3,1015.8791666666666,999.1041666666666,34.041666666666664,5.1000000000000005,1.13375,12.7,25.1,239.79166666666663,217.5,27.7,25.21666666666667,23.620833333333334,0.18425,0.2140833333333333,268.4583333333333,171.29166666666666,97.16666666666669,244.6125,268.4583333333333,486.51666666666665
2023-06-20,17.520833333333332,30.6,9.2,09:00:00,15:00:00,93.875,126.0,54.0,15:00:00,08:00:00,2.2625,2.8,1.9,04:00:00,14:00:00,12.925,18.0,10.2,01:00:00,15:00:00,19.504166666666663,21.4,18.1,00:00:00,15:00:00,13.964583333333335,19.550520833333334,2,1,2,1,2,1,24.6625,19.4,29.5,25.3625,57.91666666666666,15.15,0.0,0.0,1016.825,1000.075,33.375,5.79,1.4375,12.4,24.4,291.25,291.25,24.1,26.05,24.0125,0.190375,0.1986666666666666,296.125,192.45833333333331,103.66666666666669,277.40000000000003,296.125,486.54583333333335
2023-06-21,18.85,34.4,9.0,23:00:00,15:00:00,86.95833333333333,122.0,49.0,17:00:00,09:00:00,2.558333333333333,3.2,1.9,01:00:00,12:00:00,12.495833333333332,13.7,11.1,14:00:00,05:00:00,23.133333333333336,26.0,19.3,22:00:00,00:00:00,12.102604166666666,20.93524305555556,2,1,2,1,2,2,25.25,19.2,30.7,25.504166666666663,50.25,13.845833333333331,0.0,0.0,1017.6083333333332,1000.8791666666666,25.45833333333333,6.1,1.6891666666666667,13.0,26.6,278.3333333333333,271.4166666666667,24.5,26.40416666666667,24.445833333333336,0.164,0.1805,292.5,187.04166666666663,105.45833333333331,269.82916666666665,292.5,486.525
2023-06-22,25.15416666666667,36.6,11.6,01:00:00,17:00:00,89.75,153.0,38.0,18:00:00,06:00:00,2.708333333333333,3.8,1.7,10:00:00,02:00:00,17.7125,20.8,12.1,22:00:00,01:00:00,32.25,37.5,26.0,13:00:00,00:00:00,14.951909722222224,27.589409722222225,2,1,2,1,2,2,26.204166666666666,20.7,32.9,27.425,57.083333333333336,16.208333333333332,0.0,0.0,1017.1958333333332,1000.525,35.458333333333336,5.45,1.65,20.4,28.5,289.7083333333333,269.4166666666667,40.0,27.979166666666668,25.23333333333333,0.1425,0.1618333333333333,257.0,139.91666666666666,117.08333333333331,188.44166666666663,257.0,486.44583333333327
2023-06-23,15.1875,23.4,7.9,00:00:00,15:00:00,97.0,118.0,64.0,00:00:00,09:00:00,1.7,3.3,0.8,00:00:00,15:00:00,10.0625,17.8,5.3,00:00:00,10:00:00,17.641666666666666,32.9,9.4,00:00:00,10:00:00,14.827256944444445,26.64826388888889,2,1,2,1,2,2,26.925,20.8,33.7,25.575,44.0,11.95,0.0,0.0,1014.6958333333332,998.1041666666666,9.833333333333334,8.44,2.2254166666666664,27.2,44.3,264.125,267.8333333333333,46.8,29.15,26.245833333333334,0.1264583333333333,0.15075,322.1666666666667,252.91666666666663,69.25,367.37916666666666,322.1666666666667,486.3083333333333
2023-06-24,13.358333333333334,23.1,8.0,09:00:00,16:00:00,103.58333333333331,142.0,63.0,18:00:00,09:00:00,1.8208333333333333,3.1,1.0,11:00:00,05:00:00,8.795833333333333,10.4,7.3,10:00:00,05:00:00,13.775,16.5,11.5,11:00:00,08:00:00,8.637500000000001,14.228472222222225,3,1,3,1,1,1,27.741666666666664,21.1,33.5,26.70833333333333,32.125,9.179166666666667,0.0,0.0,1017.0666666666666,1000.4875,6.541666666666667,7.12,2.650416666666666,20.2,34.9,133.95833333333334,138.125,39.6,30.304166666666664,26.90416666666667,0.1136666666666666,0.1351666666666666,315.4166666666667,244.04166666666663,71.375,361.35833333333335,315.4166666666667,486.1458333333333
2023-06-25,13.466666666666669,26.9,6.5,23:00:00,14:00:00,91.5,129.0,57.0,20:00:00,08:00:00,1.925,2.4,1.3,08:00:00,14:00:00,8.254166666666666,10.1,6.9,03:00:00,09:00:00,12.708333333333334,16.5,11.2,02:00:00,19:00:00,8.652083333333334,13.549131944444444,2,1,2,1,1,1,27.370833333333334,21.0,33.3,26.8875,40.5,12.220833333333331,0.0,0.0,1016.375,999.7833333333332,5.833333333333333,7.11,2.3041666666666667,18.0,31.9,93.29166666666669,99.95833333333331,30.6,30.3625,27.60833333333333,0.1056666666666666,0.126,316.3333333333333,244.75,71.58333333333333,359.7,316.3333333333333,485.925
2023-06-26,20.7125,30.5,10.3,09:00:00,15:00:00,105.0,168.0,49.0,17:00:00,06:00:00,2.1125000000000003,3.5,1.6,21:00:00,03:00:00,13.704166666666666,17.3,9.4,07:00:00,01:00:00,19.966666666666665,22.5,14.9,12:00:00,00:00:00,10.99652777777778,16.046354166666667,3,1,3,1,2,1,28.34166666666667,20.9,35.2,29.59166666666667,46.708333333333336,14.925,0.0,0.0,1014.5791666666668,998.0666666666666,4.333333333333333,6.3,2.2841666666666667,13.2,18.4,156.58333333333334,164.54166666666666,24.5,31.39583333333333,28.179166666666664,0.10825,0.1284583333333333,311.2083333333333,240.54166666666663,70.66666666666667,349.2166666666667,311.2083333333333,485.62916666666666
2023-06-27,23.08333333333333,37.5,8.8,05:00:00,18:00:00,106.20833333333331,160.0,57.0,16:00:00,08:00:00,2.5,3.1,1.5,10:00:00,19:00:00,18.429166666666667,25.7,13.6,07:00:00,18:00:00,25.8125,32.3,19.9,11:00:00,01:00:00,16.37673611111111,23.30017361111111,3,1,3,1,2,2,27.8125,22.3,32.8,29.725,53.29166666666666,17.0,0.6,0.6,1011.9333333333334,995.4333333333334,22.20833333333333,5.61,1.8666666666666665,14.4,25.2,186.95833333333331,174.54166666666666,22.0,29.34166666666667,27.6375,0.1321666666666666,0.1523333333333333,275.875,185.66666666666663,90.20833333333331,259.47083333333336,275.875,485.2916666666667
2023-06-28,9.945833333333333,14.6,6.7,09:00:00,15:00:00,99.66666666666669,123.0,73.0,20:00:00,09:00:00,1.9,2.4,1.6,09:00:00,15:00:00,12.7625,17.3,10.7,00:00:00,13:00:00,18.804166666666667,24.2,16.3,01:00:00,14:00:00,15.73090277777778,22.43524305555556,2,1,2,1,2,2,24.98333333333333,20.5,30.1,24.97083333333333,58.125,15.7,0.0,0.0,1013.3416666666668,996.6666666666666,23.75,6.35,1.42125,21.3,32.6,95.70833333333331,97.58333333333331,41.0,27.495833333333334,26.175,0.1551666666666666,0.1789999999999999,291.1666666666667,206.41666666666663,84.75,299.725,291.1666666666667,484.89166666666665
2023-06-29,12.3,18.8,7.5,09:00:00,15:00:00,97.54166666666669,124.0,73.0,18:00:00,09:00:00,1.9625,2.3,1.6,00:00:00,17:00:00,9.545833333333333,13.1,8.2,00:00:00,13:00:00,15.704166666666666,19.4,14.1,02:00:00,06:00:00,10.791840277777778,16.8953125,2,1,2,1,2,1,24.15,20.7,28.3,23.5,51.625,13.0375,0.0,0.0,1015.8458333333332,999.0875,58.083333333333336,5.12,1.5391666666666666,20.0,31.1,150.16666666666666,151.04166666666666,36.4,26.129166666666663,25.52083333333333,0.1471249999999999,0.1772916666666666,212.33333333333331,93.70833333333331,118.625,126.32916666666668,212.33333333333331,484.45
2023-06-30,21.191666666666663,28.2,16.4,21:00:00,03:00:00,66.375,96.0,46.0,00:00:00,07:00:00,1.4833333333333334,1.9,1.1,12:00:00,16:00:00,12.504166666666668,15.4,9.2,11:00:00,02:00:00,16.8625,20.8,13.4,12:00:00,20:00:00,11.014583333333334,16.3734375,2,1,2,1,2,1,20.004166666666663,18.5,22.9,21.65416666666667,83.54166666666667,17.070833333333333,22.7,22.7,1012.3083333333334,995.375,78.75,2.03,0.3954166666666667,11.7,22.7,137.125,141.83333333333334,24.8,22.42083333333333,24.079166666666666,0.2850833333333333,0.1859166666666666,112.5,30.5,82.0,50.56666666666666,112.5,483.95416666666665
2023-07-01,14.6,26.8,7.5,23:00:00,16:00:00,69.95833333333333,112.0,30.0,18:00:00,07:00:00,1.9208333333333332,3.0,1.2,09:00:00,02:00:00,13.1875,18.2,9.1,07:00:00,17:00:00,16.654166666666665,22.3,11.8,09:00:00,17:00:00,13.143402777777778,17.147916666666667,2,1,2,1,2,1,21.5875,17.2,26.8,23.4625,77.125,17.025000000000002,1.3,1.3,1008.4708333333332,991.6916666666666,41.333333333333336,4.54,0.6891666666666666,8.3,11.4,266.0833333333333,270.8333333333333,19.8,23.004166666666663,22.620833333333334,0.3440833333333333,0.2260833333333333,276.5,172.33333333333334,104.16666666666669,254.90416666666667,276.5,483.37916666666666
2023-07-02,18.6125,34.0,6.3,02:00:00,19:00:00,73.5,114.0,26.0,16:00:00,06:00:00,2.5166666666666666,3.5,2.1,21:00:00,16:00:00,13.058333333333332,18.7,8.8,09:00:00,16:00:00,16.162499999999998,22.9,10.9,09:00:00,16:00:00,13.666493055555556,16.689409722222223,2,1,2,1,2,1,24.075,19.2,29.1,26.35,69.70833333333333,17.787499999999998,0.0,0.0,1009.2208333333332,992.5666666666666,11.583333333333334,5.28,1.0195833333333333,13.8,23.7,207.45833333333331,231.375,24.1,25.066666666666663,23.641666666666666,0.28375,0.2291666666666666,294.4166666666667,219.95833333333331,74.45833333333333,319.4541666666667,294.4166666666667,482.7625
2023-07-03,13.654166666666669,21.5,8.5,09:00:00,16:00:00,74.875,115.0,42.0,17:00:00,05:00:00,2.3875,3.6,2.0,23:00:00,02:00:00,10.3875,12.2,8.3,23:00:00,06:00:00,15.295833333333334,17.3,12.4,11:00:00,00:00:00,10.453125,14.49357638888889,2,1,2,1,2,1,23.425,19.3,28.2,25.741666666666664,73.0,18.166666666666668,4.5,4.5,1011.9083333333332,995.175,33.791666666666664,4.54,0.8220833333333334,16.6,27.4,175.875,183.29166666666663,28.4,25.40833333333333,24.5,0.25075,0.2209166666666666,263.2916666666667,173.0,90.29166666666669,247.8875,263.2916666666667,482.1041666666667
2023-07-04,12.970833333333331,19.2,7.0,02:00:00,15:00:00,90.91666666666669,124.0,65.0,17:00:00,06:00:00,1.8583333333333332,3.0,1.4,00:00:00,14:00:00,9.695833333333333,13.0,8.2,02:00:00,18:00:00,13.445833333333333,19.3,9.0,03:00:00,05:00:00,10.571006944444443,15.008680555555555,2,1,2,1,2,1,21.725,18.1,26.5,24.016666666666666,79.33333333333333,17.8,17.2,17.2,1014.4875,997.6041666666666,46.208333333333336,4.35,0.59375,18.1,28.8,101.625,94.625,30.2,24.079166666666666,23.991666666666664,0.3214166666666667,0.2227916666666666,260.2916666666667,167.375,92.91666666666669,224.1375,260.2916666666667,481.3875
2023-07-05,15.145833333333334,25.6,8.3,23:00:00,15:00:00,86.04166666666667,117.0,53.0,17:00:00,09:00:00,2.025,2.7,1.3,11:00:00,15:00:00,9.741666666666664,12.1,7.2,03:00:00,15:00:00,13.416666666666666,16.3,10.3,00:00:00,12:00:00,9.526041666666666,13.222916666666668,2,1,2,1,1,1,21.808333333333334,17.8,27.4,23.791666666666668,78.5,17.679166666666667,1.9,1.9,1014.1583333333332,997.2958333333332,32.5,4.15,0.6245833333333334,14.9,27.4,194.25,172.91666666666666,26.6,23.683333333333334,23.325,0.3220833333333333,0.2245416666666666,246.5,149.20833333333334,97.29166666666669,213.72083333333333,246.5,480.6041666666667
2023-07-06,17.275000000000002,26.4,8.8,03:00:00,16:00:00,66.41666666666667,97.0,34.0,19:00:00,06:00:00,1.875,3.1,1.3,03:00:00,07:00:00,10.983333333333334,13.6,8.4,03:00:00,17:00:00,14.3375,19.2,11.5,03:00:00,16:00:00,10.57638888888889,14.270138888888887,2,1,2,1,2,1,21.433333333333334,17.8,25.9,22.933333333333334,77.45833333333333,17.120833333333334,12.6,12.6,1015.7625,998.8416666666668,43.04166666666666,3.84,0.6308333333333334,17.3,22.8,133.29166666666666,132.54166666666666,32.8,23.3125,23.329166666666666,0.3332916666666666,0.2329583333333333,236.95833333333331,133.625,103.33333333333331,198.05416666666667,236.95833333333331,479.775
2023-07-07,18.825,27.1,9.9,09:00:00,19:00:00,72.91666666666667,129.0,21.0,18:00:00,06:00:00,2.1333333333333333,3.3,1.5,12:00:00,04:00:00,11.7125,15.6,9.6,09:00:00,17:00:00,14.625,18.7,11.5,09:00:00,20:00:00,11.498958333333334,14.265277777777778,2,1,2,1,2,1,23.23333333333333,16.8,28.8,25.2125,68.91666666666667,16.795833333333334,0.0,0.0,1019.9125,1003.0333333333332,12.083333333333334,5.34,1.0120833333333332,9.4,19.2,181.125,101.625,18.7,24.516666666666666,23.320833333333336,0.294125,0.2342916666666666,310.2916666666667,239.45833333333331,70.83333333333333,352.07916666666665,310.2916666666667,478.9
2023-07-08,16.441666666666666,25.5,7.0,00:00:00,17:00:00,89.5,128.0,52.0,19:00:00,08:00:00,2.1666666666666665,2.8,1.7,06:00:00,03:00:00,11.954166666666666,14.1,9.3,08:00:00,12:00:00,16.295833333333334,18.6,13.7,07:00:00,16:00:00,11.651041666666666,15.362500000000002,2,1,2,1,2,1,24.3,19.8,30.0,25.77916666666667,62.708333333333336,16.287499999999998,1.4,1.4,1020.5791666666668,1003.75,23.041666666666668,4.8,1.2420833333333332,16.6,22.7,160.20833333333334,140.875,34.6,25.275,24.1875,0.2554583333333333,0.2271666666666666,258.5,179.16666666666666,79.33333333333333,261.8666666666667,258.5,477.9625
2023-07-09,17.479166666666668,26.9,7.2,07:00:00,15:00:00,89.45833333333333,134.0,35.0,17:00:00,07:00:00,2.495833333333333,4.4,1.9,11:00:00,16:00:00,14.291666666666666,17.8,12.4,09:00:00,00:00:00,21.2625,23.4,17.6,09:00:00,00:00:00,12.922569444444443,18.562673611111112,2,1,2,1,2,1,26.2,19.7,32.1,29.275,65.54166666666667,18.70833333333333,0.0,0.0,1020.0875,1003.3666666666668,4.5,5.53,1.3404166666666668,7.9,10.7,180.83333333333331,194.875,17.3,27.054166666666664,25.08333333333333,0.2194583333333333,0.2161666666666666,308.6666666666667,240.41666666666663,68.25,353.18333333333334,308.6666666666667,476.9875
2023-07-10,21.666666666666668,32.1,9.3,01:00:00,17:00:00,101.95833333333331,162.0,49.0,16:00:00,08:00:00,2.766666666666667,3.7,1.9,12:00:00,16:00:00,18.870833333333334,22.9,15.3,05:00:00,00:00:00,26.925,29.8,22.6,09:00:00,00:00:00,16.9453125,24.296180555555555,3,1,3,1,2,2,28.429166666666664,22.5,34.0,32.07083333333333,63.16666666666666,20.27083333333333,0.0,0.0,1019.1583333333332,1002.5708333333332,5.458333333333333,5.69,1.590833333333333,7.9,16.8,97.79166666666669,111.29166666666669,18.0,28.83333333333333,26.39583333333333,0.1924166666666666,0.2051666666666667,299.375,231.58333333333331,67.79166666666667,340.8208333333333,299.375,475.9625
2023-07-11,20.754166666666663,35.8,8.7,07:00:00,16:00:00,97.875,152.0,37.0,16:00:00,06:00:00,3.3708333333333336,4.0,2.8,19:00:00,13:00:00,18.870833333333334,21.2,16.4,09:00:00,17:00:00,32.94583333333333,38.0,27.4,10:00:00,01:00:00,18.88315972222222,29.80017361111111,2,1,2,1,2,2,28.925,22.5,34.4,31.558333333333334,55.79166666666666,18.516666666666666,0.7,0.7,1016.35,999.8416666666668,8.416666666666666,6.03,1.9308333333333327,10.8,20.5,177.20833333333334,181.125,20.2,29.53333333333333,27.370833333333334,0.1733749999999999,0.19575,294.5,223.125,71.375,325.39166666666665,294.5,474.8833333333334
2023-07-12,14.591666666666669,21.7,9.0,09:00:00,16:00:00,88.0,109.0,69.0,16:00:00,08:00:00,2.325,3.7,1.4,00:00:00,15:00:00,14.254166666666668,18.5,11.9,00:00:00,14:00:00,28.495833333333334,38.2,23.2,01:00:00,14:00:00,16.579687500000002,32.03107638888889,2,1,2,1,2,2,24.3125,19.9,31.1,26.59583333333333,78.08333333333333,19.816666666666663,31.1,31.1,1015.0458333333332,998.3166666666666,85.0,3.1700000000000004,0.7670833333333333,19.1,29.8,147.91666666666666,106.04166666666669,39.6,26.3125,27.008333333333336,0.2595833333333333,0.191875,152.45833333333334,59.208333333333336,93.25,74.9875,152.45833333333334,473.7833333333333
2023-07-13,14.183333333333332,27.8,7.2,23:00:00,15:00:00,80.54166666666667,131.0,42.0,17:00:00,07:00:00,1.5666666666666669,2.3,0.9,02:00:00,15:00:00,9.741666666666667,13.7,7.1,04:00:00,07:00:00,16.8875,23.9,13.6,00:00:00,13:00:00,11.961979166666666,21.826736111111117,2,1,2,1,2,2,23.23333333333333,18.9,27.5,26.0875,78.58333333333333,19.04583333333333,9.6,9.6,1014.0916666666668,997.3125,47.54166666666666,3.95,0.6841666666666667,8.4,18.8,183.54166666666663,169.25,24.1,24.48333333333333,24.808333333333334,0.347875,0.2369583333333333,234.125,128.75,105.375,201.57083333333333,234.125,472.65
2023-07-14,14.220833333333331,37.7,6.1,23:00:00,14:00:00,74.54166666666667,112.0,44.0,17:00:00,09:00:00,1.025,2.0,0.7,23:00:00,06:00:00,9.25,12.3,6.3,03:00:00,13:00:00,13.454166666666666,19.5,10.5,02:00:00,12:00:00,9.265625,14.87309027777778,2,1,2,1,1,1,23.5125,20.5,27.4,25.64583333333333,78.375,19.33333333333333,4.9,4.9,1016.5416666666666,999.7333333333332,48.0,3.45,0.6779166666666666,20.0,30.5,133.29166666666666,67.08333333333333,37.8,24.429166666666664,24.4375,0.35225,0.3023333333333333,191.41666666666663,95.16666666666669,96.25,151.14166666666668,191.41666666666663,471.4708333333333
2023-07-15,17.045833333333334,41.2,4.8,00:00:00,16:00:00,80.125,131.0,25.0,15:00:00,06:00:00,1.3833333333333335,2.2,0.8,00:00:00,16:00:00,14.279166666666669,19.7,11.5,09:00:00,17:00:00,18.35,22.8,14.3,08:00:00,01:00:00,11.800868055555556,15.559201388888887,2,1,2,1,2,1,25.416666666666668,19.9,30.2,28.475,71.25,19.4625,0.1,0.1,1015.3708333333334,998.6958333333332,10.458333333333334,5.1,1.0454166666666669,9.3,15.9,200.75,140.54166666666666,20.9,26.079166666666666,24.7125,0.3371666666666666,0.318625,291.8333333333333,222.5,69.33333333333333,335.2,291.8333333333333,470.28333333333336
2023-07-16,13.9,27.8,4.1,00:00:00,14:00:00,83.5,133.0,26.0,18:00:00,07:00:00,1.4708333333333332,2.3,0.9,08:00:00,17:00:00,14.158333333333331,16.7,12.2,07:00:00,10:00:00,19.85833333333333,23.7,17.2,23:00:00,13:00:00,14.3984375,19.308333333333334,2,1,2,1,2,1,26.2,20.1,31.4,29.254166666666663,67.16666666666667,19.2875,0.0,0.0,1014.7791666666668,998.1458333333334,6.541666666666667,5.4,1.2225,11.7,15.4,248.625,224.33333333333331,24.1,27.1,25.71666666666667,0.2978333333333333,0.3025,299.2083333333333,233.66666666666663,65.54166666666667,345.01666666666665,299.2083333333333,469.0875
2023-07-17,12.529166666666669,19.7,6.9,08:00:00,15:00:00,92.91666666666669,139.0,36.0,16:00:00,07:00:00,1.8375,2.4,1.1,09:00:00,16:00:00,14.941666666666668,17.4,11.2,08:00:00,02:00:00,24.125,26.7,20.8,08:00:00,17:00:00,14.174479166666666,22.160937500000003,2,1,2,1,2,2,27.304166666666664,21.4,32.2,30.59583333333333,66.70833333333333,20.39583333333333,0.0,0.0,1016.1625,999.5791666666668,6.833333333333333,5.72,1.2854166666666669,14.4,27.7,268.25,265.5416666666667,25.6,28.1875,26.525,0.2655833333333333,0.2847083333333333,294.4583333333333,228.25,66.20833333333333,341.4083333333333,294.4583333333333,467.85
2023-07-18,12.254166666666668,19.9,8.2,23:00:00,16:00:00,88.04166666666667,135.0,45.0,17:00:00,09:00:00,1.7583333333333335,2.8,1.2,07:00:00,16:00:00,14.570833333333333,17.1,12.1,23:00:00,03:00:00,29.27083333333333,34.9,23.5,18:00:00,01:00:00,14.45746527777778,25.913194444444446,2,1,2,1,2,2,27.8375,22.4,33.7,31.85833333333333,69.45833333333333,21.379166666666663,0.0,0.0,1015.9583333333334,999.4083333333332,12.0,5.48,1.2829166666666667,13.1,25.5,202.54166666666663,196.58333333333331,21.6,28.90416666666667,27.1625,0.2336666666666666,0.2654166666666667,289.4583333333333,217.33333333333331,72.125,322.01666666666665,289.4583333333333,466.5583333333333
2023-07-19,13.595833333333331,20.5,8.5,00:00:00,17:00:00,87.08333333333333,133.0,35.0,17:00:00,09:00:00,2.0458333333333334,2.6,1.6,12:00:00,05:00:00,16.283333333333335,17.8,14.5,18:00:00,09:00:00,29.95,32.8,26.8,21:00:00,07:00:00,15.720659722222225,30.300347222222225,2,1,2,1,2,2,26.22083333333333,22.4,30.9,29.816666666666663,74.70833333333333,21.266666666666666,6.0,6.0,1011.775,995.2,21.45833333333333,4.75,0.9,15.5,29.2,252.58333333333331,253.625,43.2,28.20833333333333,27.475,0.2400416666666666,0.2549583333333333,259.1666666666667,181.125,78.04166666666667,257.4125,259.1666666666667,465.2083333333333
2023-07-20,13.55,20.3,8.8,23:00:00,17:00:00,96.25,141.0,58.0,19:00:00,03:00:00,2.45,3.1,1.8,22:00:00,17:00:00,14.104166666666666,17.3,12.9,00:00:00,17:00:00,23.329166666666666,31.8,20.0,00:00:00,06:00:00,15.406944444444443,27.29479166666667,2,1,2,1,2,2,26.308333333333334,21.5,31.1,29.241666666666664,70.08333333333333,19.966666666666665,0.3,0.3,1009.0708333333332,992.5333333333332,17.416666666666668,5.24,1.1525,15.8,27.8,142.33333333333334,139.25,31.0,28.3125,27.320833333333336,0.2075416666666666,0.2429166666666666,280.875,208.58333333333331,72.29166666666667,316.8,280.875,463.81666666666666
2023-07-21,15.745833333333332,21.1,11.4,07:00:00,17:00:00,90.91666666666669,123.0,63.0,19:00:00,06:00:00,2.433333333333333,3.0,1.8,10:00:00,01:00:00,11.3,13.7,9.6,00:00:00,17:00:00,16.0625,21.3,12.7,00:00:00,18:00:00,12.805208333333333,19.63958333333333,2,1,2,1,2,1,22.120833333333334,20.5,24.6,24.379166666666663,83.08333333333333,19.070833333333333,12.6,12.6,1009.2,992.4375,43.16666666666666,2.76,0.4604166666666667,17.2,22.9,125.75,104.66666666666669,37.4,24.59583333333333,25.92083333333333,0.352875,0.2522916666666666,168.20833333333334,71.375,96.83333333333331,116.1875,168.20833333333334,462.3666666666666
2023-07-22,13.295833333333334,20.4,5.7,07:00:00,17:00:00,78.29166666666667,118.0,42.0,19:00:00,07:00:00,2.279166666666667,2.7,1.8,22:00:00,17:00:00,11.7125,16.4,8.2,06:00:00,16:00:00,14.204166666666666,18.3,10.5,02:00:00,17:00:00,11.572916666666666,14.8921875,2,1,2,1,2,1,22.58333333333333,18.6,27.5,25.070833333333336,79.58333333333333,18.629166666666663,1.7000000000000002,1.7000000000000002,1012.8583333333332,996.0541666666668,22.791666666666668,4.06,0.6304166666666667,11.7,17.5,150.54166666666666,119.375,19.4,24.291666666666668,24.3625,0.32375,0.2677916666666667,244.08333333333331,151.54166666666666,92.54166666666669,246.2625,244.08333333333331,460.85833333333335
2023-07-23,12.429166666666667,19.6,6.2,23:00:00,14:00:00,90.125,123.0,56.0,20:00:00,05:00:00,2.2333333333333334,2.9,1.8,21:00:00,16:00:00,13.958333333333334,15.6,11.1,23:00:00,16:00:00,18.883333333333333,23.2,15.3,10:00:00,00:00:00,12.543923611111111,16.120833333333334,2,1,2,1,2,1,23.275,19.1,28.9,25.79583333333333,75.625,18.5125,0.3,0.3,1015.1875,998.3875,46.833333333333336,3.72,0.7754166666666666,16.2,24.6,117.75,97.70833333333331,27.4,24.675,24.34583333333333,0.3164166666666667,0.271,209.29166666666663,117.83333333333331,91.45833333333331,179.5375,209.29166666666663,459.29583333333335
2023-07-24,19.29583333333333,28.2,12.4,08:00:00,17:00:00,67.29166666666667,92.0,31.0,16:00:00,08:00:00,2.6125000000000003,3.3,1.8,09:00:00,18:00:00,14.479166666666666,18.0,10.8,02:00:00,18:00:00,19.67083333333333,24.3,15.3,09:00:00,18:00:00,14.750694444444443,19.925173611111116,2,1,2,1,2,1,21.891666666666666,19.7,26.5,24.03333333333333,83.08333333333333,18.775,35.7,35.7,1010.9791666666666,994.1666666666666,57.5,2.58,0.4795833333333333,14.3,20.7,147.375,149.04166666666666,36.4,23.808333333333334,24.28333333333333,0.355875,0.3060416666666667,151.375,61.875,89.5,109.62916666666666,151.375,457.6833333333333
2023-07-25,13.8375,20.4,10.1,09:00:00,16:00:00,74.41666666666667,117.0,43.0,17:00:00,09:00:00,2.2916666666666665,3.3,1.6,18:00:00,06:00:00,10.079166666666667,12.6,6.9,02:00:00,23:00:00,12.483333333333334,15.6,10.3,02:00:00,23:00:00,11.868576388888888,15.618923611111112,2,1,2,1,2,1,22.425,18.0,27.0,24.320833333333336,75.95833333333333,17.566666666666666,9.7,9.7,1002.9666666666668,986.3125,47.29166666666666,4.37,0.7295833333333334,21.6,39.2,216.375,224.625,37.1,23.629166666666663,23.258333333333336,0.3962916666666666,0.3834166666666667,244.625,137.0,107.625,213.32916666666665,244.625,456.0291666666667
2023-07-26,10.845833333333331,18.9,6.6,23:00:00,14:00:00,76.20833333333333,98.0,62.0,18:00:00,03:00:00,1.5333333333333332,2.3,1.0,06:00:00,18:00:00,4.3375,6.3,3.1,22:00:00,05:00:00,5.833333333333333,8.4,4.1,00:00:00,06:00:00,6.836458333333333,8.764930555555557,2,1,2,1,1,1,22.90833333333333,19.2,27.5,20.404166666666665,39.0,7.995833333333334,0.0,0.0,1008.0416666666666,991.3333333333334,1.5,7.26,1.7425,24.5,42.5,265.9583333333333,240.75,40.7,23.5125,23.504166666666663,0.347875,0.3553333333333333,310.625,252.79166666666663,57.833333333333336,390.56666666666666,310.625,454.42083333333335
2023-07-27,14.1625,36.4,7.5,23:00:00,16:00:00,82.45833333333333,126.0,45.0,19:00:00,08:00:00,2.15,3.0,1.6,22:00:00,02:00:00,7.9125,11.8,3.9,22:00:00,00:00:00,10.583333333333334,15.4,5.1,10:00:00,01:00:00,5.835416666666667,7.74982638888889,2,1,2,1,1,1,21.241666666666667,17.0,25.9,21.29583333333333,60.5,12.991666666666667,0.2,0.2,1014.5666666666666,997.6625,14.833333333333334,4.99,1.049583333333333,13.5,25.4,100.70833333333331,121.75,29.5,23.104166666666668,23.054166666666664,0.314,0.3283333333333333,285.0833333333333,210.29166666666663,74.79166666666667,329.2,285.0833333333333,452.8333333333333
2023-07-28,20.65,38.7,7.6,09:00:00,16:00:00,76.66666666666667,123.0,25.0,17:00:00,08:00:00,2.6791666666666667,3.4,1.8,10:00:00,17:00:00,11.491666666666667,16.2,8.3,03:00:00,13:00:00,17.670833333333334,22.7,13.7,03:00:00,00:00:00,10.7515625,14.92621527777778,2,1,2,1,2,1,22.133333333333336,16.1,27.3,23.52916666666667,69.29166666666667,15.908333333333331,0.0,0.0,1013.2375,996.4083333333332,18.08333333333333,4.97,0.9170833333333334,13.1,22.9,236.08333333333331,235.0,22.7,24.016666666666666,23.2625,0.2987916666666666,0.312875,293.4166666666667,226.54166666666663,66.875,334.59166666666664,293.4166666666667,451.2125
2023-07-29,10.941666666666668,19.0,5.4,08:00:00,16:00:00,78.16666666666667,110.0,42.0,17:00:00,08:00:00,1.9708333333333328,2.7,1.3,00:00:00,13:00:00,9.945833333333333,12.0,8.4,22:00:00,02:00:00,15.058333333333335,16.5,13.4,00:00:00,14:00:00,9.919965277777775,16.283333333333335,2,1,2,1,1,1,24.070833333333336,19.6,28.4,26.954166666666666,76.45833333333333,19.491666666666667,0.0,0.0,1012.9625,996.2458333333334,27.416666666666668,4.54,0.7704166666666666,12.3,23.9,263.5416666666667,256.3333333333333,20.5,25.391666666666666,24.183333333333334,0.2769583333333333,0.2962916666666667,265.375,189.875,75.5,285.7875,265.375,449.5416666666667
2023-07-30,9.358333333333333,18.7,4.7,22:00:00,15:00:00,76.83333333333333,103.0,43.0,15:00:00,09:00:00,1.8875,2.5,1.3,01:00:00,17:00:00,8.433333333333334,10.2,6.3,01:00:00,19:00:00,10.883333333333333,15.0,8.5,00:00:00,18:00:00,9.561805555555557,13.106076388888887,2,1,2,1,1,1,24.1875,18.9,29.2,27.05,76.16666666666667,19.4125,0.1,0.1,1011.9458333333332,995.25,18.08333333333333,4.74,0.8204166666666667,11.6,20.2,236.375,235.54166666666663,25.2,25.3625,24.729166666666668,0.262875,0.2865416666666666,283.4166666666667,212.95833333333331,70.45833333333333,328.70416666666665,283.4166666666667,447.8416666666667
2023-07-31,14.4875,23.6,6.7,09:00:00,16:00:00,84.625,124.0,49.0,17:00:00,09:00:00,1.7125,2.1,1.3,20:00:00,06:00:00,9.720833333333331,12.9,7.6,04:00:00,01:00:00,13.370833333333332,17.3,10.1,07:00:00,01:00:00,9.035069444444444,12.004861111111111,2,1,2,1,1,1,24.77083333333333,21.4,29.0,27.21666666666667,72.33333333333333,19.191666666666663,0.4,0.4,1011.8875,995.2375,26.916666666666668,4.61,0.93875,16.1,23.4,63.208333333333336,75.625,31.3,25.975,25.175,0.2628333333333333,0.2855833333333333,259.4583333333333,185.20833333333331,74.25,272.3,259.4583333333333,446.0916666666667
2023-08-01,15.9375,22.4,10.3,23:00:00,16:00:00,84.25,114.0,53.0,19:00:00,07:00:00,2.120833333333333,3.2,1.5,18:00:00,04:00:00,11.1375,13.5,8.4,23:00:00,14:00:00,15.333333333333334,17.7,12.3,22:00:00,15:00:00,10.225,14.140798611111114,2,1,2,1,2,1,23.6625,20.6,27.9,26.308333333333334,77.625,19.370833333333334,5.0,5.0,1005.6125,988.9916666666668,52.458333333333336,3.5,0.6929166666666666,17.3,22.8,196.08333333333331,167.04166666666666,33.8,25.191666666666663,24.945833333333336,0.286875,0.2737083333333334,199.25,102.45833333333331,96.79166666666669,155.14166666666668,199.25,444.31666666666666
2023-08-02,13.820833333333333,22.0,6.5,22:00:00,16:00:00,82.0,118.0,42.0,18:00:00,07:00:00,2.120833333333333,3.1,1.4,00:00:00,13:00:00,12.2375,14.4,10.9,07:00:00,14:00:00,20.279166666666665,24.7,18.3,07:00:00,03:00:00,12.00347222222222,17.920486111111114,2,1,2,1,2,1,24.120833333333334,19.9,28.9,26.0125,70.54166666666667,18.17083333333333,0.3,0.3,1005.6291666666666,989.0375,37.375,4.53,0.9595833333333332,15.5,24.1,153.375,138.16666666666666,29.5,25.291666666666668,24.5625,0.2704166666666667,0.2634166666666667,253.95833333333331,175.29166666666666,78.66666666666667,263.1375,253.95833333333331,442.50416666666666
2023-08-03,13.6875,23.7,7.0,09:00:00,15:00:00,74.70833333333333,113.0,35.0,17:00:00,07:00:00,2.3833333333333333,2.9,1.8,00:00:00,16:00:00,10.495833333333334,12.8,9.2,22:00:00,04:00:00,19.3625,23.8,16.9,03:00:00,23:00:00,11.060243055555556,20.255034722222224,2,1,2,1,2,2,23.95,19.6,28.7,26.5,75.41666666666667,19.15833333333333,5.6,5.6,1004.6625,988.075,25.791666666666668,4.13,0.7916666666666666,16.5,25.6,150.0,146.625,40.0,25.4875,24.820833333333336,0.2755416666666667,0.256625,234.75,152.45833333333334,82.29166666666667,243.225,234.75,440.65
2023-08-04,14.779166666666669,19.2,10.6,08:00:00,16:00:00,65.29166666666667,92.0,36.0,16:00:00,07:00:00,1.6958333333333335,2.3,1.3,07:00:00,01:00:00,7.695833333333333,9.6,6.5,00:00:00,02:00:00,14.0875,16.2,11.6,07:00:00,05:00:00,9.185416666666669,16.184375,2,1,2,1,1,1,20.4,17.4,26.3,20.441666666666663,75.20833333333333,15.708333333333334,15.4,15.4,1006.6291666666666,989.8083333333334,59.75,3.02,0.6291666666666667,26.0,42.3,154.29166666666666,104.33333333333331,44.6,23.191666666666663,24.3375,0.29,0.2459166666666666,160.83333333333334,54.708333333333336,106.125,92.85416666666669,160.83333333333334,438.75416666666666
2023-08-05,12.770833333333334,16.9,8.8,08:00:00,18:00:00,69.41666666666667,114.0,40.0,19:00:00,10:00:00,1.7125,2.4,1.3,19:00:00,10:00:00,6.65,8.1,5.6,00:00:00,12:00:00,9.516666666666667,12.8,7.1,02:00:00,09:00:00,7.10486111111111,11.98246527777778,2,1,2,1,1,1,21.566666666666663,15.9,28.1,22.5625,69.66666666666667,14.983333333333334,0.8999999999999999,0.8999999999999999,1006.625,989.8666666666668,41.083333333333336,4.52,0.95,13.4,21.7,176.79166666666666,197.54166666666663,23.8,22.15416666666667,22.129166666666663,0.356125,0.30275,259.2916666666667,186.20833333333331,73.08333333333333,272.825,259.2916666666667,436.8375
2023-08-06,11.875,22.4,5.2,07:00:00,16:00:00,66.45833333333333,90.0,37.0,15:00:00,07:00:00,1.6916666666666669,2.6,1.1,09:00:00,17:00:00,5.025,8.4,2.8,08:00:00,17:00:00,6.983333333333333,10.1,4.0,09:00:00,22:00:00,6.266319444444444,8.442187500000001,2,1,2,1,1,1,22.079166666666666,15.8,27.9,20.59583333333333,53.04166666666666,10.375,0.0,0.0,1006.2541666666666,989.5375,4.0,6.4,1.4116666666666668,25.2,42.9,193.70833333333331,167.66666666666666,43.2,22.9625,22.79583333333333,0.3068333333333333,0.2976666666666667,295.5,239.41666666666663,56.083333333333336,375.1,295.5,434.89166666666665
2023-08-07,10.304166666666667,16.3,5.9,09:00:00,16:00:00,74.58333333333333,87.0,57.0,16:00:00,08:00:00,1.2,1.8,0.7,04:00:00,18:00:00,3.8791666666666655,4.9,3.2,22:00:00,11:00:00,5.779166666666666,7.1,4.3,09:00:00,01:00:00,3.937673611111111,5.8045138888888905,2,1,2,1,1,1,21.195833333333333,16.5,26.1,17.641666666666666,33.958333333333336,4.370833333333334,0.0,0.0,1013.0708333333332,996.1958333333332,2.875,7.140000000000001,1.7175,23.3,38.0,242.58333333333331,217.83333333333331,41.0,22.39583333333333,22.65833333333333,0.2615416666666667,0.2780833333333333,302.2083333333333,249.41666666666663,52.79166666666666,391.25416666666666,302.2083333333333,432.8833333333334
2023-08-08,16.945833333333333,33.7,9.0,23:00:00,01:00:00,75.20833333333333,117.0,33.0,19:00:00,07:00:00,1.7041666666666666,2.7,0.9,22:00:00,01:00:00,6.320833333333333,9.4,3.6,09:00:00,00:00:00,10.291666666666666,15.5,4.5,22:00:00,01:00:00,4.999826388888889,7.706250000000002,2,1,2,1,1,1,21.09583333333333,15.2,26.8,20.20833333333333,47.41666666666666,9.079166666666667,0.0,0.0,1016.3291666666668,999.3833333333332,20.916666666666668,5.16,1.3925,13.1,27.6,149.29166666666666,159.625,29.2,22.7125,22.445833333333336,0.2303333333333333,0.2605,289.0,231.16666666666663,57.833333333333336,363.3083333333333,289.0,430.8125
2023-08-09,22.870833333333334,34.9,9.3,08:00:00,17:00:00,76.625,128.0,29.0,17:00:00,08:00:00,2.225,2.9,1.5,10:00:00,15:00:00,9.370833333333334,13.5,6.7,09:00:00,15:00:00,15.0875,21.3,11.5,09:00:00,18:00:00,8.334375,13.683159722222223,2,1,2,1,1,1,22.075,15.1,28.5,22.22083333333333,54.708333333333336,11.916666666666666,0.0,0.0,1015.5416666666666,998.6625,22.0,4.96,1.3491666666666668,9.2,17.7,200.95833333333331,196.83333333333331,18.7,23.445833333333336,22.829166666666666,0.2065,0.2450833333333333,275.7083333333333,208.625,67.08333333333333,312.1041666666667,275.7083333333333,428.7000000000001
2023-08-10,19.716666666666665,35.1,8.9,02:00:00,16:00:00,91.5,140.0,47.0,18:00:00,08:00:00,1.9583333333333333,2.8,1.5,00:00:00,06:00:00,11.604166666666666,17.5,8.6,04:00:00,00:00:00,19.466666666666665,23.9,14.9,10:00:00,00:00:00,10.50347222222222,17.126562500000002,2,1,2,1,2,1,23.320833333333336,17.3,29.4,24.320833333333336,63.54166666666666,15.458333333333334,0.0,0.0,1017.6333333333332,1000.8,14.208333333333334,5.0,1.1920833333333334,10.9,20.6,103.66666666666669,109.45833333333331,24.1,24.491666666666664,23.429166666666664,0.1859166666666666,0.2306666666666667,272.75,207.29166666666663,65.45833333333333,320.5375,272.75,426.5291666666667
2023-08-11,15.266666666666666,24.0,8.1,08:00:00,15:00:00,102.41666666666669,145.0,56.0,18:00:00,08:00:00,1.8083333333333331,2.1,1.5,11:00:00,04:00:00,12.7,16.3,10.5,08:00:00,13:00:00,19.216666666666665,22.4,15.7,10:00:00,17:00:00,11.998263888888888,19.52517361111111,3,1,3,1,2,1,24.77083333333333,19.7,29.7,26.0875,60.125,16.2625,0.0,0.0,1020.9375,1004.1291666666666,2.708333333333333,5.27,1.3291666666666666,13.8,26.7,84.66666666666667,91.45833333333331,23.0,26.03333333333333,24.491666666666664,0.174,0.2209583333333333,276.3333333333333,220.58333333333331,55.75,346.69166666666666,276.3333333333333,424.31666666666666
2023-08-12,15.004166666666668,23.5,7.0,23:00:00,18:00:00,103.04166666666669,144.0,60.0,17:00:00,08:00:00,1.6833333333333331,2.5,1.3,22:00:00,17:00:00,12.670833333333334,16.1,9.8,05:00:00,16:00:00,19.2375,23.1,14.6,02:00:00,19:00:00,13.03767361111111,19.51215277777778,3,1,3,1,2,1,25.65833333333333,20.0,31.1,27.425,60.0,16.895833333333332,0.0,0.0,1020.0625,1003.3125,5.916666666666667,5.17,1.44125,10.3,23.5,130.375,137.58333333333334,20.5,26.775,25.2625,0.1619166666666666,0.2105416666666666,272.6666666666667,216.625,56.04166666666666,337.78333333333336,272.6666666666667,422.0583333333333
2023-08-13,13.616666666666667,22.9,6.6,00:00:00,16:00:00,101.66666666666669,140.0,61.0,17:00:00,09:00:00,1.7833333333333332,2.2,1.5,23:00:00,12:00:00,13.7375,17.8,11.4,05:00:00,10:00:00,19.641666666666666,26.6,16.2,02:00:00,15:00:00,13.13125,19.63663194444445,3,1,3,1,2,1,27.09166666666667,21.7,32.5,29.27916666666667,58.708333333333336,17.883333333333333,0.0,0.0,1017.9458333333332,1001.3125,8.25,5.33,1.6170833333333334,9.1,20.7,85.33333333333333,94.33333333333331,18.7,28.066666666666663,26.120833333333334,0.1543333333333333,0.2023333333333333,271.4583333333333,217.41666666666663,54.04166666666666,338.925,271.4583333333333,419.7458333333333
2023-08-14,15.841666666666669,26.0,8.0,09:00:00,15:00:00,100.75,143.0,60.0,17:00:00,07:00:00,2.075,2.7,1.6,09:00:00,02:00:00,14.966666666666669,19.3,12.2,09:00:00,02:00:00,20.729166666666668,24.5,16.4,23:00:00,02:00:00,14.143923611111113,19.308333333333334,3,1,3,1,2,1,27.1375,21.8,32.5,30.40833333333333,66.33333333333333,19.7,1.4,1.4,1017.3125,1000.6875,23.08333333333333,4.7,1.37,7.8,14.5,148.04166666666666,111.91666666666669,34.2,28.320833333333336,26.8125,0.1544166666666666,0.1963333333333333,254.125,193.5,60.625,302.87083333333334,254.125,417.3958333333333
2023-08-15,14.6375,23.1,7.2,08:00:00,18:00:00,99.75,141.0,52.0,17:00:00,08:00:00,2.125,3.1,1.4,22:00:00,06:00:00,13.933333333333332,17.3,12.3,09:00:00,19:00:00,19.991666666666667,24.7,16.5,10:00:00,20:00:00,14.500694444444443,20.78229166666667,2,1,2,1,2,2,26.95,21.4,32.2,29.516666666666666,61.41666666666666,18.275,0.0,0.0,1016.7458333333334,1000.1333333333332,16.875,4.8,1.5287499999999998,13.0,24.1,176.95833333333334,156.875,23.4,28.77916666666667,27.370833333333334,0.1434583333333333,0.190125,252.91666666666663,192.20833333333331,60.708333333333336,298.90416666666664,252.91666666666663,414.9791666666667
2023-08-16,17.420833333333334,34.7,8.6,23:00:00,16:00:00,105.79166666666669,153.0,62.0,18:00:00,09:00:00,2.1,3.0,1.5,23:00:00,03:00:00,14.995833333333332,18.6,13.1,09:00:00,17:00:00,21.391666666666666,26.6,19.0,10:00:00,06:00:00,14.479166666666666,20.622222222222224,3,1,3,1,2,2,26.383333333333336,22.0,32.1,29.691666666666663,70.41666666666667,20.133333333333333,5.4,5.4,1016.9875,1000.3375,28.791666666666668,4.38,1.1325,12.2,19.5,115.875,93.16666666666669,24.1,28.2,27.3125,0.2085416666666666,0.18275,236.33333333333331,159.08333333333334,77.25,242.42916666666667,236.33333333333331,412.5583333333333
2023-08-17,16.2625,29.0,8.9,22:00:00,15:00:00,99.20833333333331,146.0,51.0,17:00:00,08:00:00,2.0458333333333334,2.9,1.4,00:00:00,03:00:00,13.6,19.7,10.4,09:00:00,17:00:00,17.45,22.7,13.2,00:00:00,17:00:00,14.36736111111111,19.51701388888889,2,1,2,1,2,1,24.566666666666663,21.4,29.8,27.633333333333336,77.08333333333333,20.0625,2.3000000000000003,2.3000000000000003,1016.4541666666668,999.6958333333332,20.25,3.78,0.7579166666666667,18.0,24.6,151.5,149.75,36.7,27.004166666666663,26.979166666666668,0.1775416666666666,0.1730833333333333,217.625,144.875,72.75,236.3,217.625,410.0833333333333
2023-08-18,16.408333333333335,26.5,9.5,09:00:00,15:00:00,94.375,153.0,35.0,19:00:00,08:00:00,2.0375,2.6,1.3,22:00:00,17:00:00,14.975,21.7,12.0,08:00:00,14:00:00,20.104166666666668,22.7,16.6,23:00:00,14:00:00,14.318055555555556,18.46684027777778,2,1,2,1,2,1,27.008333333333336,20.8,33.2,29.46666666666667,60.79166666666666,18.0125,0.0,0.0,1015.3541666666666,998.7541666666666,2.5416666666666665,5.1,1.6133333333333333,11.5,23.8,150.75,162.25,19.4,28.59583333333333,26.97083333333333,0.16125,0.169125,266.1666666666667,214.95833333333331,51.208333333333336,345.9291666666666,266.1666666666667,407.55
2023-08-19,15.495833333333332,25.0,7.9,08:00:00,15:00:00,113.41666666666669,158.0,68.0,19:00:00,08:00:00,2.095833333333333,2.8,1.4,21:00:00,17:00:00,17.120833333333334,21.0,14.1,08:00:00,00:00:00,26.808333333333334,31.9,21.2,10:00:00,00:00:00,16.100520833333334,23.71371527777778,3,1,3,1,2,2,28.3,22.5,34.2,30.975,57.583333333333336,18.641666666666666,0.0,0.0,1016.15,999.6041666666666,5.166666666666667,5.17,1.7916666666666667,9.0,19.2,108.04166666666669,116.91666666666669,16.2,29.5125,27.729166666666668,0.1561249999999999,0.1732083333333333,262.75,211.125,51.625,341.2083333333333,262.75,404.9958333333333
2023-08-20,14.266666666666666,21.8,6.4,00:00:00,15:00:00,110.875,151.0,69.0,17:00:00,08:00:00,1.9166666666666667,2.4,1.6,00:00:00,14:00:00,16.8875,19.4,14.0,03:00:00,16:00:00,25.54583333333333,32.9,19.1,02:00:00,17:00:00,17.1140625,26.968923611111112,3,1,3,1,2,2,29.5375,24.1,35.1,31.891666666666666,53.75,18.666666666666668,0.0,0.0,1018.3541666666666,1001.8458333333332,1.2916666666666667,5.67,2.067083333333333,10.0,21.7,102.83333333333331,109.5,20.9,30.3125,28.40833333333333,0.151375,0.1736666666666666,259.4166666666667,208.125,51.29166666666666,336.9291666666667,259.4166666666667,402.39166666666665
2023-08-21,19.891666666666666,36.4,9.3,23:00:00,17:00:00,102.16666666666669,149.0,56.0,16:00:00,08:00:00,2.4916666666666667,3.0,1.9,10:00:00,03:00:00,16.604166666666668,19.4,13.9,10:00:00,18:00:00,25.245833333333334,31.1,19.3,09:00:00,18:00:00,16.478645833333335,24.80086805555556,3,1,3,1,2,2,29.925,23.9,35.1,32.675000000000004,53.16666666666666,18.79583333333333,0.0,0.0,1019.4833333333332,1002.9875,1.25,5.26,2.1475,9.3,22.2,118.70833333333331,133.20833333333334,17.3,30.7375,28.9375,0.1465833333333333,0.1722916666666666,255.83333333333331,204.875,50.958333333333336,332.3958333333333,255.83333333333331,399.76666666666665
2023-08-22,23.09583333333333,41.1,10.3,23:00:00,16:00:00,102.95833333333331,175.0,48.0,18:00:00,08:00:00,2.7875,3.3,2.3,11:00:00,04:00:00,17.787499999999998,20.5,16.1,07:00:00,17:00:00,29.245833333333334,33.2,26.2,23:00:00,01:00:00,17.119097222222223,26.804861111111112,3,1,3,1,2,2,30.3375,24.2,36.1,33.37916666666667,53.91666666666666,19.383333333333333,0.0,0.0,1017.3666666666668,1000.9166666666666,6.041666666666667,5.13,2.1804166666666664,8.3,14.3,120.79166666666669,132.83333333333334,16.2,31.0125,29.329166666666666,0.1425833333333333,0.1698333333333333,249.125,194.33333333333331,54.79166666666666,315.09583333333336,249.125,397.1125
2023-08-23,23.725,38.5,11.6,00:00:00,18:00:00,110.125,182.0,54.0,17:00:00,09:00:00,3.15,4.2,2.6,20:00:00,06:00:00,18.65833333333333,22.3,16.4,08:00:00,01:00:00,29.9125,34.1,26.4,09:00:00,06:00:00,18.35607638888889,29.82065972222222,3,1,3,1,2,2,30.70833333333333,24.9,36.4,33.44583333333333,51.833333333333336,19.054166666666667,0.0,0.0,1015.2083333333334,998.8083333333334,4.541666666666667,5.4,2.3154166666666667,8.7,16.2,119.75,130.20833333333334,19.4,31.258333333333336,29.6375,0.1427083333333333,0.169125,250.58333333333331,197.66666666666663,52.91666666666666,321.5541666666667,250.58333333333331,394.42083333333335
2023-08-24,22.379166666666663,32.1,11.3,09:00:00,16:00:00,103.375,158.0,52.0,17:00:00,08:00:00,2.7875,3.5,2.0,23:00:00,13:00:00,18.141666666666666,21.6,15.9,08:00:00,16:00:00,31.2,35.1,28.2,23:00:00,17:00:00,18.538888888888888,30.657986111111114,3,1,3,1,2,2,30.775,24.9,36.6,33.12083333333333,49.833333333333336,18.2125,0.0,0.0,1014.65,998.275,7.083333333333333,5.44,2.43375,7.9,18.2,87.41666666666667,97.0,19.8,31.4625,29.820833333333336,0.1424583333333333,0.1677499999999999,249.08333333333331,195.125,53.958333333333336,313.9916666666667,249.08333333333331,391.7
2023-08-25,21.7875,38.8,9.9,08:00:00,16:00:00,102.45833333333331,159.0,45.0,17:00:00,09:00:00,3.3625000000000003,4.0,2.7,11:00:00,14:00:00,18.7125,26.1,16.0,08:00:00,23:00:00,30.825,39.2,25.9,10:00:00,23:00:00,18.34826388888889,31.4328125,3,1,3,1,2,2,29.175,23.9,34.4,31.175,52.083333333333336,17.8625,0.0,0.0,1012.3583333333332,995.9291666666668,9.916666666666666,5.45,2.063333333333333,17.1,31.8,195.75,200.125,29.9,30.675,29.60833333333333,0.1446249999999999,0.1682916666666667,238.79166666666663,184.54166666666663,54.25,297.075,238.79166666666663,388.9458333333334
2023-08-26,14.7375,24.8,6.7,08:00:00,14:00:00,80.08333333333333,120.0,44.0,16:00:00,23:00:00,3.1375,4.2,1.2,02:00:00,18:00:00,13.05,15.9,8.5,00:00:00,21:00:00,20.7375,26.1,13.1,01:00:00,23:00:00,16.1046875,25.926215277777786,2,1,2,1,2,2,24.975,21.7,29.9,26.89583333333333,71.66666666666667,19.279166666666665,2.8,2.8,1011.0833333333334,994.4458333333332,48.333333333333336,3.56,0.9520833333333332,27.6,37.6,153.66666666666666,140.20833333333334,64.8,27.954166666666666,28.933333333333334,0.147,0.1614583333333333,169.25,86.95833333333333,82.29166666666667,145.975,169.25,386.175
2023-08-27,16.625,25.7,10.8,02:00:00,17:00:00,48.958333333333336,63.0,27.0,17:00:00,02:00:00,1.675,3.0,1.1,02:00:00,08:00:00,10.745833333333332,12.8,8.7,18:00:00,05:00:00,14.920833333333334,18.7,11.6,02:00:00,23:00:00,11.302604166666669,16.863194444444446,2,1,1,1,2,1,21.741666666666664,20.1,24.0,22.925,83.91666666666667,18.854166666666668,38.2,38.2,1007.7541666666666,990.9833333333332,84.66666666666667,1.94,0.4304166666666666,21.3,36.5,72.70833333333333,65.08333333333333,40.0,23.491666666666664,25.85,0.3532916666666666,0.22925,90.95833333333331,11.875,79.08333333333333,20.570833333333333,90.95833333333331,383.3416666666667
2023-08-28,12.491666666666667,19.0,8.6,21:00:00,05:00:00,61.66666666666666,70.0,44.0,16:00:00,23:00:00,0.9916666666666668,1.5,0.7,06:00:00,19:00:00,6.229166666666667,10.3,3.8,00:00:00,23:00:00,7.220833333333334,11.9,3.6,00:00:00,23:00:00,8.853125,11.361111111111112,2,1,2,1,1,1,18.554166666666667,15.3,20.5,18.191666666666663,85.66666666666667,16.108333333333334,65.1,65.1,999.7166666666668,982.9083333333332,92.375,1.52,0.3008333333333333,28.6,46.7,201.91666666666663,195.20833333333331,52.9,19.97083333333333,22.7,0.4219166666666666,0.3740416666666666,68.33333333333333,14.333333333333334,54.0,25.604166666666668,68.33333333333333,380.5416666666667
2023-08-29,15.204166666666666,21.6,10.4,21:00:00,02:00:00,48.208333333333336,68.0,34.0,20:00:00,08:00:00,1.5958333333333332,2.8,0.9,20:00:00,15:00:00,3.6,4.5,2.8,20:00:00,04:00:00,5.058333333333334,6.5,3.5,18:00:00,01:00:00,4.380902777777777,5.405555555555556,1,1,1,1,1,1,19.0375,14.5,24.1,17.833333333333332,62.5,11.291666666666666,17.0,17.0,1001.7125,984.9,37.958333333333336,4.04,0.9033333333333332,20.9,35.7,292.125,270.1666666666667,40.3,19.52083333333333,20.341666666666665,0.401875,0.3995,216.25,125.08333333333331,91.16666666666669,224.3708333333333,216.25,377.7625
2023-08-30,22.17083333333333,38.5,13.8,22:00:00,16:00:00,50.0,99.0,7.0,18:00:00,09:00:00,2.5541666666666667,3.7,1.7,22:00:00,05:00:00,6.258333333333333,11.3,3.3,23:00:00,01:00:00,8.987499999999999,12.5,4.9,22:00:00,01:00:00,4.630729166666667,6.794097222222224,2,1,2,1,1,1,19.28333333333333,14.0,24.2,19.029166666666665,60.54166666666666,11.295833333333334,0.5,0.5,1005.7791666666668,988.9083333333332,13.625,4.09,0.93375,16.3,29.5,274.9583333333333,258.75,25.9,20.941666666666663,21.2125,0.364125,0.3662916666666667,240.70833333333331,188.66666666666663,52.04166666666666,314.5416666666667,240.70833333333331,374.94166666666666
2023-08-31,25.27083333333333,38.2,11.6,08:00:00,16:00:00,59.91666666666666,103.0,18.0,16:00:00,07:00:00,3.4125,4.8,2.5,23:00:00,01:00:00,9.654166666666669,12.6,7.1,10:00:00,02:00:00,13.854166666666666,17.5,10.5,09:00:00,02:00:00,8.579166666666667,11.91996527777778,2,1,2,1,1,1,19.83333333333333,15.2,24.3,20.725,74.20833333333333,14.8375,0.3,0.3,1012.8458333333332,995.8916666666668,27.041666666666668,3.43,0.6649999999999999,10.9,22.0,239.54166666666663,233.0,30.2,21.58333333333333,21.9,0.3439166666666666,0.3470833333333333,213.625,149.54166666666666,64.08333333333333,245.04166666666663,213.625,372.0708333333334
2023-09-01,21.029166666666665,37.7,10.4,08:00:00,16:00:00,67.41666666666667,110.0,29.0,16:00:00,08:00:00,3.3708333333333336,4.7,2.2,01:00:00,13:00:00,8.4625,10.3,6.5,09:00:00,04:00:00,15.679166666666667,18.3,12.2,10:00:00,04:00:00,8.756770833333333,14.540798611111112,2,1,2,1,1,1,21.02083333333333,16.0,26.3,21.90416666666667,70.25,15.083333333333334,0.0,0.0,1017.85,1000.875,24.58333333333333,3.85,0.8208333333333333,10.6,21.3,259.5833333333333,253.54166666666663,19.8,22.554166666666664,22.425,0.319625,0.3293333333333333,229.04166666666663,174.16666666666666,54.875,283.76666666666665,229.04166666666663,369.1625
2023-09-02,22.9625,43.9,10.7,23:00:00,17:00:00,72.125,127.0,19.0,18:00:00,08:00:00,3.4291666666666667,4.4,2.5,07:00:00,18:00:00,11.591666666666669,15.8,7.7,09:00:00,02:00:00,19.058333333333334,23.8,16.3,09:00:00,01:00:00,9.928472222222222,17.496006944444446,2,1,2,1,1,1,21.620833333333334,16.5,27.1,23.54583333333333,74.91666666666667,16.633333333333333,0.0,0.0,1020.2791666666668,1003.3,14.166666666666666,3.72,0.7433333333333333,8.0,18.8,265.2083333333333,263.9166666666667,15.1,23.58333333333333,23.179166666666664,0.2940833333333333,0.3102916666666667,231.91666666666663,180.25,51.66666666666666,306.62916666666666,231.91666666666663,366.2166666666667
2023-09-03,29.516666666666666,51.5,9.5,03:00:00,16:00:00,56.833333333333336,110.0,14.0,16:00:00,04:00:00,3.654166666666667,4.5,3.0,20:00:00,01:00:00,13.383333333333333,15.9,10.3,00:00:00,17:00:00,20.183333333333334,24.1,16.3,00:00:00,17:00:00,13.157986111111112,20.406597222222224,2,1,2,1,2,2,22.629166666666663,17.0,28.5,24.625,75.25,17.650000000000002,0.0,0.0,1021.6208333333334,1004.675,22.916666666666668,3.98,0.7970833333333333,10.9,13.8,258.3333333333333,239.33333333333331,23.8,23.85833333333333,23.616666666666664,0.2755416666666667,0.2956249999999999,232.41666666666663,172.83333333333334,59.583333333333336,293.7625,232.41666666666663,363.3875
2023-09-04,26.04583333333333,53.9,10.2,00:00:00,16:00:00,64.29166666666667,122.0,15.0,17:00:00,02:00:00,2.333333333333333,3.5,1.3,00:00:00,18:00:00,17.962500000000002,26.6,13.0,08:00:00,18:00:00,25.22083333333333,32.5,20.9,07:00:00,01:00:00,15.918576388888887,22.39340277777778,2,1,2,1,2,2,23.64583333333333,19.8,28.4,25.633333333333336,74.5,18.525,0.0,0.0,1021.825,1004.9291666666668,24.25,3.88,0.8320833333333333,12.1,23.9,87.5,96.54166666666669,23.8,24.3875,23.9375,0.2682083333333333,0.2890416666666666,215.83333333333331,155.83333333333334,60.0,250.7541666666667,215.83333333333331,360.5208333333333
2023-09-05,20.566666666666663,45.4,10.7,22:00:00,16:00:00,70.04166666666667,99.0,52.0,18:00:00,11:00:00,1.9708333333333328,2.6,1.2,20:00:00,18:00:00,11.820833333333333,16.8,9.4,00:00:00,13:00:00,19.816666666666663,25.7,17.8,00:00:00,14:00:00,14.453819444444443,22.56197916666667,2,1,2,1,2,2,22.02083333333333,18.4,25.3,21.72083333333333,60.333333333333336,13.829166666666666,0.0,0.0,1021.8125,1004.8375,57.875,3.5,1.075,13.0,23.6,85.875,78.91666666666667,25.2,23.491666666666664,23.925,0.2502916666666666,0.2763333333333334,151.54166666666666,74.75,76.79166666666667,134.16666666666666,151.54166666666666,357.6375
2023-09-06,32.800000000000004,54.9,15.6,23:00:00,17:00:00,65.375,131.0,11.0,17:00:00,08:00:00,2.4125,3.1,1.9,11:00:00,02:00:00,14.741666666666667,20.4,11.3,22:00:00,17:00:00,21.216666666666665,26.4,16.5,23:00:00,18:00:00,13.136805555555554,20.4,2,1,2,1,2,2,20.89583333333333,15.1,26.2,21.8375,66.875,13.870833333333332,0.0,0.0,1021.4541666666668,1004.4166666666666,0.75,3.68,0.955,8.4,13.4,151.95833333333334,111.25,14.8,22.75,22.854166666666668,0.2342499999999999,0.2640833333333333,233.91666666666663,188.375,45.54166666666666,329.15416666666664,233.91666666666663,354.7083333333333
2023-09-07,35.270833333333336,55.9,12.2,00:00:00,16:00:00,69.33333333333333,125.0,24.0,18:00:00,08:00:00,2.904166666666667,3.8,2.0,04:00:00,16:00:00,14.225,19.2,10.4,01:00:00,17:00:00,22.991666666666664,28.0,18.2,00:00:00,18:00:00,14.779166666666669,22.373090277777777,2,1,2,1,2,2,22.0,16.5,27.6,23.22083333333333,68.625,15.495833333333332,0.0,0.0,1020.475,1003.525,0.0,3.88,0.9491666666666668,8.1,14.8,74.45833333333333,80.58333333333333,19.4,23.433333333333334,23.079166666666666,0.2150416666666666,0.2498749999999999,231.04166666666663,186.0,45.04166666666666,326.625,231.04166666666663,351.8625
2023-09-08,35.84166666666667,58.8,14.4,23:00:00,15:00:00,73.25,138.0,16.0,17:00:00,09:00:00,2.875,3.7,2.2,11:00:00,16:00:00,16.045833333333334,20.2,12.7,23:00:00,14:00:00,25.179166666666664,29.7,20.1,22:00:00,18:00:00,14.802777777777775,23.9375,2,1,2,1,2,2,22.35833333333333,16.9,28.0,23.64583333333333,65.66666666666667,15.1125,0.0,0.0,1019.7958333333332,1002.875,3.5416666666666665,3.77,1.0475,6.8,13.5,79.75,84.41666666666667,14.0,23.95833333333333,23.454166666666666,0.1974166666666666,0.237,229.0,184.16666666666663,44.833333333333336,324.8833333333333,229.0,348.975
2023-09-09,33.82083333333333,53.9,14.9,00:00:00,16:00:00,78.66666666666667,145.0,28.0,18:00:00,07:00:00,3.1291666666666664,4.0,2.5,11:00:00,02:00:00,18.2375,22.6,14.8,23:00:00,18:00:00,29.291666666666668,34.7,25.9,11:00:00,17:00:00,17.415451388888886,27.204513888888894,2,1,2,1,2,2,22.9,16.9,28.8,24.40416666666667,67.16666666666667,15.833333333333334,0.0,0.0,1018.5166666666668,1001.65,0.0,3.84,1.0645833333333334,6.8,14.8,86.20833333333333,103.0,15.5,24.316666666666663,23.77083333333333,0.1814583333333333,0.2247916666666667,227.66666666666663,183.79166666666663,43.875,325.575,227.66666666666663,346.0708333333334
2023-09-10,31.71666666666667,49.1,12.6,23:00:00,17:00:00,88.58333333333333,154.0,33.0,18:00:00,08:00:00,3.3791666666666664,4.4,2.6,12:00:00,03:00:00,22.604166666666668,26.0,18.4,10:00:00,18:00:00,33.454166666666666,39.4,29.5,10:00:00,18:00:00,20.84583333333333,32.0390625,3,1,2,1,3,2,23.6625,18.3,29.3,25.691666666666663,68.45833333333333,17.016666666666666,0.0,0.0,1018.1791666666668,1001.35,0.0,3.79,1.0570833333333334,6.8,13.7,140.58333333333334,134.66666666666666,16.2,25.266666666666666,24.29583333333333,0.166625,0.2132083333333333,223.29166666666663,179.08333333333334,44.208333333333336,318.9875,223.29166666666663,343.1458333333333
2023-09-11,36.85833333333333,56.9,15.4,23:00:00,17:00:00,81.875,159.0,19.0,18:00:00,08:00:00,3.2375000000000003,4.3,2.2,10:00:00,16:00:00,28.308333333333334,37.4,21.0,10:00:00,16:00:00,39.22916666666666,48.9,31.9,10:00:00,16:00:00,25.35625,36.192708333333336,4,1,2,1,4,2,23.65416666666667,18.0,29.4,25.866666666666664,71.0,17.445833333333333,0.0,0.0,1015.3208333333332,998.5416666666666,5.375,3.75,0.995,7.1,11.8,149.41666666666666,163.79166666666666,15.5,25.65833333333333,24.745833333333334,0.1586666666666666,0.206,222.83333333333331,178.125,44.708333333333336,319.7416666666667,222.83333333333331,340.1958333333333
2023-09-12,34.40416666666667,57.2,16.0,00:00:00,16:00:00,73.41666666666667,133.0,13.0,17:00:00,09:00:00,3.6208333333333336,4.7,3.0,11:00:00,18:00:00,22.90833333333333,34.1,14.9,01:00:00,23:00:00,32.82083333333333,43.1,26.0,02:00:00,23:00:00,26.65052083333333,36.74548611111111,4,1,2,1,4,2,23.6875,17.8,29.4,25.40833333333333,68.33333333333333,16.795833333333334,0.0,0.0,1014.275,997.5,22.416666666666668,3.79,1.0841666666666667,13.3,25.0,249.70833333333331,244.5,22.7,25.4625,24.84583333333333,0.1526249999999999,0.1999166666666666,206.41666666666663,149.91666666666666,56.5,261.62916666666666,206.41666666666663,337.225
2023-09-13,26.191666666666663,43.8,13.1,10:00:00,00:00:00,61.79166666666666,92.0,28.0,17:00:00,09:00:00,2.825,4.2,2.0,23:00:00,06:00:00,14.0,16.2,12.1,02:00:00,17:00:00,21.77916666666667,25.0,18.4,12:00:00,19:00:00,17.167708333333334,26.293055555555554,2,1,2,1,2,2,20.84583333333333,18.6,24.6,22.48333333333333,80.75,17.229166666666668,12.3,12.3,1016.3333333333334,999.3791666666666,60.375,2.26,0.50375,16.3,26.9,224.625,223.58333333333331,32.4,23.175,24.4375,0.18825,0.2020416666666666,128.125,59.333333333333336,68.79166666666667,98.70833333333331,128.125,334.2416666666667
2023-09-14,23.54583333333333,33.0,16.1,23:00:00,15:00:00,50.0,103.0,9.0,18:00:00,08:00:00,2.708333333333333,3.5,2.0,02:00:00,16:00:00,13.4375,18.2,9.4,21:00:00,04:00:00,18.075,22.6,15.8,08:00:00,16:00:00,13.057465277777778,19.29461805555556,2,1,2,1,2,1,20.804166666666667,16.3,25.9,22.454166666666666,80.20833333333333,16.849999999999998,11.9,11.9,1017.4791666666666,1000.4958333333334,34.875,3.11,0.5850000000000001,19.9,29.6,215.125,216.08333333333331,33.1,22.979166666666668,23.17083333333333,0.2162083333333333,0.20125,191.41666666666663,136.125,55.29166666666666,241.67083333333332,191.41666666666663,331.25
2023-09-15,23.73333333333333,42.2,14.6,23:00:00,04:00:00,65.125,95.0,40.0,17:00:00,23:00:00,1.75,2.5,1.2,21:00:00,05:00:00,11.841666666666669,15.7,9.1,00:00:00,18:00:00,15.204166666666666,21.3,10.9,00:00:00,18:00:00,13.022569444444445,17.07465277777778,2,1,2,1,2,1,20.441666666666663,17.9,24.1,21.933333333333334,82.70833333333333,17.224999999999998,10.2,10.2,1018.3125,1001.3,55.41666666666666,1.94,0.4554166666666666,14.0,22.9,53.91666666666666,63.04166666666666,27.4,21.7875,22.73333333333333,0.3517083333333333,0.2305416666666666,116.125,42.083333333333336,74.04166666666667,92.51666666666668,116.125,328.33750000000003
2023-09-16,23.6,38.2,12.3,00:00:00,17:00:00,55.625,101.0,25.0,18:00:00,07:00:00,1.8083333333333331,2.1,1.4,02:00:00,06:00:00,13.225,16.2,10.3,12:00:00,21:00:00,18.241666666666667,23.2,13.2,12:00:00,01:00:00,12.665277777777776,16.287673611111114,2,1,2,1,2,1,20.375,17.6,25.2,22.15416666666667,84.16666666666667,17.416666666666668,9.4,9.4,1018.425,1001.4208333333332,63.833333333333336,2.45,0.4291666666666667,11.2,19.4,231.33333333333331,198.20833333333331,26.3,21.754166666666663,22.175,0.3463333333333333,0.260375,148.25,86.625,61.625,141.725,148.25,325.3958333333333
2023-09-17,19.6625,36.8,8.6,23:00:00,15:00:00,49.5,89.0,23.0,16:00:00,06:00:00,1.9708333333333328,3.0,1.3,22:00:00,16:00:00,13.9125,18.4,10.8,05:00:00,16:00:00,19.054166666666667,23.4,15.8,11:00:00,00:00:00,13.728645833333331,19.163888888888888,2,1,1,1,2,1,20.975,16.6,25.0,23.166666666666668,83.875,17.929166666666667,7.699999999999999,7.699999999999999,1018.85,1001.8541666666666,66.125,2.61,0.4608333333333334,9.5,11.8,276.375,268.625,22.7,22.008333333333336,22.058333333333334,0.353875,0.2804166666666666,163.29166666666666,93.20833333333331,70.08333333333333,164.25,163.29166666666666,322.4125
2023-09-18,26.84166666666667,37.9,18.1,23:00:00,16:00:00,35.041666666666664,67.0,12.0,16:00:00,08:00:00,1.8791666666666669,2.4,1.2,00:00:00,16:00:00,14.35,17.3,11.6,14:00:00,23:00:00,25.78333333333333,30.2,17.1,13:00:00,02:00:00,13.996354166666668,21.60607638888889,2,1,1,1,2,2,19.9875,18.3,22.8,21.98333333333333,90.79166666666669,18.416666666666668,34.8,34.8,1015.0833333333334,998.1041666666666,83.83333333333333,1.26,0.2216666666666666,15.6,28.5,170.08333333333334,162.625,33.8,21.6,22.27083333333333,0.364,0.3102916666666666,73.83333333333333,15.25,58.583333333333336,25.675,73.83333333333333,319.3916666666667
2023-09-19,25.3125,52.5,16.9,23:00:00,13:00:00,35.916666666666664,83.0,7.0,17:00:00,06:00:00,2.704166666666667,4.3,1.4,10:00:00,01:00:00,11.5375,18.0,9.6,22:00:00,04:00:00,17.995833333333334,22.4,14.7,00:00:00,05:00:00,12.431597222222225,22.564409722222223,2,1,1,1,2,2,20.8375,15.9,26.1,22.808333333333334,81.79166666666667,17.316666666666666,0.0,0.0,1013.675,996.7666666666668,14.833333333333334,3.1,0.5308333333333334,8.7,15.7,230.16666666666663,236.83333333333331,17.3,21.8125,21.625,0.3401666666666667,0.3010833333333333,201.5,158.0,43.5,293.65416666666664,201.5,316.33750000000003
2023-09-20,30.054166666666664,45.8,15.8,00:00:00,16:00:00,38.66666666666666,81.0,7.0,17:00:00,08:00:00,2.058333333333333,2.5,1.6,00:00:00,14:00:00,16.995833333333334,22.2,13.2,04:00:00,16:00:00,23.829166666666666,30.2,18.2,09:00:00,23:00:00,15.124652777777778,21.16579861111111,2,1,1,1,2,2,19.679166666666667,16.8,24.0,21.329166666666666,86.41666666666667,17.258333333333333,7.6,7.6,1015.275,998.2666666666668,64.04166666666667,2.05,0.3408333333333333,11.2,21.3,91.5,90.54166666666669,23.4,21.166666666666668,21.8625,0.332625,0.2939166666666666,125.70833333333331,49.958333333333336,75.75,88.22500000000001,125.70833333333331,313.2625
2023-09-21,19.5,28.8,14.0,20:00:00,03:00:00,39.208333333333336,61.0,20.0,16:00:00,08:00:00,1.7541666666666669,2.1,1.2,21:00:00,16:00:00,13.220833333333331,15.5,10.1,07:00:00,15:00:00,18.641666666666666,22.2,15.1,08:00:00,20:00:00,14.872048611111111,21.125,2,1,1,1,2,2,18.741666666666667,17.1,22.3,19.716666666666665,88.25,16.6875,7.2,7.2,1009.5083333333332,992.55,73.375,1.66,0.2691666666666666,12.9,22.7,88.70833333333333,97.95833333333331,28.1,19.875,20.883333333333333,0.3903333333333333,0.3384583333333333,105.79166666666669,52.958333333333336,52.833333333333336,90.28333333333336,105.79166666666669,310.1375
2023-09-22,17.991666666666667,34.0,7.8,23:00:00,06:00:00,50.75,62.0,37.0,17:00:00,23:00:00,1.5,2.2,0.8,20:00:00,11:00:00,9.166666666666666,15.5,6.5,02:00:00,17:00:00,12.8125,19.0,10.0,02:00:00,17:00:00,11.258159722222222,15.68402777777778,2,1,2,1,2,1,17.849999999999998,14.8,20.8,18.1625,91.29166666666669,16.395833333333332,29.0,29.0,1004.875,987.9416666666666,84.29166666666667,1.29,0.18375,20.9,33.8,98.33333333333331,103.66666666666669,42.1,19.066666666666663,20.075,0.41275,0.3982916666666666,86.5,20.375,66.125,38.68333333333333,86.5,306.99583333333334
2023-09-23,17.425,29.2,11.1,00:00:00,16:00:00,47.5,68.0,25.0,14:00:00,22:00:00,1.6791666666666665,2.1,1.2,22:00:00,08:00:00,6.008333333333333,7.9,5.0,02:00:00,06:00:00,8.891666666666667,12.0,7.4,00:00:00,06:00:00,7.180902777777778,10.513541666666669,1,1,1,1,1,1,16.6125,14.0,21.7,15.6,75.58333333333333,12.033333333333331,6.9,6.9,1010.8416666666668,993.7375,32.583333333333336,2.34,0.4912499999999999,22.8,40.5,210.875,173.375,37.8,18.20833333333333,19.1375,0.41375,0.4045833333333333,140.58333333333334,78.45833333333333,62.125,162.57083333333333,140.58333333333334,303.82916666666665
2023-09-24,22.75,55.9,12.5,23:00:00,17:00:00,39.583333333333336,80.0,8.0,17:00:00,23:00:00,2.1875,3.1,1.4,21:00:00,01:00:00,6.920833333333333,10.5,3.9,21:00:00,02:00:00,10.041666666666666,14.6,6.0,23:00:00,03:00:00,6.0109375,8.845659722222223,1,1,1,1,1,1,16.695833333333333,11.4,22.9,15.5375,58.458333333333336,8.141666666666667,0.0,0.0,1019.5875,1002.3333333333334,0.0,3.27,0.8545833333333334,14.2,29.2,276.2916666666667,160.95833333333334,23.0,17.870833333333334,18.6,0.3904583333333333,0.3872916666666666,200.16666666666663,161.125,39.04166666666666,313.00416666666666,200.16666666666663,300.65416666666664
2023-09-25,31.375,54.3,15.3,00:00:00,16:00:00,38.833333333333336,89.0,5.0,17:00:00,00:00:00,2.704166666666667,4.1,1.8,20:00:00,03:00:00,10.0125,12.6,7.6,03:00:00,15:00:00,15.020833333333334,18.6,11.1,09:00:00,18:00:00,9.057465277777778,13.12934027777778,1,1,1,1,1,1,16.6875,11.4,23.3,16.337500000000002,74.29166666666667,11.625,0.0,0.0,1022.0541666666668,1004.7583333333332,0.0,2.99,0.5908333333333333,11.4,25.2,211.08333333333331,211.16666666666663,18.4,18.004166666666666,18.5,0.367,0.36775,195.125,156.33333333333334,38.79166666666666,304.75416666666666,195.125,297.4458333333333
2023-09-26,35.99583333333333,68.6,16.2,22:00:00,16:00:00,38.833333333333336,99.0,4.0,17:00:00,08:00:00,2.775,4.2,1.9,20:00:00,03:00:00,12.858333333333334,16.9,9.9,13:00:00,02:00:00,20.491666666666667,25.5,16.9,12:00:00,01:00:00,10.928819444444445,17.405555555555555,2,1,1,1,2,1,17.662499999999998,12.1,24.1,18.141666666666666,78.29166666666667,13.541666666666666,0.0,0.0,1021.6416666666668,1004.4125,0.0,2.86,0.52125,8.0,14.5,249.08333333333331,218.95833333333331,15.5,18.9625,19.05,0.344,0.349375,188.875,150.16666666666666,38.708333333333336,294.8583333333333,188.875,294.22083333333336
2023-09-27,36.25416666666667,61.2,12.7,22:00:00,16:00:00,45.625,102.0,3.0,17:00:00,08:00:00,2.9625,4.4,2.0,12:00:00,03:00:00,18.275,23.6,14.1,11:00:00,17:00:00,28.78333333333333,36.9,23.0,23:00:00,03:00:00,15.94548611111111,24.531423611111112,2,1,1,1,2,2,19.33333333333333,14.0,25.7,20.066666666666663,74.91666666666667,14.333333333333334,0.0,0.0,1020.5416666666666,1003.425,3.083333333333333,3.0,0.67125,10.6,22.0,229.875,182.5,16.9,20.3125,19.9125,0.3201666666666666,0.3311666666666666,185.0,144.375,40.625,282.2,185.0,290.9791666666667
2023-09-28,37.19166666666667,64.3,14.0,23:00:00,16:00:00,50.958333333333336,108.0,8.0,17:00:00,08:00:00,3.3125,4.0,2.5,11:00:00,03:00:00,21.0875,26.5,16.9,08:00:00,15:00:00,34.25416666666667,40.4,27.9,21:00:00,04:00:00,19.980555555555554,32.026562500000004,2,1,2,1,2,2,19.695833333333333,15.1,25.5,20.429166666666667,71.95833333333333,13.9625,0.0,0.0,1019.6875,1002.6208333333334,15.625,2.86,0.7575,10.5,19.5,185.5,136.0,16.9,20.5375,20.425,0.3062083333333333,0.3192916666666667,180.95833333333331,137.25,43.708333333333336,264.4458333333333,180.95833333333331,287.7416666666667
2023-09-29,43.6125,89.4,20.2,23:00:00,16:00:00,49.625,127.0,3.0,17:00:00,08:00:00,3.5041666666666664,4.5,2.2,13:00:00,03:00:00,28.816666666666663,34.3,23.6,12:00:00,02:00:00,40.579166666666666,48.1,33.6,22:00:00,06:00:00,24.779861111111117,37.353125,3,2,1,1,3,2,19.516666666666666,14.4,25.4,20.529166666666665,74.41666666666667,14.375,0.0,0.0,1021.2208333333332,1004.1,0.0,2.82,0.6908333333333333,7.2,10.4,150.625,127.33333333333331,13.7,20.695833333333333,20.6125,0.2949166666666666,0.3092916666666667,181.375,143.875,37.5,287.55833333333334,181.375,284.6125
2023-09-30,43.10416666666666,87.0,16.6,00:00:00,16:00:00,58.66666666666666,138.0,8.0,18:00:00,08:00:00,3.4333333333333336,4.4,2.4,18:00:00,05:00:00,28.804166666666664,35.3,21.5,00:00:00,19:00:00,44.35833333333333,51.5,37.8,23:00:00,07:00:00,29.760590277777776,43.25572916666667,4,2,2,1,4,3,20.054166666666667,14.9,25.8,21.425,77.41666666666667,15.654166666666669,0.0,0.0,1021.7041666666668,1004.6125,9.666666666666666,2.72,0.6233333333333333,6.9,14.7,142.25,117.875,14.4,20.9875,20.758333333333333,0.284875,0.3009166666666666,174.375,133.58333333333334,40.79166666666666,269.8208333333333,174.375,281.51666666666665
2023-10-01,32.2875,59.0,11.8,23:00:00,16:00:00,59.083333333333336,130.0,17.0,17:00:00,08:00:00,3.1333333333333333,4.1,2.2,16:00:00,05:00:00,31.5625,38.8,25.1,23:00:00,02:00:00,42.079166666666666,49.1,35.6,09:00:00,18:00:00,29.305381944444445,43.232638888888886,4,1,2,1,4,3,19.9,14.6,25.5,21.0125,75.41666666666667,14.925,0.0,0.0,1023.8666666666668,1006.7375,2.25,2.72,0.685,6.8,12.6,56.0,80.125,14.8,20.9875,20.90833333333333,0.2741666666666666,0.2922499999999999,177.04166666666666,140.16666666666666,36.875,284.375,177.04166666666666,278.425
2023-10-02,40.475,80.3,17.4,23:00:00,16:00:00,54.125,133.0,6.0,17:00:00,08:00:00,3.420833333333333,4.7,2.3,20:00:00,03:00:00,37.79583333333333,44.6,31.2,10:00:00,18:00:00,48.84166666666667,57.8,43.1,10:00:00,18:00:00,34.7953125,45.1921875,4,2,2,1,4,3,19.65,15.0,25.5,21.28333333333333,81.20833333333333,16.041666666666668,0.0,0.0,1024.7333333333331,1007.5666666666666,3.7916666666666665,2.66,0.51625,8.4,10.4,113.79166666666669,107.0,11.2,21.17083333333333,21.016666666666666,0.2681666666666666,0.2866666666666666,174.0,136.875,37.125,278.90416666666664,174.0,275.325
2023-10-03,36.66666666666666,83.5,15.1,00:00:00,17:00:00,53.75,124.0,8.0,17:00:00,01:00:00,3.7708333333333335,5.5,2.3,13:00:00,01:00:00,37.575,46.1,24.1,00:00:00,23:00:00,50.49583333333334,57.5,36.1,04:00:00,22:00:00,39.54618055555556,51.14739583333334,4,1,2,1,4,4,20.025,15.0,25.6,21.34166666666667,79.45833333333333,16.0625,0.0,0.0,1021.9958333333334,1004.8916666666668,14.25,2.7,0.5658333333333333,12.0,23.3,182.375,233.0,19.4,21.1625,20.975,0.26,0.2800833333333333,165.875,121.04166666666669,44.833333333333336,245.72916666666663,165.875,272.225
2023-10-04,21.929166666666664,44.7,11.8,09:00:00,02:00:00,62.91666666666666,103.0,15.0,18:00:00,09:00:00,3.408333333333333,5.0,1.8,07:00:00,18:00:00,24.40833333333333,30.1,17.2,14:00:00,04:00:00,35.74583333333333,43.7,25.4,17:00:00,06:00:00,28.657638888888886,40.65295138888889,4,1,2,1,4,3,19.425,15.1,23.8,20.633333333333333,82.91666666666667,16.287499999999998,0.8,0.8,1022.9416666666666,1005.7916666666666,36.25,2.29,0.4320833333333334,13.0,21.7,132.625,151.125,24.1,21.15833333333333,21.15,0.2538333333333333,0.2738333333333334,143.45833333333334,92.04166666666669,51.41666666666666,190.90416666666667,143.45833333333334,269.24583333333334
2023-10-05,28.429166666666664,60.2,16.9,23:00:00,02:00:00,48.91666666666666,88.0,10.0,17:00:00,23:00:00,2.6625,3.5,2.0,21:00:00,04:00:00,22.23333333333333,26.3,17.5,08:00:00,13:00:00,30.116666666666664,39.1,24.1,00:00:00,13:00:00,24.18506944444444,34.33055555555556,3,1,1,1,3,2,19.52083333333333,15.4,24.1,20.2875,74.70833333333333,14.633333333333333,0.1,0.1,1024.0416666666667,1006.8833333333332,34.5,2.62,0.6333333333333333,10.9,22.0,124.75,135.29166666666666,19.1,20.98333333333333,21.058333333333334,0.2569166666666667,0.2679166666666667,164.79166666666666,121.45833333333331,43.333333333333336,252.78333333333333,164.79166666666666,266.3041666666667
2023-10-06,39.98333333333333,64.0,17.6,22:00:00,16:00:00,34.625,94.0,4.0,17:00:00,01:00:00,2.8083333333333336,3.5,2.2,21:00:00,11:00:00,29.445833333333336,35.8,21.7,10:00:00,02:00:00,39.458333333333336,46.2,29.4,09:00:00,02:00:00,25.07413194444444,33.55138888888889,4,1,1,1,4,2,19.166666666666668,14.7,24.3,20.341666666666665,80.16666666666667,15.333333333333334,0.0,0.0,1024.4958333333334,1007.3166666666666,42.458333333333336,2.32,0.5179166666666667,7.2,11.4,84.875,74.66666666666667,18.7,20.816666666666663,20.991666666666667,0.2472916666666666,0.2621666666666666,151.79166666666666,104.54166666666669,47.25,222.5666666666667,151.79166666666666,263.3666666666667
2023-10-07,33.612500000000004,64.2,11.4,00:00:00,17:00:00,38.29166666666666,103.0,1.0,17:00:00,08:00:00,3.3208333333333333,4.4,2.0,18:00:00,04:00:00,28.316666666666663,34.1,20.9,00:00:00,17:00:00,37.35,43.4,29.5,10:00:00,17:00:00,29.994965277777776,39.71649305555555,4,1,1,1,4,2,18.933333333333334,13.4,24.5,19.98333333333333,79.66666666666667,15.054166666666667,0.0,0.0,1023.8125,1006.6166666666668,2.5416666666666665,2.56,0.52625,9.4,11.6,273.0833333333333,232.70833333333331,20.9,20.3625,20.6375,0.2401666666666666,0.257875,166.08333333333334,131.25,34.833333333333336,278.125,166.08333333333334,260.37916666666666
2023-10-08,28.4,45.5,10.9,00:00:00,16:00:00,31.291666666666668,74.0,6.0,17:00:00,08:00:00,3.4125,4.6,2.6,19:00:00,02:00:00,22.620833333333334,31.2,14.2,01:00:00,15:00:00,34.645833333333336,44.0,26.3,01:00:00,14:00:00,25.99375,36.65190972222222,4,1,1,1,4,2,19.55,13.5,27.3,20.10833333333333,77.70833333333333,14.929166666666667,0.0,0.0,1022.9541666666668,1005.8125,4.75,2.8,0.6575000000000001,12.2,18.9,248.16666666666663,236.25,24.1,20.029166666666665,20.491666666666667,0.2391666666666666,0.2575833333333333,162.0,126.91666666666669,35.083333333333336,265.9125,162.0,257.3833333333333
2023-10-09,29.47083333333333,44.3,18.2,00:00:00,16:00:00,27.916666666666668,71.0,1.0,17:00:00,08:00:00,3.595833333333333,4.9,2.3,10:00:00,04:00:00,17.845833333333335,22.7,15.7,00:00:00,23:00:00,37.07083333333333,42.0,31.7,18:00:00,07:00:00,19.071180555555557,34.22517361111111,2,1,1,1,2,2,20.17083333333333,14.0,27.6,20.025,68.0,13.65,0.0,0.0,1021.1625,1004.0875,9.666666666666666,3.14,0.8850000000000001,14.5,29.5,278.7083333333333,272.625,25.6,20.454166666666666,20.5625,0.2309999999999999,0.253,163.125,129.75,33.375,281.225,163.125,254.38333333333333
2023-10-10,31.9125,76.4,11.5,22:00:00,05:00:00,43.125,83.0,5.0,16:00:00,09:00:00,3.829166666666666,5.5,2.6,13:00:00,03:00:00,20.33333333333333,31.8,14.3,22:00:00,01:00:00,40.775,59.4,28.9,22:00:00,02:00:00,17.91232638888889,37.113194444444446,2,1,1,1,2,2,19.6875,15.0,26.7,20.65,80.41666666666667,15.766666666666666,0.0,0.0,1019.9875,1002.8958333333334,16.875,2.45,0.5604166666666667,13.0,25.8,221.04166666666663,237.125,21.6,21.166666666666668,20.929166666666667,0.2207083333333333,0.2466249999999999,156.75,119.41666666666669,37.333333333333336,251.26666666666665,156.75,251.3625
2023-10-11,36.4875,62.9,18.6,23:00:00,17:00:00,46.125,116.0,2.0,17:00:00,08:00:00,3.35,4.7,2.6,12:00:00,06:00:00,29.59583333333333,35.2,19.0,11:00:00,01:00:00,53.1625,66.1,35.3,11:00:00,01:00:00,25.183333333333334,47.40625,4,1,1,1,4,3,19.15,15.1,24.4,20.691666666666663,83.79166666666667,16.070833333333333,0.0,0.0,1021.7291666666666,1004.5833333333334,17.416666666666668,2.06,0.4329166666666666,8.5,14.6,189.04166666666663,179.33333333333334,14.8,20.7,20.820833333333333,0.214125,0.2417916666666666,136.25,88.875,47.375,198.76666666666665,136.25,248.325
2023-10-12,31.754166666666663,59.9,14.2,00:00:00,17:00:00,40.41666666666666,91.0,10.0,17:00:00,00:00:00,3.216666666666667,4.1,2.2,21:00:00,15:00:00,26.2625,33.9,19.7,00:00:00,18:00:00,45.05416666666667,67.1,33.0,00:00:00,17:00:00,29.54982638888889,53.05451388888889,4,1,1,1,4,4,18.654166666666665,14.7,24.5,19.73333333333333,84.0,15.554166666666667,0.0,0.0,1020.7041666666668,1003.55,35.083333333333336,2.16,0.4275,8.5,17.9,272.7916666666667,264.2916666666667,18.4,20.59583333333333,20.7875,0.2053333333333333,0.2351666666666666,141.5,98.54166666666669,42.958333333333336,218.47916666666663,141.5,245.275
2023-10-13,23.7,39.6,11.6,09:00:00,16:00:00,43.708333333333336,84.0,15.0,17:00:00,09:00:00,2.9916666666666667,4.1,2.0,09:00:00,14:00:00,16.462500000000002,19.3,14.3,19:00:00,06:00:00,27.104166666666668,32.5,23.4,00:00:00,06:00:00,20.404166666666665,33.781597222222224,3,1,1,1,3,2,19.008333333333333,15.0,24.0,19.820833333333333,79.25,14.945833333333333,0.0,0.0,1020.6833333333334,1003.55,27.45833333333333,2.25,0.5354166666666667,10.1,20.5,236.20833333333331,245.33333333333331,18.7,20.891666666666666,20.870833333333334,0.2012083333333333,0.2319166666666667,144.04166666666666,105.0,39.04166666666666,232.775,144.04166666666666,242.2333333333333
2023-10-14,20.745833333333334,38.0,8.6,22:00:00,16:00:00,45.25,84.0,14.0,17:00:00,08:00:00,2.9250000000000003,3.9,2.1,20:00:00,11:00:00,15.133333333333333,17.8,13.3,23:00:00,16:00:00,24.65833333333333,29.7,21.6,22:00:00,04:00:00,15.662326388888888,25.544444444444448,2,1,1,1,2,2,19.054166666666667,15.3,23.8,19.604166666666668,79.125,15.0875,0.0,0.0,1015.1666666666666,998.1375,25.875,2.08,0.5195833333333334,12.6,21.0,294.5,249.95833333333331,26.3,20.3625,20.620833333333334,0.1985833333333333,0.2301666666666666,128.0,79.91666666666667,48.083333333333336,187.55,128.0,239.1875
2023-10-15,17.416666666666668,27.7,7.0,08:00:00,16:00:00,40.54166666666666,70.0,7.0,16:00:00,08:00:00,2.341666666666667,3.7,0.9,01:00:00,15:00:00,11.1125,18.2,5.8,00:00:00,14:00:00,16.55,27.3,10.9,02:00:00,17:00:00,13.759548611111107,21.77552083333333,2,1,1,1,2,2,17.795833333333334,13.0,24.2,15.679166666666667,62.75,8.791666666666666,0.0,0.0,1011.3833333333332,994.3375,25.33333333333333,3.4,0.8870833333333333,23.4,40.6,273.8333333333333,281.5416666666667,40.3,19.35,20.15833333333333,0.1917916666666666,0.2254583333333333,127.91666666666669,70.66666666666667,57.25,153.775,127.91666666666669,236.13333333333333
2023-10-16,19.0625,45.5,7.3,23:00:00,03:00:00,41.75,64.0,13.0,16:00:00,22:00:00,2.2,3.0,1.7,20:00:00,13:00:00,8.529166666666667,12.2,6.9,01:00:00,04:00:00,15.554166666666667,21.5,11.8,23:00:00,05:00:00,9.1453125,14.546701388888891,1,1,1,1,1,1,14.5375,11.2,18.0,11.329166666666666,50.75,4.116666666666666,0.0,0.0,1019.4208333333332,1002.0416666666666,53.875,2.95,0.84375,18.0,27.6,88.20833333333333,93.91666666666669,34.2,17.462500000000002,19.22083333333333,0.1833749999999999,0.2199166666666666,126.08333333333331,73.16666666666667,52.91666666666666,154.5375,126.08333333333331,233.09166666666667
2023-10-17,38.30416666666667,63.5,19.3,23:00:00,15:00:00,24.041666666666668,68.0,2.0,16:00:00,09:00:00,3.1958333333333333,4.3,2.3,11:00:00,03:00:00,12.354166666666666,16.1,9.6,04:00:00,16:00:00,25.8125,29.7,21.9,20:00:00,00:00:00,10.758680555555555,21.0015625,2,1,1,1,2,2,12.4,8.0,17.3,10.475,63.5,5.3625,0.0,0.0,1018.3458333333332,1000.8583333333332,23.25,1.96,0.56875,8.9,15.9,45.25,62.625,17.6,15.4625,17.483333333333334,0.1779166666666666,0.2162499999999999,137.5,90.54166666666669,46.958333333333336,206.98333333333332,137.5,230.05416666666667
2023-10-18,38.74583333333333,59.7,30.3,00:00:00,16:00:00,21.08333333333333,43.0,1.0,17:00:00,00:00:00,2.770833333333333,3.4,2.5,00:00:00,04:00:00,22.025,27.4,13.5,08:00:00,00:00:00,33.579166666666666,37.8,29.4,10:00:00,01:00:00,16.78732638888889,30.412673611111117,2,1,1,1,2,2,12.025,10.8,13.0,10.475,73.04166666666667,7.3,0.3,0.3,1015.4458333333332,997.9833333333332,94.54166666666669,0.77,0.38375,8.4,16.5,67.04166666666667,72.125,15.8,14.441666666666668,16.679166666666667,0.1789999999999999,0.2145,24.33333333333333,0.25,24.08333333333333,0.525,24.33333333333333,227.02916666666667
2023-10-19,31.65,38.3,23.8,19:00:00,05:00:00,6.166666666666667,18.0,0.0,00:00:00,08:00:00,2.3916666666666666,2.8,1.9,11:00:00,16:00:00,19.98333333333333,23.5,14.2,10:00:00,17:00:00,22.95833333333333,30.4,15.3,01:00:00,17:00:00,21.977604166666666,28.902430555555554,3,1,1,1,3,2,11.883333333333333,11.2,12.9,11.370833333333332,88.29166666666667,9.979166666666666,4.0,4.0,1005.4958333333334,988.1958333333332,100.0,0.5,0.1633333333333333,8.3,10.6,175.20833333333334,158.5,18.4,13.479166666666666,15.366666666666667,0.2051666666666667,0.2163333333333333,23.541666666666668,0.25,23.291666666666668,0.5125000000000001,23.541666666666668,224.01666666666665
2023-10-20,24.7875,43.1,16.8,21:00:00,13:00:00,17.833333333333332,36.0,3.0,17:00:00,00:00:00,1.8666666666666665,2.6,1.2,19:00:00,12:00:00,12.3,19.0,8.5,00:00:00,18:00:00,15.808333333333332,19.6,12.2,23:00:00,07:00:00,15.5953125,17.86545138888889,2,1,1,1,2,1,15.270833333333334,12.1,19.0,14.295833333333334,92.16666666666669,13.975,30.1,30.1,991.9791666666666,975.125,79.58333333333333,0.72,0.1475,30.7,50.3,113.29166666666669,118.625,58.0,14.858333333333333,15.304166666666667,0.3464166666666666,0.2502916666666666,39.875,4.583333333333333,35.291666666666664,15.4375,39.875,221.0125
2023-10-21,26.47083333333333,42.4,17.5,23:00:00,06:00:00,25.70833333333333,45.0,10.0,18:00:00,22:00:00,1.9166666666666667,2.5,1.4,01:00:00,18:00:00,9.691666666666666,12.3,7.2,01:00:00,17:00:00,14.1875,19.0,8.6,00:00:00,17:00:00,10.74565972222222,15.584375,2,1,1,1,2,1,15.145833333333334,12.8,20.0,14.566666666666668,84.54166666666667,12.475,18.0,18.0,1000.6125,983.5875,55.54166666666666,1.24,0.28375,16.9,32.2,114.41666666666669,102.66666666666669,28.1,15.570833333333333,16.216666666666665,0.3623333333333333,0.2855833333333333,77.58333333333333,31.20833333333333,46.375,81.05,77.58333333333333,218.02916666666667
2023-10-22,26.329166666666666,52.0,12.3,22:00:00,16:00:00,32.625,67.0,5.0,17:00:00,23:00:00,2.254166666666667,3.1,1.3,22:00:00,01:00:00,7.979166666666667,12.1,6.4,21:00:00,06:00:00,12.9375,19.2,9.6,23:00:00,06:00:00,8.456944444444444,12.672743055555555,1,1,1,1,1,1,14.808333333333332,11.7,18.6,14.608333333333334,83.79166666666667,11.9375,1.8,1.8,1011.0541666666668,993.8416666666668,56.91666666666666,1.61,0.3020833333333333,8.6,15.1,235.5,223.125,16.9,15.958333333333334,16.483333333333334,0.3818333333333333,0.3506666666666667,115.58333333333331,76.20833333333333,39.375,169.42916666666665,115.58333333333331,215.075
2023-10-23,37.425,52.4,21.8,19:00:00,06:00:00,10.583333333333334,29.0,2.0,15:00:00,20:00:00,2.8000000000000003,3.3,2.5,09:00:00,15:00:00,15.716666666666669,20.6,9.9,11:00:00,01:00:00,22.704166666666666,26.1,16.1,14:00:00,01:00:00,11.969444444444443,17.948611111111113,2,1,1,1,2,1,14.8875,12.0,18.3,14.6875,83.66666666666667,12.0625,2.0,2.0,1016.6291666666666,999.3166666666666,69.16666666666667,1.24,0.2954166666666666,12.0,19.6,216.45833333333331,201.04166666666663,20.9,15.841666666666669,16.587500000000002,0.3596666666666666,0.3485,81.125,35.708333333333336,45.41666666666666,90.3875,81.125,212.14583333333331
2023-10-24,31.71666666666667,44.0,21.3,20:00:00,05:00:00,14.416666666666666,20.0,3.0,15:00:00,21:00:00,2.2875,3.3,1.7,23:00:00,12:00:00,12.054166666666667,16.8,7.5,00:00:00,17:00:00,14.120833333333332,23.0,9.8,00:00:00,17:00:00,14.339930555555554,19.35434027777778,2,1,1,1,2,1,13.791666666666666,12.6,14.8,13.775,93.375,12.7375,33.0,33.0,1008.6625,991.4291666666668,88.16666666666667,0.45,0.10625,10.8,17.4,180.08333333333334,162.66666666666666,19.1,14.7875,16.083333333333332,0.4097083333333333,0.3822916666666666,22.125,0.3333333333333333,21.791666666666668,1.1708333333333334,22.125,209.32083333333333
2023-10-25,31.425,51.6,19.3,20:00:00,05:00:00,12.5,30.0,2.0,17:00:00,08:00:00,2.9166666666666665,3.9,1.9,11:00:00,15:00:00,18.729166666666668,25.9,11.1,22:00:00,01:00:00,21.445833333333336,30.7,11.5,22:00:00,00:00:00,14.522916666666664,16.41840277777778,2,1,1,1,2,1,13.266666666666666,10.2,17.2,13.029166666666669,90.41666666666669,11.65,0.1,0.1,1004.6833333333334,987.4875,65.41666666666667,1.13,0.1670833333333333,9.5,15.9,262.6666666666667,269.75,20.2,14.370833333333332,15.183333333333332,0.3892916666666666,0.38575,86.58333333333333,36.5,50.083333333333336,88.12083333333334,86.58333333333333,206.5583333333333
2023-10-26,33.72083333333333,47.9,25.3,00:00:00,06:00:00,5.5,13.0,1.0,16:00:00,00:00:00,3.270833333333333,4.9,2.2,10:00:00,23:00:00,22.89583333333333,27.2,19.0,09:00:00,20:00:00,29.84583333333333,36.5,24.0,09:00:00,23:00:00,22.260069444444444,27.156423611111112,3,1,1,1,3,2,14.3375,11.6,16.5,14.341666666666669,89.45833333333333,12.570833333333333,4.1,4.1,1001.2375,984.1541666666668,84.45833333333333,0.8300000000000001,0.1825,10.8,19.5,205.375,212.33333333333331,18.0,15.05,15.708333333333334,0.3804166666666667,0.3699166666666666,54.66666666666666,12.125,42.54166666666666,33.32083333333333,54.66666666666666,203.8
2023-10-27,27.0125,55.4,15.2,22:00:00,15:00:00,20.08333333333333,45.0,0.0,15:00:00,23:00:00,3.029166666666667,4.9,1.6,21:00:00,04:00:00,13.15,19.1,9.7,02:00:00,15:00:00,16.283333333333335,26.7,12.3,01:00:00,15:00:00,17.55138888888889,22.9796875,2,1,1,1,2,2,15.05,11.8,20.0,14.3375,85.625,12.479166666666666,12.8,12.8,995.4375,978.4958333333334,34.708333333333336,1.69,0.2795833333333333,16.9,26.8,246.29166666666663,231.08333333333331,32.4,15.7,16.075,0.40625,0.39125,128.0,101.08333333333331,26.916666666666668,253.4333333333333,128.0,201.04583333333332
2023-10-28,34.916666666666664,51.2,22.9,23:00:00,15:00:00,13.875,46.0,0.0,17:00:00,01:00:00,3.2875,4.2,2.6,00:00:00,23:00:00,16.075,21.9,13.5,23:00:00,10:00:00,21.058333333333334,26.9,18.5,23:00:00,01:00:00,14.118402777777776,17.799479166666668,2,1,1,1,2,1,13.091666666666669,9.0,18.2,12.416666666666666,82.66666666666667,10.058333333333334,0.0,0.0,1005.275,988.0541666666668,12.333333333333334,1.4400000000000002,0.29125,10.5,16.6,139.75,162.16666666666666,16.6,14.7125,15.5625,0.3778333333333333,0.37675,110.08333333333331,67.16666666666667,42.91666666666666,169.11249999999998,110.08333333333331,198.29583333333332
2023-10-29,25.944000000000003,46.5,15.8,00:00:00,14:00:00,25.64,48.0,7.0,15:00:00,00:00:00,1.98,2.4,1.7,00:00:00,09:00:00,11.152,20.0,7.5,00:00:00,13:00:00,16.464,26.7,11.1,00:00:00,23:00:00,14.549833333333334,20.20583333333333,2,1,1,1,2,2,13.444,10.9,16.7,12.5,85.24,10.968,3.6,3.6,1012.152,994.844,80.8,0.92,0.2344,12.9,21.3,86.64,97.6,24.5,14.168,15.104,0.36928,0.36284,55.56,21.52,34.04,53.944,55.56,187.732
2023-10-30,25.891666666666666,32.9,14.9,18:00:00,23:00:00,14.875,31.0,2.0,21:00:00,09:00:00,1.8125,2.4,1.1,08:00:00,16:00:00,13.204166666666666,18.2,8.5,08:00:00,22:00:00,17.716666666666665,24.4,11.1,08:00:00,22:00:00,11.672743055555555,16.29965277777778,2,1,1,1,2,1,14.0125,13.0,16.1,13.779166666666669,94.04166666666669,13.070833333333333,63.2,63.2,1007.5041666666666,990.3041666666668,99.79166666666669,0.41,0.0958333333333333,21.9,36.8,166.58333333333334,111.75,39.6,14.208333333333334,14.945833333333333,0.41975,0.398625,18.875,0.0833333333333333,18.791666666666668,0.3416666666666666,18.875,192.8125
2023-10-31,26.491666666666664,64.8,13.4,20:00:00,13:00:00,32.791666666666664,66.0,0.0,08:00:00,19:00:00,2.558333333333333,3.5,1.0,19:00:00,07:00:00,8.012500000000001,14.5,4.7,22:00:00,13:00:00,10.891666666666666,19.0,5.8,23:00:00,14:00:00,9.884201388888888,13.233333333333334,1,1,1,1,1,1,13.4375,9.7,18.0,11.8,81.45833333333333,10.120833333333334,28.700000000000003,28.700000000000003,1004.8458333333332,987.6583333333332,44.625,1.58,0.3120833333333333,31.9,54.7,265.5,261.0833333333333,64.1,14.1375,14.954166666666666,0.4150416666666667,0.4127916666666666,100.125,63.958333333333336,36.16666666666666,156.69166666666666,100.125,190.15833333333333
2023-11-01,31.383333333333336,41.8,20.7,00:00:00,15:00:00,10.666666666666666,31.0,0.0,13:00:00,05:00:00,2.591666666666667,3.4,2.2,00:00:00,15:00:00,14.245833333333335,19.6,10.6,07:00:00,01:00:00,17.4125,22.1,14.5,08:00:00,03:00:00,11.469791666666666,14.579166666666667,2,1,1,1,2,1,10.5875,6.6,13.6,9.358333333333333,89.20833333333333,8.8125,4.0,4.0,1012.7166666666668,995.2166666666668,66.54166666666667,0.7000000000000001,0.15375,11.7,20.1,110.83333333333331,123.95833333333331,23.0,12.145833333333334,13.858333333333334,0.3941666666666667,0.3883749999999999,48.875,5.708333333333333,43.16666666666666,17.691666666666666,48.875,187.5666666666667
2023-11-02,25.10833333333333,34.0,17.6,00:00:00,15:00:00,18.041666666666668,38.0,4.0,14:00:00,22:00:00,2.025,3.2,1.3,22:00:00,13:00:00,11.491666666666667,16.1,7.5,05:00:00,15:00:00,13.1625,20.3,7.9,04:00:00,15:00:00,13.49861111111111,16.4203125,2,1,1,1,2,1,11.408333333333331,10.2,12.7,9.933333333333334,94.29166666666669,10.516666666666667,24.9,24.9,997.5583333333334,980.3625,96.5,0.29,0.0775,26.7,42.9,123.95833333333331,131.79166666666666,45.4,12.054166666666667,13.416666666666666,0.4164583333333333,0.4028333333333333,9.416666666666666,0.2916666666666667,9.125,0.75,9.416666666666666,185.025
2023-11-03,29.3625,54.1,15.1,21:00:00,14:00:00,17.833333333333332,46.0,0.0,15:00:00,20:00:00,2.8083333333333336,4.1,2.0,22:00:00,06:00:00,7.837499999999999,12.1,4.6,21:00:00,12:00:00,10.379166666666666,16.3,6.4,21:00:00,13:00:00,8.831597222222221,10.373611111111112,1,1,1,1,1,1,10.55,4.9,15.1,8.258333333333333,83.33333333333333,7.720833333333332,28.8,28.8,987.7583333333332,970.6916666666666,53.54166666666666,1.16,0.2283333333333333,34.0,55.0,256.0833333333333,256.4166666666667,61.2,11.470833333333331,12.733333333333334,0.417875,0.4161666666666666,76.20833333333333,41.958333333333336,34.25,107.3875,76.20833333333333,182.6
2023-11-04,28.441666666666663,47.2,21.4,00:00:00,15:00:00,15.666666666666666,35.0,0.0,14:00:00,00:00:00,2.566666666666667,3.4,2.1,09:00:00,23:00:00,11.358333333333334,14.9,7.9,10:00:00,23:00:00,15.1125,20.7,10.2,10:00:00,23:00:00,10.087152777777778,13.686111111111112,2,1,1,1,2,1,8.549999999999999,3.7,12.0,6.425,85.20833333333333,6.116666666666667,14.7,14.7,996.4041666666668,979.0666666666666,64.58333333333333,0.79,0.1795833333333333,17.6,33.3,93.0,86.91666666666667,32.0,9.820833333333333,11.608333333333334,0.4076249999999999,0.4024166666666667,59.54166666666666,17.083333333333332,42.458333333333336,52.46666666666667,59.54166666666666,180.19583333333333
2023-11-05,21.883333333333336,44.5,11.0,21:00:00,06:00:00,27.916666666666668,54.0,3.0,15:00:00,21:00:00,2.6,3.4,1.4,09:00:00,02:00:00,8.058333333333334,13.5,6.0,23:00:00,15:00:00,9.8125,16.1,7.1,23:00:00,02:00:00,8.957638888888889,11.303993055555557,1,1,1,1,1,1,9.858333333333333,6.0,15.4,7.820833333333333,82.0,6.7625,5.6,5.6,994.075,976.8583333333332,26.5,1.3,0.2520833333333333,18.0,31.4,286.0416666666667,281.5,30.2,10.820833333333333,11.6375,0.4125416666666666,0.4134166666666667,111.83333333333331,86.66666666666667,25.166666666666668,238.72083333333333,111.83333333333331,177.8083333333333
2023-11-06,33.75416666666667,58.9,21.5,20:00:00,04:00:00,11.625,44.0,0.0,15:00:00,20:00:00,3.225,4.3,2.5,09:00:00,14:00:00,17.929166666666667,22.5,14.2,19:00:00,00:00:00,24.7375,31.6,18.1,21:00:00,00:00:00,13.196527777777776,17.400000000000002,2,1,1,1,2,1,9.2875,4.0,15.4,7.745833333333334,88.33333333333333,7.325,3.7,3.7,1009.7291666666666,992.1916666666666,17.625,1.18,0.1675,10.4,22.7,146.45833333333334,155.91666666666666,24.5,10.670833333333334,11.725,0.3981666666666667,0.3972916666666666,105.16666666666669,78.45833333333333,26.70833333333333,210.6291666666667,105.16666666666669,175.4625
2023-11-07,37.97083333333333,57.6,23.8,19:00:00,06:00:00,16.041666666666668,43.0,0.0,14:00:00,21:00:00,2.954166666666667,4.0,2.0,20:00:00,02:00:00,18.0375,24.8,13.3,23:00:00,05:00:00,24.48333333333333,34.9,18.5,23:00:00,05:00:00,17.6984375,24.290972222222223,2,1,1,1,2,2,10.0125,6.9,13.5,8.604166666666666,88.375,8.1,4.2,4.2,1016.0916666666668,998.4916666666668,37.083333333333336,0.89,0.1575,11.2,21.3,134.375,140.95833333333334,22.7,11.275,12.141666666666666,0.4111666666666667,0.4054166666666667,73.29166666666667,37.04166666666666,36.25,110.7125,73.29166666666667,173.14166666666665
2023-11-08,41.395833333333336,75.5,22.5,19:00:00,05:00:00,8.708333333333334,30.0,0.0,15:00:00,19:00:00,3.6875,4.8,2.8,21:00:00,06:00:00,18.629166666666663,24.2,13.7,22:00:00,07:00:00,25.47083333333333,36.7,18.2,22:00:00,07:00:00,18.794097222222224,25.412847222222226,2,2,1,1,2,2,7.95,5.1,13.2,6.0125,84.70833333333333,5.379166666666666,0.0,0.0,1019.95,1002.1583333333332,9.25,1.12,0.1866666666666666,10.5,20.3,186.625,204.20833333333331,17.6,10.016666666666667,11.420833333333334,0.3942083333333333,0.3964166666666667,103.83333333333331,77.125,26.70833333333333,214.1,103.83333333333331,170.86249999999998
2023-11-09,42.66666666666666,55.7,32.3,20:00:00,05:00:00,4.875,21.0,0.0,23:00:00,00:00:00,2.9416666666666664,3.8,2.1,00:00:00,14:00:00,18.42083333333333,23.8,12.4,00:00:00,23:00:00,22.575,32.7,13.2,00:00:00,23:00:00,19.294965277777777,25.450347222222224,2,2,1,1,2,2,7.879166666666666,4.6,10.5,5.958333333333333,86.66666666666667,5.745833333333334,9.0,9.0,1017.225,999.4875,84.20833333333333,0.52,0.14625,10.3,20.3,171.33333333333334,147.5,16.6,9.170833333333333,10.633333333333333,0.399375,0.39425,37.958333333333336,6.208333333333333,31.75,21.96666666666667,37.958333333333336,168.61249999999998
2023-11-10,30.329166666666666,40.8,18.6,19:00:00,05:00:00,17.291666666666668,35.0,4.0,15:00:00,09:00:00,3.704166666666667,5.0,2.3,10:00:00,01:00:00,12.995833333333332,19.0,9.8,22:00:00,16:00:00,15.425,23.0,10.1,22:00:00,05:00:00,14.537152777777775,17.169270833333336,2,1,1,1,2,1,7.945833333333333,3.9,12.0,5.820833333333333,86.08333333333333,5.658333333333334,0.0,0.0,1007.2,989.6416666666668,49.04166666666666,0.98,0.1675,11.3,24.6,266.4166666666667,262.0833333333333,19.1,9.45,10.570833333333333,0.4053333333333333,0.4062916666666666,88.875,55.625,33.25,156.53333333333333,88.875,166.475
2023-11-11,33.22083333333333,58.8,21.2,20:00:00,15:00:00,13.833333333333334,44.0,3.0,16:00:00,21:00:00,3.0125,3.9,2.3,18:00:00,05:00:00,17.116666666666667,22.4,10.2,04:00:00,13:00:00,20.6125,27.9,13.2,06:00:00,14:00:00,16.07847222222222,19.590972222222224,2,1,1,1,2,1,6.758333333333333,2.1,14.4,3.6791666666666663,82.0,3.5416666666666665,0.0,0.0,1006.6333333333332,989.0041666666666,19.291666666666668,1.26,0.2291666666666666,15.2,23.9,279.2083333333333,282.7916666666667,28.1,8.679166666666667,10.154166666666669,0.3910416666666667,0.3957916666666667,103.625,79.625,24.0,227.74166666666667,103.625,164.40833333333333
2023-11-12,36.60833333333333,50.4,22.8,02:00:00,15:00:00,10.625,34.0,0.0,14:00:00,22:00:00,3.275,4.8,2.5,21:00:00,05:00:00,23.9,26.8,21.2,01:00:00,08:00:00,28.15833333333333,32.0,25.1,20:00:00,00:00:00,20.338194444444444,23.62447916666667,3,1,1,1,3,2,6.825,2.7,12.1,4.641666666666667,83.0,4.0625,0.0,0.0,1011.1708333333332,993.4708333333332,38.333333333333336,0.87,0.185,9.7,18.4,130.33333333333334,135.33333333333334,15.5,8.583333333333334,9.8,0.3805833333333333,0.384625,79.20833333333333,41.958333333333336,37.25,129.68333333333334,79.20833333333333,162.38750000000002
2023-11-13,40.61666666666667,63.6,24.9,19:00:00,03:00:00,7.666666666666667,29.0,0.0,14:00:00,06:00:00,3.85,4.8,2.8,14:00:00,05:00:00,21.633333333333336,28.4,18.4,23:00:00,13:00:00,30.491666666666664,39.1,26.8,22:00:00,09:00:00,22.207291666666663,28.799479166666668,3,2,1,1,3,2,7.6375,3.0,13.7,5.691666666666666,84.54166666666667,5.1125,0.0,0.0,1016.0625,998.3291666666668,46.833333333333336,0.96,0.1745833333333333,12.6,23.3,205.45833333333331,223.25,20.2,8.754166666666666,9.633333333333336,0.3735416666666666,0.379125,85.83333333333333,54.875,30.95833333333333,156.50833333333333,85.83333333333333,160.41666666666666
2023-11-14,43.6375,56.1,34.2,20:00:00,12:00:00,2.875,13.0,0.0,15:00:00,06:00:00,3.4458333333333333,4.2,2.8,04:00:00,17:00:00,37.75833333333333,47.0,26.5,21:00:00,00:00:00,46.98333333333333,60.7,38.0,23:00:00,00:00:00,29.56336805555556,38.79253472222222,4,2,1,1,4,2,10.208333333333334,6.3,14.7,9.1875,90.41666666666669,8.637500000000001,0.2,0.2,1014.15,996.6083333333332,62.708333333333336,0.9,0.1383333333333333,9.8,14.2,190.41666666666663,228.54166666666663,17.6,10.708333333333334,10.8375,0.3595,0.3680833333333333,76.25,47.79166666666666,28.45833333333333,132.37083333333334,76.25,158.47916666666666
2023-11-15,36.06666666666667,59.7,18.9,20:00:00,13:00:00,11.458333333333334,39.0,0.0,15:00:00,00:00:00,2.9375,4.1,1.9,19:00:00,14:00:00,18.791666666666668,48.3,8.9,00:00:00,15:00:00,25.729166666666668,60.1,13.1,00:00:00,15:00:00,30.499479166666664,39.48072916666667,4,1,1,1,4,2,12.245833333333332,9.0,18.9,9.591666666666669,70.66666666666667,6.241666666666667,0.0,0.0,1015.3,997.8583333333332,19.125,1.85,0.46375,16.6,31.7,279.9583333333333,302.7083333333333,26.6,11.645833333333334,11.866666666666667,0.3625,0.367125,91.5,65.33333333333333,26.166666666666668,193.43333333333337,91.5,156.57500000000002
2023-11-16,45.583333333333336,60.3,32.2,19:00:00,01:00:00,7.291666666666667,22.0,0.0,14:00:00,07:00:00,3.658333333333333,4.8,2.1,08:00:00,01:00:00,23.625,29.9,13.6,10:00:00,00:00:00,29.35833333333333,42.4,17.9,22:00:00,00:00:00,18.82482638888889,23.570486111111112,2,2,1,1,2,2,8.679166666666667,3.6,12.6,6.45,72.375,3.883333333333333,0.0,0.0,1016.8125,999.1208333333334,47.458333333333336,0.94,0.3258333333333333,11.2,23.8,178.875,168.45833333333334,24.5,10.191666666666666,11.408333333333331,0.3596666666666666,0.363875,71.25,32.625,38.625,111.3625,71.25,154.6875
2023-11-17,29.4375,50.0,12.7,00:00:00,14:00:00,32.416666666666664,68.0,0.0,16:00:00,00:00:00,2.35,4.1,1.4,00:00:00,12:00:00,13.1875,30.0,4.8,00:00:00,13:00:00,18.58333333333333,41.0,7.4,00:00:00,13:00:00,20.538194444444446,27.946527777777774,3,1,1,1,3,2,9.341666666666669,4.8,16.0,4.970833333333333,57.833333333333336,0.2125,0.0,0.0,1014.15,996.55,5.708333333333333,2.37,0.5770833333333333,28.1,45.9,301.0,311.8333333333333,47.5,10.145833333333334,10.925,0.3537916666666666,0.3613333333333333,97.83333333333331,77.08333333333333,20.75,237.85833333333332,97.83333333333331,152.84583333333333
2023-11-18,36.35,64.5,14.0,21:00:00,03:00:00,30.70833333333333,61.0,1.0,02:00:00,23:00:00,2.8000000000000003,4.8,1.5,23:00:00,05:00:00,11.470833333333331,18.7,7.1,23:00:00,00:00:00,15.4125,26.9,8.0,23:00:00,01:00:00,9.753125,12.797395833333336,1,1,1,1,1,1,8.708333333333334,5.0,14.4,5.604166666666667,58.958333333333336,0.7541666666666668,0.0,0.0,1022.7166666666668,1004.9291666666668,23.45833333333333,1.53,0.49,16.6,34.9,293.75,256.0833333333333,28.8,9.8,10.695833333333333,0.3422916666666666,0.3571666666666666,86.95833333333333,60.79166666666666,26.166666666666668,189.88333333333333,86.95833333333333,151.01666666666668
2023-11-19,45.3,59.4,30.3,00:00:00,15:00:00,10.958333333333334,41.0,0.0,15:00:00,00:00:00,4.616666666666666,6.7,3.3,13:00:00,06:00:00,24.4125,29.2,16.7,09:00:00,16:00:00,30.191666666666663,36.6,22.4,03:00:00,15:00:00,19.257465277777776,24.931944444444444,2,2,1,1,2,2,7.274999999999999,2.9,13.5,4.908333333333333,79.0,3.716666666666667,0.0,0.0,1019.95,1002.125,22.291666666666668,1.02,0.2429166666666666,8.7,14.4,260.8333333333333,273.0833333333333,14.8,8.325000000000001,9.691666666666666,0.344125,0.3551249999999999,88.79166666666667,66.58333333333333,22.20833333333333,207.32083333333333,88.79166666666667,149.22083333333333
2023-11-20,47.25,63.0,34.6,18:00:00,06:00:00,3.7083333333333335,16.0,0.0,14:00:00,07:00:00,4.125,5.5,3.0,08:00:00,23:00:00,41.425,51.2,27.3,09:00:00,00:00:00,48.6625,58.2,33.1,20:00:00,00:00:00,32.450694444444444,38.21493055555556,4,2,1,1,4,2,7.479166666666667,2.1,11.4,5.625,85.16666666666667,5.091666666666667,0.0,0.0,1014.9958333333334,997.2625,66.66666666666667,0.66,0.1670833333333333,9.7,13.0,144.20833333333334,171.41666666666666,14.0,8.258333333333333,9.366666666666664,0.3395416666666667,0.3495416666666666,58.29166666666666,25.291666666666668,33.0,81.04583333333333,58.29166666666666,147.45000000000002
2023-11-21,45.78333333333333,72.3,29.2,19:00:00,05:00:00,11.416666666666666,37.0,1.0,15:00:00,00:00:00,3.7541666666666655,4.7,2.6,20:00:00,02:00:00,38.86666666666667,43.8,31.2,00:00:00,14:00:00,49.8,57.3,43.2,09:00:00,15:00:00,41.40017361111111,51.21354166666666,4,2,1,1,4,4,8.970833333333333,5.0,13.0,7.3125,86.25,6.720833333333334,0.2,0.2,1009.8833333333332,992.325,41.04166666666666,0.91,0.17375,9.2,15.9,193.125,172.54166666666666,19.1,10.0875,10.65,0.3359166666666667,0.343875,84.25,59.16666666666666,25.08333333333333,188.40416666666667,84.25,145.72083333333333
2023-11-22,45.6,73.7,28.6,19:00:00,05:00:00,11.75,44.0,0.0,15:00:00,20:00:00,3.5666666666666664,4.9,2.5,22:00:00,04:00:00,22.8875,39.5,13.3,00:00:00,15:00:00,31.625,47.5,18.0,00:00:00,15:00:00,30.68784722222222,39.825,4,2,1,1,4,2,7.566666666666666,2.5,14.5,5.229166666666667,81.41666666666667,4.383333333333334,0.0,0.0,1015.9375,998.1958333333332,3.208333333333333,0.99,0.2320833333333333,13.0,26.1,128.16666666666666,136.25,20.9,8.879166666666666,10.166666666666666,0.3336666666666667,0.3419166666666667,89.16666666666667,69.625,19.541666666666668,223.45833333333331,89.16666666666667,144.0375
2023-11-23,49.583333333333336,71.8,35.1,19:00:00,06:00:00,6.75,29.0,0.0,15:00:00,07:00:00,3.7291666666666665,4.9,2.6,09:00:00,04:00:00,30.195833333333336,37.8,24.0,10:00:00,13:00:00,36.6875,41.7,31.3,09:00:00,13:00:00,25.91614583333333,34.116145833333334,4,2,1,1,4,2,6.0875,2.2,11.7,3.6375,81.75,2.983333333333333,0.0,0.0,1021.3375,1003.4,10.666666666666666,0.91,0.2054166666666666,8.9,16.1,162.91666666666666,167.70833333333334,14.4,7.325,9.125,0.3284583333333333,0.337125,87.5,68.0,19.5,219.42916666666667,87.5,142.37916666666666
2023-11-24,42.2875,66.1,18.6,19:00:00,23:00:00,12.375,63.0,0.0,23:00:00,01:00:00,4.616666666666666,6.8,1.5,13:00:00,23:00:00,26.266666666666666,34.0,13.9,01:00:00,23:00:00,33.06666666666667,43.9,16.7,19:00:00,23:00:00,29.08298611111111,35.79375,4,2,1,1,4,2,7.183333333333334,2.0,13.9,3.65,74.25,2.225,0.0,0.0,1005.3708333333334,987.7916666666666,7.666666666666667,1.49,0.3125,43.8,69.1,279.5833333333333,280.0,72.0,7.216666666666666,8.479166666666666,0.321875,0.3323333333333333,88.0,68.79166666666667,19.20833333333333,223.77083333333331,88.0,140.77083333333334
2023-11-25,15.458333333333334,32.1,6.3,21:00:00,03:00:00,59.708333333333336,73.0,32.0,15:00:00,22:00:00,1.575,2.9,1.0,23:00:00,01:00:00,5.1375,9.3,3.5,23:00:00,03:00:00,8.237499999999999,15.2,5.4,00:00:00,15:00:00,13.978298611111107,19.08090277777778,2,1,2,1,2,1,7.620833333333334,2.8,10.4,0.2833333333333333,28.08333333333333,-9.954166666666667,0.0,0.0,1007.8666666666668,990.275,3.583333333333333,3.75,0.7637499999999999,46.9,71.5,339.8333333333333,341.7083333333333,80.3,8.358333333333333,9.225,0.3227083333333333,0.3337083333333333,90.45833333333331,71.29166666666667,19.166666666666668,234.63333333333333,90.45833333333331,139.20833333333334
2023-11-26,30.13333333333333,62.1,13.0,23:00:00,13:00:00,32.958333333333336,64.0,1.0,14:00:00,23:00:00,2.708333333333333,3.5,1.8,18:00:00,11:00:00,11.116666666666667,15.3,7.6,08:00:00,13:00:00,13.820833333333333,19.4,9.8,22:00:00,14:00:00,8.40798611111111,10.701909722222224,1,1,1,1,1,1,4.945833333333334,0.6,11.6,0.6625,53.625,-3.820833333333333,0.0,0.0,1012.8,994.95,6.291666666666667,1.64,0.4283333333333333,14.8,29.0,277.625,278.4166666666667,25.9,6.5,8.1,0.3255416666666667,0.3342916666666666,87.41666666666667,68.91666666666667,18.5,228.35,87.41666666666667,137.69166666666666
2023-11-27,51.3125,61.0,38.3,19:00:00,06:00:00,4.083333333333333,13.0,0.0,14:00:00,18:00:00,3.095833333333333,3.9,2.4,10:00:00,06:00:00,21.78333333333333,24.4,14.3,04:00:00,00:00:00,27.5125,33.1,19.4,08:00:00,00:00:00,17.114583333333332,21.49114583333333,2,2,1,1,2,2,3.7375,1.2,5.9,0.95,74.04166666666667,-0.475,0.1,0.1,1010.7625,992.875,85.5,0.36,0.2095833333333333,7.9,19.0,96.83333333333331,72.33333333333333,14.0,5.379166666666666,7.183333333333334,0.330375,0.3345,16.833333333333332,0.1666666666666666,16.666666666666668,1.2833333333333334,16.833333333333332,136.2125
2023-11-28,36.766666666666666,54.7,22.3,19:00:00,23:00:00,16.583333333333332,45.0,1.0,15:00:00,00:00:00,3.704166666666667,5.4,2.1,16:00:00,23:00:00,20.8125,29.3,12.3,09:00:00,22:00:00,25.933333333333334,33.5,19.1,09:00:00,23:00:00,21.62829861111111,26.782986111111114,3,1,1,1,3,2,4.729166666666667,1.1,9.0,0.9833333333333332,76.04166666666667,0.3708333333333333,0.7999999999999999,0.7999999999999999,997.9958333333334,980.3791666666666,22.95833333333333,1.03,0.2233333333333333,18.8,36.9,270.2083333333333,246.375,33.8,5.55,6.979166666666667,0.3329166666666667,0.3332916666666667,83.79166666666667,64.79166666666667,19.0,215.3875,83.79166666666667,134.79583333333332
2023-11-29,39.43333333333333,65.4,10.6,20:00:00,02:00:00,22.375,52.0,0.0,03:00:00,08:00:00,3.208333333333333,5.4,1.6,10:00:00,01:00:00,17.633333333333333,25.2,9.5,23:00:00,02:00:00,22.179166666666664,32.5,11.1,20:00:00,02:00:00,17.278645833333332,22.00034722222222,2,1,1,1,2,2,4.883333333333334,-0.4,9.4,0.875,60.29166666666666,-2.9416666666666664,0.0,0.0,1006.6708333333332,988.925,18.95833333333333,1.42,0.3591666666666667,22.0,41.5,120.125,97.20833333333331,37.4,5.9875,7.133333333333333,0.3274166666666667,0.333375,83.70833333333333,65.0,18.70833333333333,219.21666666666667,83.70833333333333,133.43333333333334
2023-11-30,40.275,56.2,30.9,00:00:00,06:00:00,9.0,16.0,0.0,11:00:00,00:00:00,2.9291666666666667,4.2,2.3,19:00:00,08:00:00,16.191666666666666,25.8,9.0,01:00:00,08:00:00,21.175,33.5,12.1,01:00:00,11:00:00,18.53159722222222,24.0140625,2,2,1,1,2,2,3.6916666666666655,2.1,4.8,1.15,89.04166666666667,2.0125,7.2,6.4,1006.475,988.6541666666668,99.79166666666669,0.25,0.0891666666666666,7.1,15.0,185.0,192.20833333333331,15.1,5.220833333333333,6.8625,0.372,0.345375,16.958333333333332,0.125,16.833333333333332,0.3583333333333333,16.958333333333332,132.12916666666666
2023-12-01,35.266666666666666,44.2,22.8,19:00:00,05:00:00,4.875,17.0,0.0,03:00:00,17:00:00,3.1625,3.8,2.0,08:00:00,02:00:00,19.64583333333333,24.6,14.5,20:00:00,05:00:00,21.475,28.4,14.6,20:00:00,05:00:00,17.18125,20.06076388888889,2,1,1,1,2,2,4.05,2.8,6.3,1.7125,94.625,3.2416666666666667,21.2,21.2,999.2375,981.5583333333334,100.0,0.21,0.04375,9.4,15.5,219.875,186.91666666666663,26.3,4.945833333333334,6.175,0.4076666666666667,0.3733333333333333,9.958333333333334,0.0,9.958333333333334,0.0,9.958333333333334,130.89166666666668
2023-12-02,24.266666666666666,40.6,16.3,00:00:00,23:00:00,26.541666666666668,50.0,0.0,12:00:00,00:00:00,1.7583333333333335,3.1,0.9,00:00:00,13:00:00,10.05,17.8,4.8,00:00:00,14:00:00,11.595833333333331,21.5,6.4,00:00:00,12:00:00,16.41076388888889,18.28576388888889,2,1,1,1,2,1,6.991666666666667,5.0,10.4,1.9333333333333331,60.91666666666666,-1.8916666666666664,14.7,14.7,996.7083333333334,979.275,59.25,1.96,0.4125,34.4,55.8,289.5,287.3333333333333,58.3,6.425,6.925,0.4216249999999999,0.4204166666666666,30.791666666666668,10.75,20.041666666666668,49.4375,30.791666666666668,129.70416666666665
2023-12-03,32.44583333333333,56.5,15.3,21:00:00,14:00:00,21.75,44.0,0.0,14:00:00,21:00:00,2.0708333333333333,3.4,0.8,21:00:00,03:00:00,15.05,22.5,6.8,23:00:00,00:00:00,18.0625,32.6,9.1,23:00:00,00:00:00,10.404166666666669,12.204861111111112,2,1,1,1,2,1,3.983333333333333,0.1,8.6,0.1666666666666667,63.708333333333336,-3.016666666666667,0.0,0.0,1019.7041666666668,1001.6583333333332,17.041666666666668,1.21,0.3045833333333334,21.4,38.4,135.0,134.25,37.1,5.45,6.858333333333333,0.400625,0.4043333333333334,72.25,50.375,21.875,166.85,72.25,128.57083333333333
2023-12-04,43.90833333333333,50.8,34.8,22:00:00,06:00:00,3.5416666666666665,11.0,0.0,15:00:00,00:00:00,2.9458333333333333,3.7,2.2,19:00:00,00:00:00,24.27083333333333,29.8,17.9,02:00:00,21:00:00,27.870833333333334,35.3,19.3,01:00:00,20:00:00,21.34670138888889,25.766840277777774,3,2,1,1,3,2,0.8125,-1.1,3.0,-2.095833333333333,89.875,-0.7041666666666667,2.1,1.8,1022.5083333333332,1004.225,73.45833333333333,0.27,0.0679166666666666,7.7,15.6,107.875,119.5,13.0,2.841666666666667,5.170833333333333,0.3963333333333333,0.3963333333333333,18.33333333333333,0.3333333333333333,18.0,1.3791666666666669,18.33333333333333,127.525
2023-12-05,36.73333333333333,44.8,30.8,00:00:00,15:00:00,5.125,21.0,0.0,14:00:00,08:00:00,3.7375,4.8,2.4,08:00:00,02:00:00,28.7625,37.0,21.5,21:00:00,00:00:00,31.67083333333333,41.0,24.1,21:00:00,00:00:00,25.63663194444444,27.909722222222225,4,1,1,1,4,2,1.8,-1.0,4.2,-1.0666666666666669,89.5,0.2291666666666666,0.0,0.0,1014.2458333333334,996.1708333333332,83.33333333333333,0.34,0.0775,8.4,17.7,262.2083333333333,267.0416666666667,14.0,3.4291666666666667,4.808333333333333,0.3890833333333334,0.3903333333333333,27.5,1.7083333333333333,25.791666666666668,5.075,27.5,126.51666666666668
2023-12-06,44.4125,66.3,31.8,19:00:00,07:00:00,4.208333333333333,19.0,0.0,14:00:00,00:00:00,4.5,7.0,3.0,22:00:00,02:00:00,36.0125,49.4,25.2,22:00:00,13:00:00,42.47916666666666,61.6,30.6,22:00:00,13:00:00,32.37135416666667,36.95399305555556,4,2,1,1,4,2,1.0041666666666669,-2.2,6.5,-2.025,88.125,-0.8375,0.0,0.0,1013.8125,995.6916666666666,2.75,0.59,0.0945833333333333,9.3,19.9,245.70833333333331,276.4166666666667,16.9,2.6750000000000003,4.4750000000000005,0.3807916666666666,0.385875,72.79166666666667,51.083333333333336,21.70833333333333,176.9,72.79166666666667,125.55833333333334
2023-12-07,58.825,73.4,38.7,19:00:00,06:00:00,2.958333333333333,15.0,0.0,14:00:00,06:00:00,5.908333333333334,8.4,4.6,09:00:00,19:00:00,44.40416666666667,51.1,35.9,01:00:00,06:00:00,50.05,62.8,40.6,01:00:00,06:00:00,40.90572916666667,47.71354166666666,4,2,1,1,4,3,0.8249999999999998,-4.0,8.2,-2.208333333333333,87.125,-1.2083333333333333,0.0,0.0,1019.5,1001.2583333333332,11.416666666666666,0.64,0.1041666666666666,8.1,16.0,201.875,180.20833333333331,15.5,2.2875,3.975,0.3771666666666666,0.3824583333333333,77.0,59.333333333333336,17.666666666666668,208.775,77.0,124.64583333333331
2023-12-08,46.50416666666666,57.7,29.1,00:00:00,23:00:00,7.958333333333333,26.0,0.0,14:00:00,00:00:00,3.5541666666666667,5.5,2.3,00:00:00,23:00:00,31.9,53.3,25.6,01:00:00,16:00:00,34.891666666666666,55.0,26.6,00:00:00,18:00:00,39.43142361111111,43.96545138888889,4,2,1,1,4,3,2.470833333333333,-1.4,4.1,-0.2416666666666666,87.91666666666667,0.625,2.9,2.9,1018.0916666666668,999.9958333333334,94.58333333333331,0.27,0.08875,10.6,18.9,195.95833333333331,194.75,19.1,3.204166666666667,4.233333333333333,0.3839166666666667,0.3797083333333333,20.041666666666668,0.1666666666666666,19.875,0.4624999999999999,20.041666666666668,123.87083333333334
2023-12-09,33.1375,41.8,25.5,21:00:00,03:00:00,7.75,16.0,2.0,15:00:00,20:00:00,2.4166666666666665,3.0,2.0,07:00:00,16:00:00,23.791666666666668,30.4,18.4,00:00:00,13:00:00,26.866666666666664,32.4,20.1,01:00:00,13:00:00,26.46475694444444,29.06145833333333,4,1,1,1,4,2,2.75,1.5,4.6,0.2416666666666666,94.41666666666669,1.9375,0.5,0.5,1017.975,999.8875,94.66666666666669,0.3,0.0433333333333333,7.7,10.9,262.5,269.1666666666667,15.8,3.841666666666667,4.625,0.3861666666666667,0.3835833333333333,29.291666666666668,1.4166666666666667,27.875,5.841666666666666,29.291666666666668,123.1375
2023-12-10,29.925,53.6,18.2,22:00:00,04:00:00,8.75,20.0,0.0,13:00:00,22:00:00,3.2541666666666664,4.7,2.1,16:00:00,01:00:00,22.59166666666667,28.6,19.1,23:00:00,16:00:00,24.820833333333336,29.9,20.2,23:00:00,16:00:00,23.04340277777777,25.742708333333336,3,1,1,1,3,2,4.116666666666666,0.8,9.2,0.8666666666666667,91.70833333333331,2.8083333333333336,2.1,2.1,1015.7208333333332,997.7583333333332,44.958333333333336,0.6,0.0795833333333333,16.5,31.3,247.125,254.54166666666663,28.1,4.4125000000000005,5.120833333333334,0.3889583333333333,0.3847916666666666,69.45833333333333,46.625,22.83333333333333,167.04583333333332,69.45833333333333,122.44583333333333
2023-12-11,37.46666666666667,54.2,25.7,23:00:00,05:00:00,2.75,9.0,0.0,13:00:00,02:00:00,3.1166666666666667,6.0,2.0,23:00:00,04:00:00,32.05833333333333,40.3,27.1,21:00:00,00:00:00,38.375,45.6,29.7,21:00:00,00:00:00,26.865625,31.14045138888889,4,1,1,1,4,2,4.479166666666667,2.4,6.8,2.395833333333333,95.83333333333331,3.8375,0.0,0.0,1014.1791666666668,996.2791666666668,82.375,0.4,0.0383333333333333,9.5,16.2,184.16666666666663,205.83333333333331,16.6,5.258333333333334,5.745833333333334,0.3797916666666667,0.382125,41.375,10.541666666666666,30.83333333333333,35.858333333333334,41.375,121.80416666666667
2023-12-12,48.8125,55.4,42.1,15:00:00,07:00:00,1.2916666666666667,7.0,0.0,14:00:00,00:00:00,3.4625,4.1,2.9,00:00:00,02:00:00,34.916666666666664,38.2,28.6,21:00:00,07:00:00,38.2375,42.4,32.8,22:00:00,07:00:00,33.84392361111111,38.46215277777778,4,2,1,1,4,2,4.1000000000000005,2.1,6.5,2.029166666666667,97.29166666666669,3.704166666666667,1.0,1.0,1012.9666666666668,995.0625,100.0,0.33,0.0245833333333333,7.1,9.1,268.6666666666667,228.625,17.3,5.566666666666666,5.979166666666667,0.3797916666666667,0.3830833333333334,33.75,2.9166666666666665,30.83333333333333,10.895833333333334,33.75,121.2375
2023-12-13,43.21666666666667,48.6,37.2,16:00:00,23:00:00,1.3333333333333333,6.0,0.0,13:00:00,01:00:00,3.954166666666667,5.5,3.1,22:00:00,06:00:00,31.775,39.0,27.6,20:00:00,03:00:00,31.854166666666668,41.9,23.0,20:00:00,06:00:00,32.80277777777778,34.308680555555554,4,2,1,1,4,2,6.408333333333334,5.5,9.0,4.716666666666667,95.54166666666669,5.720833333333334,4.4,4.4,1003.4833333333332,985.9,86.08333333333333,0.36,0.0470833333333333,7.9,14.8,250.66666666666663,215.41666666666663,13.7,6.729166666666667,6.804166666666667,0.3987083333333334,0.3859583333333333,30.33333333333333,3.625,26.70833333333333,13.683333333333332,30.33333333333333,120.7
2023-12-14,34.4625,45.2,27.1,19:00:00,13:00:00,4.916666666666667,16.0,0.0,14:00:00,01:00:00,3.35,4.1,2.8,12:00:00,05:00:00,28.504166666666663,35.0,24.1,00:00:00,06:00:00,38.8125,49.8,33.6,20:00:00,06:00:00,30.836631944444445,35.68993055555556,4,1,1,1,4,2,6.1375,3.3,9.9,3.7,90.08333333333331,4.520833333333333,0.0,0.0,1011.7833333333332,994.0208333333334,49.958333333333336,0.57,0.09375,15.3,27.4,258.9166666666667,296.125,20.9,6.6625000000000005,7.191666666666666,0.3962916666666667,0.397125,54.54166666666666,29.541666666666668,25.0,105.88333333333333,54.54166666666666,120.22916666666669
2023-12-15,40.87083333333333,65.3,27.2,20:00:00,04:00:00,7.791666666666667,29.0,0.0,13:00:00,08:00:00,3.2875,4.9,2.4,22:00:00,02:00:00,25.53333333333333,45.1,11.1,22:00:00,13:00:00,32.300000000000004,59.0,13.1,22:00:00,14:00:00,25.446875,34.63559027777778,4,2,1,1,4,2,5.558333333333334,0.3,13.1,2.0791666666666666,64.75,-0.75,0.0,0.0,1027.6041666666667,1009.525,3.083333333333333,1.14,0.35125,12.7,26.9,125.16666666666669,102.5,20.9,4.291666666666667,5.625,0.3899999999999999,0.3934583333333333,73.54166666666667,57.41666666666666,16.125,209.0583333333333,73.54166666666667,119.80416666666667
2023-12-16,43.92083333333333,61.6,34.9,20:00:00,05:00:00,5.541666666666667,27.0,0.0,14:00:00,02:00:00,3.5083333333333333,5.0,2.5,20:00:00,05:00:00,26.954166666666666,36.6,21.9,00:00:00,07:00:00,34.80833333333333,49.3,29.6,01:00:00,07:00:00,28.131944444444443,36.01510416666667,4,2,1,1,4,2,2.4166666666666665,-0.7,7.0,-0.475,86.54166666666667,0.3625,0.0,0.0,1038.6875,1020.2166666666668,7.958333333333333,0.56,0.1029166666666666,9.5,23.6,108.95833333333331,99.33333333333331,16.6,3.5875,4.979166666666667,0.3807916666666666,0.3872916666666666,63.833333333333336,42.16666666666666,21.666666666666668,155.07916666666668,63.833333333333336,119.4375
2023-12-17,36.42916666666667,49.1,28.6,00:00:00,14:00:00,4.583333333333333,21.0,0.0,14:00:00,00:00:00,3.3083333333333336,4.3,2.3,12:00:00,05:00:00,36.04583333333333,45.9,29.8,21:00:00,15:00:00,40.98333333333333,50.0,34.3,23:00:00,14:00:00,30.870833333333334,36.68159722222222,4,1,1,1,4,2,1.2541666666666669,-1.6,7.0,-1.85,92.41666666666669,0.1416666666666666,0.0,0.0,1040.475,1021.8958333333334,13.708333333333334,0.49,0.0579166666666666,10.2,19.4,264.4166666666667,239.95833333333331,19.4,2.583333333333333,4.066666666666666,0.3750416666666666,0.3817083333333333,65.16666666666667,44.0,21.166666666666668,161.125,65.16666666666667,119.12083333333334
2023-12-18,43.225,57.8,29.3,19:00:00,04:00:00,3.875,15.0,0.0,14:00:00,03:00:00,4.075,5.2,2.8,16:00:00,03:00:00,50.16666666666666,58.3,40.7,23:00:00,16:00:00,57.75,73.5,48.3,22:00:00,16:00:00,43.81614583333334,49.215798611111104,4,2,1,1,4,3,1.6583333333333332,-1.8,8.5,-1.3708333333333331,93.79166666666669,0.7083333333333334,0.0,0.0,1035.15,1016.6875,37.833333333333336,0.49,0.055,9.6,18.7,281.4583333333333,276.5,16.9,3.0541666666666667,3.925,0.373125,0.3777083333333333,62.91666666666666,40.125,22.791666666666668,143.93333333333334,62.91666666666666,118.87083333333334
2023-12-19,55.55416666666667,73.1,40.0,17:00:00,06:00:00,3.333333333333333,14.0,0.0,15:00:00,00:00:00,5.558333333333334,6.9,3.9,19:00:00,00:00:00,49.57916666666667,63.3,36.0,01:00:00,16:00:00,57.28333333333333,78.5,44.1,01:00:00,15:00:00,50.6953125,59.191319444444446,5,2,1,1,5,4,3.1125000000000003,-0.7,10.4,0.2625,89.625,1.4291666666666665,0.0,0.0,1025.8833333333334,1007.6791666666668,4.666666666666667,0.67,0.1033333333333333,10.5,17.3,288.5833333333333,279.7916666666667,17.3,3.720833333333333,4.4750000000000005,0.3718333333333333,0.3750416666666666,72.91666666666667,56.79166666666666,16.125,208.2125,72.91666666666667,118.67083333333332
2023-12-20,50.9,63.1,43.9,00:00:00,13:00:00,3.5,15.0,0.0,14:00:00,00:00:00,5.658333333333334,6.9,4.2,01:00:00,15:00:00,48.333333333333336,70.9,30.8,01:00:00,12:00:00,57.13333333333333,76.0,41.2,01:00:00,12:00:00,49.46753472222222,57.30243055555556,4,2,1,1,4,4,3.954166666666667,0.3,9.4,1.1041666666666667,87.125,1.85,0.0,0.0,1014.6125,996.6666666666666,40.833333333333336,0.61,0.12625,12.3,23.6,224.70833333333331,215.54166666666663,20.5,3.829166666666667,4.741666666666666,0.3685416666666667,0.3723749999999999,58.0,31.041666666666668,26.95833333333333,114.51666666666668,58.0,118.52916666666664
2023-12-21,48.80416666666667,62.2,35.0,17:00:00,04:00:00,3.0,10.0,1.0,13:00:00,00:00:00,4.8125,6.9,3.1,18:00:00,05:00:00,45.525,57.8,34.3,02:00:00,14:00:00,56.14166666666667,78.6,41.7,01:00:00,14:00:00,46.75885416666666,57.63784722222223,4,2,1,1,4,4,3.466666666666667,0.3,8.2,0.3125,85.91666666666667,1.125,0.0,0.0,1010.5166666666668,992.6041666666666,65.20833333333333,0.67,0.1279166666666666,16.2,32.0,280.4166666666667,272.375,25.9,4.108333333333333,4.770833333333333,0.3680416666666666,0.370625,55.0,25.666666666666668,29.33333333333333,91.29583333333332,55.0,118.45416666666668
2023-12-22,36.375,64.5,17.2,20:00:00,15:00:00,28.08333333333333,67.0,2.0,14:00:00,02:00:00,3.1166666666666667,5.3,1.9,21:00:00,09:00:00,17.150000000000002,40.8,9.2,00:00:00,11:00:00,20.116666666666667,47.4,10.5,00:00:00,15:00:00,30.39340277777778,36.70954861111111,4,1,1,1,4,2,9.004166666666666,2.9,15.8,5.3500000000000005,60.625,1.4666666666666668,0.0,0.0,1003.6583333333332,986.2208333333332,57.79166666666666,1.5,0.4945833333333334,16.9,33.8,284.5833333333333,296.5416666666667,28.1,6.7250000000000005,6.025,0.356375,0.3682499999999999,53.375,26.5,26.875,98.36666666666667,53.375,118.47083333333336
2023-12-23,37.25416666666667,50.5,26.9,19:00:00,05:00:00,18.291666666666668,41.0,3.0,14:00:00,09:00:00,3.970833333333333,5.3,2.3,10:00:00,03:00:00,16.858333333333334,22.0,13.9,23:00:00,15:00:00,20.683333333333334,26.9,16.7,23:00:00,15:00:00,15.918229166666668,18.955902777777776,2,1,1,1,2,1,9.0375,4.9,16.9,5.683333333333334,70.41666666666667,3.745833333333333,0.0,0.0,1009.0875,991.55,32.375,1.31,0.3725,17.9,37.2,257.0833333333333,267.2916666666667,33.5,8.125,7.595833333333334,0.3366666666666666,0.3620833333333333,69.45833333333333,52.0,17.458333333333332,189.25,69.45833333333333,118.55
2023-12-24,24.425,39.0,17.1,00:00:00,06:00:00,31.166666666666668,51.0,11.0,15:00:00,00:00:00,3.283333333333333,4.6,2.1,17:00:00,23:00:00,13.4125,21.1,10.6,00:00:00,15:00:00,19.04583333333333,26.7,15.7,00:00:00,15:00:00,15.721875,20.86319444444445,2,1,1,1,2,2,8.520833333333334,5.1,14.2,4.5,75.75,4.3500000000000005,0.0,0.0,1014.0416666666666,996.3875,5.916666666666667,1.25,0.2808333333333333,22.3,42.5,267.5416666666667,261.3333333333333,37.4,8.366666666666667,8.174999999999999,0.335,0.3567916666666666,72.75,56.25,16.5,206.1833333333333,72.75,118.67916666666667
2023-12-25,29.25,46.6,18.0,22:00:00,04:00:00,17.958333333333332,41.0,1.0,14:00:00,21:00:00,2.8625000000000003,3.6,1.9,12:00:00,01:00:00,21.266666666666666,32.6,9.7,23:00:00,00:00:00,28.175,39.8,16.0,23:00:00,00:00:00,15.731423611111111,21.590972222222224,2,1,1,1,2,2,7.745833333333334,4.6,12.3,5.658333333333334,91.16666666666669,6.320833333333333,0.0,0.0,1018.0041666666666,1000.2333333333332,38.91666666666666,0.62,0.105,16.9,32.7,244.20833333333331,256.0833333333333,28.4,8.033333333333333,8.229166666666666,0.33125,0.3522083333333333,59.04166666666666,33.208333333333336,25.83333333333333,124.10416666666669,59.04166666666666,118.87916666666666
2023-12-26,36.5375,49.1,21.0,22:00:00,15:00:00,6.541666666666667,32.0,0.0,15:00:00,03:00:00,2.833333333333333,4.2,2.0,22:00:00,13:00:00,36.333333333333336,48.5,24.6,09:00:00,14:00:00,38.766666666666666,48.1,30.3,08:00:00,15:00:00,30.87152777777777,35.23663194444445,4,1,1,1,4,2,7.587499999999999,4.2,12.1,5.804166666666667,91.08333333333331,6.120833333333334,0.0,0.0,1020.6458333333334,1002.8208333333332,67.25,0.5,0.1079166666666666,10.5,14.0,225.375,293.0833333333333,19.4,7.975,8.166666666666666,0.3302083333333334,0.3486666666666666,36.54166666666666,7.333333333333333,29.20833333333333,27.6375,36.54166666666666,119.13333333333334
2023-12-27,38.34166666666667,49.3,25.9,20:00:00,13:00:00,3.583333333333333,17.0,0.0,13:00:00,01:00:00,2.9416666666666664,4.2,2.0,09:00:00,07:00:00,36.82083333333333,47.6,23.3,23:00:00,13:00:00,45.125,55.3,29.2,21:00:00,12:00:00,36.530902777777776,42.0359375,4,1,1,1,4,3,7.3125,4.5,10.9,5.520833333333333,89.45833333333333,5.625,0.0,0.0,1026.2458333333334,1008.3125,84.625,0.47,0.1179166666666666,8.3,13.7,257.2916666666667,251.04166666666663,16.9,7.441666666666666,7.820833333333333,0.33575,0.3464583333333333,37.625,11.166666666666666,26.45833333333333,44.15833333333333,37.625,119.45
2023-12-28,38.65,46.8,30.5,16:00:00,07:00:00,0.9583333333333334,4.0,0.0,11:00:00,00:00:00,3.2125,4.0,2.8,18:00:00,11:00:00,39.22083333333333,52.8,32.3,01:00:00,18:00:00,46.72083333333333,58.3,42.2,02:00:00,15:00:00,38.868229166666666,46.77170138888889,4,1,1,1,4,3,7.524999999999999,5.6,9.4,5.8,89.29166666666667,5.879166666666666,0.5,0.5,1026.9916666666666,1009.0583333333334,96.83333333333331,0.31,0.1116666666666666,7.6,12.3,287.0,292.2916666666667,12.2,7.9375,8.179166666666665,0.3462083333333333,0.3463333333333333,20.166666666666668,2.958333333333333,17.208333333333332,10.320833333333333,20.166666666666668,119.80416666666667
2023-12-29,47.9625,56.5,38.9,21:00:00,06:00:00,0.8333333333333334,3.0,0.0,14:00:00,00:00:00,3.825,5.5,2.7,21:00:00,16:00:00,40.81666666666667,45.1,36.3,23:00:00,05:00:00,44.525,50.6,38.8,00:00:00,05:00:00,38.61197916666666,44.42118055555556,4,2,1,1,4,3,7.633333333333333,6.0,9.9,5.841666666666666,84.75,5.191666666666666,0.0,0.0,1023.1791666666668,1005.325,98.08333333333331,0.39,0.16375,6.4,12.0,258.5833333333333,261.9166666666667,12.2,8.0625,8.25,0.3466249999999999,0.3475416666666666,24.08333333333333,3.333333333333333,20.75,9.720833333333331,24.08333333333333,120.2375
2023-12-30,39.74166666666667,55.1,32.0,20:00:00,12:00:00,2.708333333333333,13.0,0.0,13:00:00,00:00:00,3.3125,3.9,2.6,00:00:00,23:00:00,42.775,57.5,34.0,02:00:00,18:00:00,45.39166666666667,50.2,40.2,23:00:00,17:00:00,43.03854166666667,45.83402777777778,4,1,1,1,4,3,6.329166666666667,1.7,10.0,4.241666666666666,86.83333333333333,4.2,0.1,0.1,1021.1791666666668,1003.2708333333334,49.91666666666666,0.6,0.1404166666666666,8.4,17.3,225.45833333333331,221.45833333333331,13.7,7.6,8.195833333333333,0.3432083333333333,0.3475,64.04166666666667,43.5,20.541666666666668,154.3125,64.04166666666667,120.71666666666668
2023-12-31,33.737500000000004,42.6,26.4,00:00:00,18:00:00,2.7916666666666665,8.0,0.0,16:00:00,00:00:00,2.1958333333333333,3.0,1.5,09:00:00,16:00:00,36.61666666666667,51.2,27.8,01:00:00,23:00:00,42.2875,57.1,32.1,01:00:00,21:00:00,40.56423611111111,45.294270833333336,4,1,1,1,4,3,7.05,6.3,7.6,5.345833333333334,96.0,6.441666666666666,9.5,9.5,1015.6541666666668,997.8875,96.75,0.2,0.0404166666666666,9.7,15.9,98.25,101.70833333333331,18.4,7.5625,8.204166666666667,0.3688333333333333,0.3491666666666666,9.958333333333334,0.0416666666666666,9.916666666666666,0.2458333333333333,9.958333333333334,121.24583333333334
